title,release_date,price,game_url,genres
AION 2,"5 Oct, 2026",Free,https://store.steampowered.com/app/3393110/AION_2/?snr=1_7_7_popularcomingsoon_150_1,Sem gênero
Clive Barker's Hellraiser: Revival,"8 Oct, 2026","R$149,90",https://store.steampowered.com/app/1551980/Clive_Barkers_Hellraiser_Revival/?snr=1_7_7_popularcomingsoon_150_1,"Violência Detalhada, Ação, Terror, Conteúdo Sexual, Nudez, Atmosférico, Aventura, Primeira Pessoa, Sombrio, Demônios, Violento, Terror Psicológico, Um Jogador, Terror de Sobrevivência, Quebra-Cabeça, Boa Trama, Surrealista, Sobrevivência, Simulador de Caminhada, Tiro em Primeira Pessoa (FPS)"
Permafrost,"9 Oct, 2026",Indefinido,https://store.steampowered.com/app/2254990/Permafrost/?snr=1_7_7_popularcomingsoon_150_1,"Acesso Antecipado, Cooperativo On-line, Sobrevivência em Mundo Aberto, Sobrevivência, Exploração, Fabricação, Construção, Ação, Multijogador, Pós-Apocalíptico, Cooperativo, Mundo Aberto, Ação / Aventura, Terceira Pessoa, Aventura, Atmosférico, Natureza, Construção de Bases, Neve, Saques"
Gears of War: E-Day,"6 Oct, 2026","R$299,00",https://store.steampowered.com/app/3010850/Gears_of_War_EDay/?snr=1_7_7_popularcomingsoon_150_1,Sem gênero
STAR WARS: Galactic Racer™,"6 Oct, 2026","R$229,90",https://store.steampowered.com/app/4078430/STAR_WARS_Galactic_Racer/?snr=1_7_7_popularcomingsoon_150_1,"Corrida, Aventura, Multijogador, Cinematográfico, Competitivo, Um Jogador, Roguelike, Ação, Jogador x Jogador (PvP), Direção, Você Decide, Atmosférico, Alta Rejogabilidade, Controle, Ficção Científica, Multijogador Assíncrono, Esportes, Corrida com Combate, Combate com Veículos, Destruição"
Total War: SHOGUN 2 - Complete Edition,"13 Oct, 2026",Indefinido,https://store.steampowered.com/app/3846830/Total_War_SHOGUN_2__Complete_Edition/?snr=1_7_7_popularcomingsoon_150_1,Sem gênero
Castlevania: Belmont's Curse,"14 Oct, 2026","R$169,90",https://store.steampowered.com/app/4231820/Castlevania_Belmonts_Curse/?snr=1_7_7_popularcomingsoon_150_1,Sem gênero
Scam With Your Friends,October 2026,Indefinido,https://store.steampowered.com/app/4954910/Scam_With_Your_Friends/?snr=1_7_7_popularcomingsoon_150_1,"Acesso Antecipado, Cooperativo On-line, Inteligência Artificial, Controle por Voz, Simulador de Emprego, Humor Pesado, Simulação, Cooperativo, Rico em Diálogos, Crime, Hacker, Comédia, Campanha Cooperativa, Reúna a Galera, Engraçado, Gerenciamento de Tempo, Protagonista Vilão, Morte Permanente, Geração Procedural, Compatível com Mods"
PAPERHEAD,"9 Oct, 2026",Indefinido,https://store.steampowered.com/app/2680280/PAPERHEAD/?snr=1_7_7_popularcomingsoon_150_1,"Tiro em Primeira Pessoa (FPS), Ritmo Rápido, Violência Detalhada, Tiro de Tiozão, Um Jogador, Primeira Pessoa, Ação, Violento, Tiro, Cartunizado, Terror, Indie, Trilha Sonora, Retrô, Velha-Guarda, Tiro em Arena, Atmosférico, Sombrio, Anos 90, Ação / Aventura"
Forever Ago,"8 Oct, 2026",Indefinido,https://store.steampowered.com/app/1215940/Forever_Ago/?snr=1_7_7_popularcomingsoon_150_1,"Aventura, Indie, Boa Trama, Exploração, Atmosférico, Um Jogador, Simulador de Caminhada, Casual, Curta-Metragem, Terceira Pessoa, Trilha Sonora Boa"
over the hill,"14 Oct, 2026",Indefinido,https://store.steampowered.com/app/2929250/over_the_hill/?snr=1_7_7_popularcomingsoon_150_1,"Direção, Cooperativo, Multijogador, Aventura, Estrada de Terra, Mundo Aberto, Corrida, Relaxante, Minimalista, Esportes, Indie, Exploração, Um Jogador, Atmosférico, Natureza, Simulação, Casual, Simulador Automobilístico, Controle, Cooperativo On-line"
Japanese Ramen Simulator,October 2026,Indefinido,https://store.steampowered.com/app/4968640/Japanese_Ramen_Simulator/?snr=1_7_7_popularcomingsoon_150_1,"Simulação, Culinária, Cooperativo On-line, Realístico, 3D, Tiro em Primeira Pessoa (FPS), Compatível com Mods, Faça o que Quiser, Multijogador, Controle, Multijogador Assíncrono, Atmosférico, Tutorial, Simulador Imersivo, Cooperativo, Gerenciamento de Recursos, Um Jogador, Fabricação, Indie, Acesso Antecipado"
Tunnel Escape Fates Entwined,"2 Oct, 2026",Indefinido,https://store.steampowered.com/app/4285110/Tunnel_Escape_Fates_Entwined/?snr=1_7_7_popularcomingsoon_150_1,"Ação, Aventura, RPG, Anime, Conteúdo Sexual, Hentai, Roguelike, Zumbis, Sombrio, Pós-Apocalíptico, Roguelike de Ação, RPG de Ação, JRPG, Exploração, 2D, Combate em Turnos, Sobrevivência, Um Jogador, Protagonista Mulher, Cartunizado"
Planet Zoo 2,"13 Oct, 2026","R$154,99",https://store.steampowered.com/app/3219030/Planet_Zoo_2/?snr=1_7_7_popularcomingsoon_150_1,"Simulação, Estratégia, Casual, Faça o que Quiser, Construção de Cidades, Construção, Fofo, Zoológico, Animais, Gerenciamento, Realístico, Para Toda a Família, Economia, Natureza, Relaxante, Engraçado, Multijogador, Mundo Aberto, Um Jogador, Gerenciamento de Recursos"
Probably Stolen - Cyberpunk Shopkeeper Sim,"28 Oct, 2026",Indefinido,https://store.steampowered.com/app/4348910/Probably_Stolen__Cyberpunk_Shopkeeper_Sim/?snr=1_7_7_popularcomingsoon_150_1,"Gerenciamento de Lojas, Simulação, Troca, Gerenciamento, Fabricação, Cyberpunk, Simulador de Emprego, Economia, Gerenciamento de Inventário, Você Decide, Boa Trama, Gerenciamento de Recursos, RPG, Ficção Científica, Crime, Vários Finais, Capitalismo, Distópico, Gráficos Pixelados, Um Jogador"
Invokyr,"8 Oct, 2026",Indefinido,https://store.steampowered.com/app/3883570/Invokyr/?snr=1_7_7_popularcomingsoon_150_1,"Acesso Antecipado, Terror, Cooperativo On-line, Cooperativo, Terror de Sobrevivência, Primeira Pessoa, Multijogador, Terror Psicológico, Exploração, Jogo de Tabuleiro, Sobrenatural, Humor Pesado, Mistério, Aventura, Ação / Aventura, Sobrevivência, Dados, Sombrio, Atmosférico, Indie"
Phantom Blade Zero,"28 Oct, 2026","R$229,90",https://store.steampowered.com/app/4115450/Phantom_Blade_Zero/?snr=1_7_7_popularcomingsoon_150_1,"RPG de Ação, Artes Marciais, Ação, Wuxia, Fantasia Sombria, Soulslike, RPG, Hack and Slash, Terceira Pessoa, Um Jogador, Boa Trama, Cinematográfico, Combate, Ritmo Rápido, Violento, Enredo Rico, 3D, Vários Finais, Atmosférico, Assassinos"
Silver Pines,"8 Oct, 2026","R$61,19",https://store.steampowered.com/app/2333000/Silver_Pines/?snr=1_7_7_popularcomingsoon_150_1,"Exploração, Terror, Metroidvania, 2,5D, Terror de Sobrevivência, Câmera Lateral, Ação / Aventura, Gerenciamento de Inventário, Anos 90, Noir, Narração Dinâmica, Terror Psicológico, Mundo Aberto, Ação, Boa Trama, Desenhado à Mão, Atmosférico, Mistério, Aventura, Combate"
Valor Mortis,"13 Oct, 2026",Indefinido,https://store.steampowered.com/app/2828710/Valor_Mortis/?snr=1_7_7_popularcomingsoon_150_1,Sem gênero
Mycopsychosys: Project Jupiter,"5 Oct, 2026",Indefinido,https://store.steampowered.com/app/3785860/Mycopsychosys_Project_Jupiter/?snr=1_7_7_popularcomingsoon_150_1,"Acesso Antecipado, Indie, RPG, Terror, Aventura, Terror de Sobrevivência, Ação / Aventura, Romance Visual, Quebra-Cabeça, Gráficos Pixelados, Anos 80, Objetos Ocultos, Plataforma 2D, Ficção Científica, Plataforma com Quebra-Cabeça, 2D, Terror Psicológico, Escolha a sua Aventura, Anime, Visão Superior"
Olympus 2249,"6 Oct, 2026",Indefinido,https://store.steampowered.com/app/5094490/Olympus_2249/?snr=1_7_7_popularcomingsoon_150_1,"Acesso Antecipado, RPG, CRPG, Pós-Apocalíptico, Aventura, Isométrico, Combate em Turnos, Exploração, Ficção Científica, Enredo Rico, Você Decide, Não Linear, RPG de Estratégia, Boa Trama, Fabricação, História Alternativa, Humor Ácido, Visão Superior, Narração Dinâmica, Vários Finais"
Maid Cafe Simulator,"8 Oct, 2026",Indefinido,https://store.steampowered.com/app/3232690/Maid_Cafe_Simulator/?snr=1_7_7_popularcomingsoon_150_1,"Simulação, Romance Visual, Gerenciamento de Lojas, Gerenciamento, Rico em Diálogos, Simulador de Vida Real, Simulador Imersivo, Boa Trama, 3D, Culinária, Limpeza, Gerenciamento de Tempo, Organização, Fofo, Anime, Comédia, Cartunizado, Gerenciamento de Inventário, Gerenciamento de Recursos, Um Jogador"
Trash Day,"13 Oct, 2026",Indefinido,https://store.steampowered.com/app/3314580/Trash_Day/?snr=1_7_7_popularcomingsoon_150_1,"Aventura, Cooperativo On-line, Multijogador, Física, Engraçado, Ação, Cooperativo, 3D, Exploração, Comédia, Terceira Pessoa, Controle, Gerenciamento de Inventário, Personalização de Personagem, Animais, Um Jogador"
FINAL FANTASY RESONANCE,"22 Oct, 2026","R$219,90",https://store.steampowered.com/app/3259780/FINAL_FANTASY_RESONANCE/?snr=1_7_7_popularcomingsoon_150_1,"RPG, Combate em Turnos, Gráficos Pixelados, JRPG, 2,5D, Boa Trama, RPG de Grupos, Um Jogador, Fantasia, Exploração, Mágica, Aventura, Combate, Controle, Medieval, Em Turnos, Visão Superior, RPG Tático, Comovente"
Disney/Pixar Toy Story 3 Complete Edition,"15 Oct, 2026",Indefinido,https://store.steampowered.com/app/4049180/DisneyPixar_Toy_Story_3_Complete_Edition/?snr=1_7_7_popularcomingsoon_150_1,"Remake, Retrô, Nostalgia, Plataforma 3D, Cinematográfico, Velha-Guarda, Para Toda a Família, Exploração, Colete Tudo, Faça o que Quiser, Plataforma, Ação / Aventura, Terceira Pessoa, 3D, Engraçado, Aventura, Ação, Cooperativo, Cooperativo Local, Multijogador Local"
Dear Passengers,2026,Indefinido,https://store.steampowered.com/app/4534960/Dear_Passengers/?snr=1_7_7_popularcomingsoon_150_1,"Multijogador, Engraçado, Cooperativo On-line, Cooperativo, Comédia, Ação, Gratuito para Jogar, Aventura, Física, Primeira Pessoa, 3D, Voo, Indie, Exploração, Paródia, Atmosférico, Roguelike de Ação, Colorido, Gerenciamento de Tempo, Gerenciamento"
Witch Cabin Cleanup,"7 Oct, 2026",Indefinido,https://store.steampowered.com/app/4991240/Witch_Cabin_Cleanup/?snr=1_7_7_popularcomingsoon_150_1,"Casual, Simulação, Quebra-Cabeça, Simulador de Caminhada, Colete Tudo, Objetos Ocultos, Simulador Imersivo, 3D, Realístico, Limpeza, Atmosférico, Organização, Relaxante, Gerenciamento de Recursos, Um Jogador"
Find The Needle,Q4 2026,Indefinido,https://store.steampowered.com/app/5160800/Find_The_Needle/?snr=1_7_7_popularcomingsoon_150_1,"Simulação, Automação, Incremental, Física, Construção de Bases, Casual, Gerenciamento, Multijogador, Agricultura, Progressão Ociosa, Gerenciamento de Recursos, Economia, Simulador Rural, Primeira Pessoa, Indie, Faça o que Quiser, Construção, Um Jogador, 3D, Realístico"
CRACK,"26 Oct, 2026",Indefinido,https://store.steampowered.com/app/4312190/CRACK/?snr=1_7_7_popularcomingsoon_150_1,"Aventura, Cooperativo, Incremental, Comédia, Distópico, Mistério, Simulação, Limpeza, Reúna a Galera, Atmosférico, Primeira Pessoa, Engraçado, Não Linear, 3D, Cooperativo On-line, Ficção Científica, Multijogador, Mineração, Destruição, Terror"
Escape from Playtime,"21 Oct, 2026",Indefinido,https://store.steampowered.com/app/2087540/Escape_from_Playtime/?snr=1_7_7_popularcomingsoon_150_1,"Acesso Antecipado, Cooperativo On-line, Terror de Sobrevivência, Multijogador, Terror, Cooperativo, Primeira Pessoa, Ação, Aventura, Exploração, Sombrio, Quebra-Cabeça, Cartunizado, Comédia, Furtivo, Um Jogador, Realístico, Ação / Aventura, Enredo Rico, Anos 80"
Character House -Desktop Companion-,2026,Indefinido,https://store.steampowered.com/app/4868310/Character_House_Desktop_Companion/?snr=1_7_7_popularcomingsoon_150_1,"Companheiro de Área de Trabalho, Casual, Personalização de Personagem, Simulação, Progressão Ociosa, Anime, Apontar e Clicar, Incremental, Relaxante, Compatível com Mods, Colete Tudo, Desenho Animado, Fofo, Aconchegante, Um Jogador, Utilitários, Do Bem"
Family Time,Q1 2027,Indefinido,https://store.steampowered.com/app/5072600/Family_Time/?snr=1_7_7_popularcomingsoon_150_1,"Aventura, Casual, Simulação, Fofo, Simulador de Colônias, Hentai, Simulador Rural, Faça o que Quiser, Primeira Pessoa, Aconchegante, Simulador de Vida Real, 3D, Engraçado, Indie, Exploração, Conteúdo Sexual, Cartunizado, Comovente, Simulador Imersivo, Desenho Animado"
Order of the Sinking Star,"8 Oct, 2026",Indefinido,https://store.steampowered.com/app/499170/Order_of_the_Sinking_Star/?snr=1_7_7_popularcomingsoon_150_1,"Quebra-Cabeça, Aventura, Sokoban, Exploração, 3D, Visão Superior, Fantasia, Ficção Científica, Controle, Não Linear, Narração Dinâmica, Mundo Aberto, Boa Trama, Um Jogador, Indie, Manipulação de Tempo, Movimento em Grade, Impiedoso, Surrealista, Colorido"
Call of Duty®: Modern Warfare® 4,"22 Oct, 2026","R$299,00",https://store.steampowered.com/app/4435490/Call_of_Duty_Modern_Warfare_4/?snr=1_7_7_popularcomingsoon_150_1,Sem gênero
Needle In A Haystack Simulator,Q4 2026,Indefinido,https://store.steampowered.com/app/5159870/Needle_In_A_Haystack_Simulator/?snr=1_7_7_popularcomingsoon_150_1,"Casual, Simulação, Objetos Ocultos, Organização, Faça o que Quiser, Incremental, Simulador Imersivo, 3D, Primeira Pessoa, Atmosférico, Automação, Relaxante, Tático, Física, Cooperativo On-line, Geração Procedural, Um Jogador, Cooperativo, Multijogador, Gratuito para Jogar"
Stickility,"5 Oct, 2026",Indefinido,https://store.steampowered.com/app/3419140/Stickility/?snr=1_7_7_popularcomingsoon_150_1,"Metroidvania, Exploração, Câmera Lateral, Ação / Aventura, Plataforma 2D, Parkour, Plataforma, Atmosférico, 2D, Subterrâneo, Construção de Bases, Não Linear, Ação, Colorido, Desenhado à Mão, Investigação, Aventura, Combate, Um Jogador, Indie"
Online: 404,"16 Oct, 2026",Indefinido,https://store.steampowered.com/app/4094350/Online_404/?snr=1_7_7_popularcomingsoon_150_1,"Acesso Antecipado, Sobrevivência, Cooperativo, Construção de Bases, Zumbis, Ação, Mundo Aberto, Fabricação, Terror de Sobrevivência, Primeira Pessoa, Reúna a Galera, Natureza, Objetos Ocultos, Ação / Aventura, Campanha Cooperativa, Tiro, Furtivo, Exploração, Aventura, Simulação"
Deep Dish Dungeon,"13 Oct, 2026",Indefinido,https://store.steampowered.com/app/2871520/Deep_Dish_Dungeon/?snr=1_7_7_popularcomingsoon_150_1,"Explorador de Calabouços, Cooperativo On-line, Sobrevivência, Multijogador, RPG de Ação, Exploração, Culinária, Mágica, Engraçado, Jogador X Ambiente (PvE), 3D, Terror de Sobrevivência, Fantasia, Fabricação, Construção, Metroidvania, Calabouço Misterioso, Aventura, Terror, Roguelike de Ação"
ABSOLUTELY NOTHING GOOD,"7 Oct, 2026",Indefinido,https://store.steampowered.com/app/4761550/ABSOLUTELY_NOTHING_GOOD/?snr=1_7_7_popularcomingsoon_150_1,"Gerenciamento de Lojas, Simulação, Aventura, História em Quadrinhos, Gráficos Pixelados, Terror, Terror Psicológico, Simulador de Caminhada, 3D, Primeira Pessoa, Estilizado, Anos 80, Anos 90, Atmosférico, Indie, Velha-Guarda, Retrô, Sobrenatural, Thriller, Surrealista"
Emberville,"27 Oct, 2026",Indefinido,https://store.steampowered.com/app/2295170/Emberville/?snr=1_7_7_popularcomingsoon_150_1,"Acesso Antecipado, RPG de Ação, Ação / Aventura, RPG, Gráficos Pixelados, Indie, Exploração, Jogador X Ambiente (PvE), Fantasia Sombria, Personalização de Personagem, Boa Trama, Enredo Rico, 2D, Saques, Isométrico, Visão Superior, Narrativa, Geração Procedural, Ação, Rural"
Dragon's Dogma 2: Dark Arisen Expansion,"8 Oct, 2026","R$129,00",https://store.steampowered.com/app/2593290/Dragons_Dogma_2_Dark_Arisen_Expansion/?snr=1_7_7_popularcomingsoon_150_1,Sem gênero
Hubert,"12 Oct, 2026",Indefinido,https://store.steampowered.com/app/764930/Hubert/?snr=1_7_7_popularcomingsoon_150_1,"Boa Trama, Aventura, Comovente, Atmosférico, Um Jogador, Exploração, Terceira Pessoa, Relaxante, Natureza, Simulador de Caminhada, Mistério, Cachorros, Ação, Ação / Aventura, Coleção de Criaturas, Controle, Plataforma, Quebra-Cabeça, Objetos Ocultos, Plataforma 3D"
Car Park Capital,"9 Oct, 2026",Indefinido,https://store.steampowered.com/app/3031880/Car_Park_Capital/?snr=1_7_7_popularcomingsoon_150_1,"Acesso Antecipado, Construção de Cidades, Isométrico, Capitalismo, Simulação, Simulador Automobilístico, Retrô, 2,5D, Anos 90, Gráficos Pixelados, Colorido, Construção, Construção de Bases, Gerenciamento, Economia, Velha-Guarda, Estratégia, Um Jogador, Casual, Gerenciamento de Recursos"
Truckful,"9 Oct, 2026",Indefinido,https://store.steampowered.com/app/3090810/Truckful/?snr=1_7_7_popularcomingsoon_150_1,"Direção, Ação / Aventura, Mistério, Ação, Aventura, Estrada de Terra, Exploração, 3D, Colorido, Desenhado à Mão, Fofo, Sombrio, Transportes, Investigação, Física, Gerenciamento de Inventário, Gerenciamento de Recursos, Um Jogador, Indie"
Two Point Museum: Rides & Relics,"8 Oct, 2026",Indefinido,https://store.steampowered.com/app/4511680/Two_Point_Museum_Rides__Relics/?snr=1_7_7_popularcomingsoon_150_1,"Simulação, Casual, Estratégia, Construção, Construção de Cidades, Faça o que Quiser, Simulador de Vida Real, Gerenciamento, Exploração, Cartunizado, Fofo, Economia, Isométrico, Comédia, Para Toda a Família, Engraçado, Natureza, Relaxante, Ficção Científica, Um Jogador"
Cyber Cleaner Simulator,"7 Oct, 2026",Indefinido,https://store.steampowered.com/app/3807650/Cyber_Cleaner_Simulator/?snr=1_7_7_popularcomingsoon_150_1,"Simulação, Ação, Espacial, Ficção Científica, Limpeza, Simulador Espacial, Simulador de Vida Real, Ação / Aventura, Faça o que Quiser, Um Jogador, Exploração, Simulador Imersivo, 3D, Primeira Pessoa, Construção, Boa Trama, Cyberpunk, Engraçado, Futurista, Gerenciamento"
"Warhammer 40,000: Boltgun 2","14 Oct, 2026",Indefinido,https://store.steampowered.com/app/3115160/Warhammer_40000_Boltgun_2/?snr=1_7_7_popularcomingsoon_150_1,"Ação, Tiro de Tiozão, Tiro em Primeira Pessoa (FPS), Retrô, Primeira Pessoa, Violento, Tiro, Um Jogador, Terror, Tiro em Arena, Velha-Guarda, Violência Detalhada, Anos 90, Atmosférico, Demônios, Impiedoso, Ficção Científica, Gráficos Pixelados, Arcade, Indie"
Deer Hunting - The Season 2,"2 Oct, 2026",Indefinido,https://store.steampowered.com/app/5158320/Deer_Hunting__The_Season_2/?snr=1_7_7_popularcomingsoon_150_1,"Aventura, Simulação, Esportes, 3D, Primeira Pessoa, Terceira Pessoa, Animais, ATV, Caça, Natureza, Personalização de Personagem, Mundo Aberto, Física, Um Jogador"
Gridlords,"7 Oct, 2026",Indefinido,https://store.steampowered.com/app/3768400/Gridlords/?snr=1_7_7_popularcomingsoon_150_1,"Estratégia, Batalha Automática, Tática por Turnos, 2D, Gráficos Pixelados, Construção, Fantasia, Tático, Gerenciamento, Medieval, Indie, Acesso Antecipado, Jogador x Jogador (PvP), Construção de Bases, Multijogador Assíncrono, Gerenciamento de Inventário"
Manaphore,"2 Oct, 2026",Free,https://store.steampowered.com/app/5242820/Manaphore/?snr=1_7_7_popularcomingsoon_150_1,"Apontar e Clicar, 2D, Primeira Pessoa, Simulação, Gerenciamento de Recursos, Terror de Sobrevivência, Terror, Linear, Fantasia, Mágica, Indie, Protagonista Mulher, Um Jogador"
Manaphore,2/out./2026,,https://store.steampowered.com/app/5242820/Manaphore/?snr=1_7_7_popularcomingsoon_150_2,"Apontar e Clicar, 2D, Primeira Pessoa, Simulação, Gerenciamento de Recursos, Terror de Sobrevivência, Terror, Linear, Fantasia, Mágica, Indie, Protagonista Mulher, Um Jogador"
Get To Orbit,"Oct 2, 2026",Indefinido,https://store.steampowered.com/app/5130440/Get_To_Orbit/?snr=1_7_7_popularcomingsoon_150_2,"Casual, Simulação, Educativo, Simulador Espacial, Voo, 2D, Gráficos Pixelados, Ficção Científica, Espacial, Controle, Física, Pontos, Pontos, Pontos!, Tutorial, Um Jogador"
Wisp & Willow Demo,"Oct 2, 2026",Free,https://store.steampowered.com/app/4451510/Wisp__Willow/?snr=1_7_7_popularcomingsoon_150_2,"Quebra-Cabeça, Casual, 2D, Relaxante, Isométrico, Enredo Rico, Estilizado, Boa Trama, Colorido, Faça o que Quiser, Agricultura, Lógica, Natureza, Um Jogador, Aconchegante, Indie, Simulação, Animais, Decoração"
DEEPWARD Demo,"Oct 2, 2026",Free,https://store.steampowered.com/app/5140530/DEEPWARD_Demo/?snr=1_7_7_popularcomingsoon_150_2,"Tiro de Tiozão, Combate, Ritmo Rápido, Terror, Violência Detalhada, Roguelite, Violento, Tiro, Explorador de Calabouços, Gótico, Tiro em Primeira Pessoa (FPS), Ação, Realístico, Primeira Pessoa, Atmosférico, Lovecraftiano, Enredo Rico, Demônios, Alienígenas, Zumbis"
Sweet Boom Demo,"Oct 2, 2026",Free,https://store.steampowered.com/app/3830070/Sweet_Boom/?snr=1_7_7_popularcomingsoon_150_2,"Acesso Antecipado, Escolha a sua Aventura, Ação / Aventura, Morte Permanente, Personalização de Personagem, Terceira Pessoa, Relaxante, Casual, Aventura, Ação, Roguelike, Roguelike de Ação, Soulslike, Inferno de Balas, Roguelike Tradicional, Roguelite, Colorido, Sobrevivência, Espacial, Comédia"
Gear.Club Unlimited 3,"Oct 8, 2026",Indefinido,https://store.steampowered.com/app/3659460/GearClub_Unlimited_3/?snr=1_7_7_popularcomingsoon_150_2,"Corrida, Esportes, Simulação, Competitivo, Simulador Automobilístico, 3D, Realístico, Um Jogador"
Slot Siege Demo,"Oct 2, 2026",Free,https://store.steampowered.com/app/4301510/Slot_Siege/?snr=1_7_7_popularcomingsoon_150_2,"Estratégia, Ação, Defesa de Torres, Tiro em Primeira Pessoa (FPS), Hack and Slash, 3D, Primeira Pessoa, Construção, Fantasia, Sobrevivência, Combate, Jogador X Ambiente (PvE), Multijogador, Um Jogador, Multijogador Assíncrono, Cooperativo On-line"
Factorized,"Oct 2, 2026",Free,https://store.steampowered.com/app/5230410/Factorized/?snr=1_7_7_popularcomingsoon_150_2,"2D, Ação, Tiro, Robôs, Mandando Bala, Combate, Plataforma 2D, Plataforma, Inferno de Balas, Controle, Câmera Lateral, Gratuito para Jogar, Indie, Cartunizado, Linear, Vários Finais, Jogador X Ambiente (PvE), Um Jogador"
Eris One Stand Demo,"Oct 2, 2026",Free,https://store.steampowered.com/app/4950660/Eris_One_Stand/?snr=1_7_7_popularcomingsoon_150_2,"Mandando Bala, Roguelike de Ação, Inferno de Balas, Arcade, SHMUP com Visão Superior, Roguelike, Alta Rejogabilidade, Morte Permanente, Jogador X Ambiente (PvE), Cooperativo On-line, Espacial, Ficção Científica, Tiro, Cooperativo, Multijogador, Um Jogador, Visão Superior, Colorido, Ação, Estilizado"
Babel Legacy,"Oct 7, 2026",Indefinido,https://store.steampowered.com/app/4699770/Babel_Legacy/?snr=1_7_7_popularcomingsoon_150_2,"Casual, Estratégia, Indie, Incremental, Simulação, Progressão Ociosa, Relaxante, 2D, Arcade, Colorido, Um Jogador, Gerenciamento de Recursos, Visão Superior, Mineração, Gráficos Pixelados, Fantasia, Construção de Cidades, Gerenciamento, Economia, Simulador de Colônias"
Clash of Crests Demo,"Oct 2, 2026",Free,https://store.steampowered.com/app/4600990/Clash_of_Crests/?snr=1_7_7_popularcomingsoon_150_2,"Acesso Antecipado, Aventura, Casual, Estratégia, Estratégia em Turnos, Batalha com Cartas, RPG Tático, Tática por Turnos, Jogo de Guerra, 2D, 3D, Colorido, Visão Superior, História Alternativa, Histórico, Gerenciamento, Medieval, Guerra, Inteligência Artificial, Personalização de Personagem"
Tenebris Somnia,"Oct 16, 2026",Indefinido,https://store.steampowered.com/app/2121510/Tenebris_Somnia/?snr=1_7_7_popularcomingsoon_150_2,"Terror de Sobrevivência, Aventura, Gráficos Pixelados, Cinematográfico, Terceira Pessoa, Anos 80, Atmosférico, Protagonista Mulher, Terror, Boa Trama, Quebra-Cabeça, Velha-Guarda, 2D, Exploração, FMV, Um Jogador, Sombrio, Retrô, Terror Psicológico, Apontar e Clicar"
Rorasuketo,"Oct 3, 2026",Indefinido,https://store.steampowered.com/app/4401480/Rorasuketo/?snr=1_7_7_popularcomingsoon_150_2,"JRPG, Patinação (e Skate), Rico em Diálogos, Boa Trama, Casual, RPG, Eventos Rápidos, Simulador de Encontros, Comovente, Protagonista Mulher, Você Decide, Vários Finais, Indie, 2D, Um Jogador"
Long March,"Oct 3, 2026",Free,https://store.steampowered.com/app/5206450/Long_March/?snr=1_7_7_popularcomingsoon_150_2,"Estratégia, Tática em Tempo Real, Ação, Defesa de Torres, Jogador X Ambiente (PvE), 2D, Visão Superior, Linear, Gráficos Pixelados, Estilizado, Gratuito para Jogar, Para Toda a Família, Guerra, Um Jogador, Curta-Metragem"
The Witch's Bakery,"Oct 14, 2026",Indefinido,https://store.steampowered.com/app/2967950/The_Witchs_Bakery/?snr=1_7_7_popularcomingsoon_150_2,"Aconchegante, Boa Trama, 2D, Mágica, Aventura, Desenhado à Mão, RPG, Protagonista Mulher, Comovente, Romance Visual, Do Bem, Relaxante, LGBTQIA+, Colorido, Culinária, Anime, Indie, Fofo, Fantasia, Um Jogador"
Meteor Raiders,"Oct 3, 2026",Indefinido,https://store.steampowered.com/app/3212940/Meteor_Raiders/?snr=1_7_7_popularcomingsoon_150_2,"Acesso Antecipado, Roguelike de Ação, Indie, Inferno de Balas, Gráficos Pixelados, Um Jogador, Roguelite, Casual, 2D, Arcade, Roguelike, RPG, Controle, Retrô, Pontos, Pontos, Pontos!, RPG de Ação, Anos 80, Tiro, Fofo, Mandando Bala"
Zombie Lab Demo,"Oct 2, 2026",Free,https://store.steampowered.com/app/5182900/Zombie_Lab/?snr=1_7_7_popularcomingsoon_150_2,"Casual, Simulação, Apontar e Clicar, Faça o que Quiser, Tiro em Primeira Pessoa (FPS), Simulador Imersivo, 3D, Primeira Pessoa, Sombrio, Humor Ácido, Gerenciamento, Indie, Acesso Antecipado, Zumbis, Personalização de Personagem, Você Decide, Física, Um Jogador"
War Of The Worlds Trilogy Demo,"Oct 3, 2026",Free,https://store.steampowered.com/app/5334630/War_Of_The_Worlds_Trilogy_Demo/?snr=1_7_7_popularcomingsoon_150_2,"Ação, RPG, Simulação, Estratégia, RPG de Ação, Ação / Aventura, Construção de Cidades, Faça o que Quiser, RPG de Estratégia, Roguelike de Ação, Tiro em Primeira Pessoa (FPS), Tática em Tempo Real, Roguelite, RPG Tático, Jogo de Guerra, 3D, Primeira Pessoa, Terceira Pessoa, Alienígenas, Construção"
Nomad Drive,"Oct 20, 2026",Indefinido,https://store.steampowered.com/app/2223980/Nomad_Drive/?snr=1_7_7_popularcomingsoon_150_2,"Acesso Antecipado, Direção, Multijogador, Simulador Automobilístico, Realístico, Sobrevivência, Simulação, Geração Procedural, Exploração, Pós-Apocalíptico, Fabricação, Aventura, Escolha a sua Aventura, Faça o que Quiser, Construção de Bases, Atmosférico, Física, Primeira Pessoa, Gerenciamento, Culinária"
Demon General Kristen,"Oct 8, 2026",Indefinido,https://store.steampowered.com/app/4112840/Demon_General_Kristen/?snr=1_7_7_popularcomingsoon_150_2,"Conteúdo Sexual, RPG, Nudez, Hentai, Casual, Protagonista Mulher, JRPG, Exploração, Explorador de Calabouços, 2D, Anime, Medieval, Fantasia, Mágica, Combate em Turnos, Um Jogador, Indie, Desenhado à Mão, Colorido, Ficção Científica"
Uppercute,"Oct 5, 2026",Indefinido,https://store.steampowered.com/app/3151660/Uppercute/?snr=1_7_7_popularcomingsoon_150_2,"Ação, Plataforma, Corredor, Estilizado, Ficção Científica, Um Jogador, Plataforma 3D, Protagonista Mulher, Indie, Luta, Colete Tudo, Plataforma de Precisão, 3D, Colorido, Fofo, Terceira Pessoa, Cyberpunk, Mistério, Robôs, Combate"
Horde Arena,"Oct 7, 2026",Indefinido,https://store.steampowered.com/app/3561610/Horde_Arena/?snr=1_7_7_popularcomingsoon_150_2,"Cooperativo, Cooperativo On-line, Multijogador, Jogador X Ambiente (PvE), Ação, Tiro, Tiro em Terceira Pessoa, Roguelite, Roguelike, 3D, Terceira Pessoa, Sobrevivência, Fantasia Sombria, Terror de Sobrevivência, Robôs, Combate, Ficção Científica, Um Jogador, Violento, Indie"
Wildaria,"Oct 8, 2026",Indefinido,https://store.steampowered.com/app/1965550/Wildaria/?snr=1_7_7_popularcomingsoon_150_2,"Acesso Antecipado, Coleção de Criaturas, Gráficos Pixelados, Aventura, Mundo Aberto, RPG, Exploração, Um Jogador, Ação, Relaxante, Indie, RPG de Ação, Geração Procedural, 2D, Faça o que Quiser, Fantasia, Fofo, Trilha Sonora, Atmosférico, Casual"
Sort The Capybaras,"Oct 8, 2026",Indefinido,https://store.steampowered.com/app/5130480/Sort_The_Capybaras/?snr=1_7_7_popularcomingsoon_150_2,"Organização, Objetos Ocultos, Colete Tudo, Quebra-Cabeça, Construção, Inteligência Artificial, Gerenciamento, Física, Primeira Pessoa, 3D, Aconchegante, Relaxante, Simulação, Atmosférico, Um Jogador, Casual"
Hay! One Billion!,"Oct 16, 2026",Indefinido,https://store.steampowered.com/app/2069070/Hay_One_Billion/?snr=1_7_7_popularcomingsoon_150_2,"Incremental, Simulação, Relaxante, Aconchegante, Simulador de Emprego, Um Jogador, 3D, Indie"
Keyboard Chaos,"Oct 9, 2026",Indefinido,https://store.steampowered.com/app/5182260/Keyboard_Chaos/?snr=1_7_7_popularcomingsoon_150_2,"Casual, Simulação, Quebra-Cabeça, Plataforma com Quebra-Cabeça, Objetos Ocultos, Do Bem, Exploração, Limpeza, Um Jogador, Primeira Pessoa, Fofo, Colorido, Indie, 3D, Estilizado, Moderno, Jogo de Mesa, Fabricação, Tiro em Primeira Pessoa (FPS)"
Magical Girl Yusya-chan and the Labyrinth of Lust,"Oct 9, 2026",Indefinido,https://store.steampowered.com/app/4056370/Magical_Girl_Yusyachan_and_the_Labyrinth_of_Lust/?snr=1_7_7_popularcomingsoon_150_2,"Tática por Turnos, Roguelike Tradicional, Exploração, Calabouço Misterioso, Explorador de Calabouços, Roguelite, Em Turnos, JRPG, Roguelike, Protagonista Mulher, RPG, Estratégia, 3D, Fofo, Enredo Rico, Engraçado, Controle, Combate em Turnos, Geração Procedural, Simulação"
Double Dealers,"Oct 13, 2026",Indefinido,https://store.steampowered.com/app/4218620/Double_Dealers/?snr=1_7_7_popularcomingsoon_150_2,"Acesso Antecipado, Multijogador, Dedução Social, Comédia, Reúna a Galera, Troca, Rico em Diálogos, Capitalismo, Jogador x Jogador (PvP), Casual, Estratégia, Cooperativo On-line, Jogo de Mesa, Estilizado, Humor Ácido, Atmosférico, Engraçado, Sátira, Investigação, 3D"
Tidy Backpack: In the Faraway Lands,"Oct 5, 2026",Indefinido,https://store.steampowered.com/app/4612950/Tidy_Backpack_In_the_Faraway_Lands/?snr=1_7_7_popularcomingsoon_150_2,"Casual, Quebra-Cabeça, 2D, Cartunizado, Colorido, Fofo, Desenhado à Mão, Comédia, Para Toda a Família, Engraçado, Futurista, Lógica, Saques, Indie, Relaxante, Ficção Científica, Espacial, Gerenciamento de Inventário, Linear, Um Jogador"
No Such Place,"Oct 14, 2026",Indefinido,https://store.steampowered.com/app/3299050/No_Such_Place/?snr=1_7_7_popularcomingsoon_150_2,"Acesso Antecipado, Tiro de Extração, Sobrevivência, Tiro com Saques, Gráficos Pixelados, Visão Superior, Tiro, Multijogador, Ação, Um Jogador, Cooperativo, Indie, Personalização de Armas, Saques, Aventura, Exploração, Militar, Construção de Bases, SHMUP com Visão Superior, Terror de Sobrevivência"
Grave Of Voices,"Oct 4, 2026",Indefinido,https://store.steampowered.com/app/3977320/Grave_Of_Voices/?snr=1_7_7_popularcomingsoon_150_2,"Aventura, Terror, Terror Psicológico, Terror de Sobrevivência, Ação, Sobrevivência, Psicológico, Ação / Aventura, Boa Trama, Sobrenatural, Mistério, Exploração, Thriller, Violência Detalhada, Sombrio, Realístico, Subterrâneo, Atmosférico, Um Jogador, Simulador de Caminhada"
BELTFED - Roguelike Factory Defense,2027,Indefinido,https://store.steampowered.com/app/4879420/BELTFED__Roguelike_Factory_Defense/?snr=1_7_7_popularcomingsoon_150_2,"Automação, Construção de Bases, Estratégia, Defesa de Torres, Gerenciamento de Recursos, Estratégia em Tempo Real (RTS), Faça o que Quiser, Fabricação, Estratégia em Tempo Real com Ação, Sobrevivência, Roguelike, Gerenciamento, Construção, 3D, Construção de Cidades, Um Jogador, Roguelite, Simulação, Impiedoso, Geração Procedural"
Battleplan,"Oct 12, 2026",Indefinido,https://store.steampowered.com/app/3743140/Battleplan/?snr=1_7_7_popularcomingsoon_150_2,"Estratégia, Jogo de Tabuleiro, Estratégia em Tempo Real (RTS), 2D, 3D, Histórico, Jogo de Mesa, Um Jogador, Grande Estratégia, Segunda Guerra Mundial, Estratégia em Tempo Real com Ação, Tática em Tempo Real, Jogo de Guerra, Desenhado à Mão, Visão Superior, 2,5D, Atmosférico, Combate, Manipulação de Tempo, Simulação"
Catventure,"Oct 4, 2026",Indefinido,https://store.steampowered.com/app/4459980/Catventure/?snr=1_7_7_popularcomingsoon_150_2,"Casual, RPG, Progressão Ociosa, 2D, Gráficos Pixelados, Fofo, Relaxante, Um Jogador, Apontar e Clicar"
LOST & FOUND,"Oct 9, 2026",Free,https://store.steampowered.com/app/4190960/LOST__FOUND/?snr=1_7_7_popularcomingsoon_150_2,"Simulador de Emprego, Casual, Organização, Gerenciamento de Tempo, Simulação, Arcade, Um Jogador, Multijogador, Quebra-Cabeça, Simulador Imersivo, Gerenciamento de Recursos, Primeira Pessoa, Pontos, Pontos, Pontos!, Jogador x Jogador (PvP), Cooperativo On-line, Cooperativo, Narração Dinâmica, Gerenciamento, Objetos Ocultos, Gratuito para Jogar"
AutoChart,"Oct 4, 2026",Indefinido,https://store.steampowered.com/app/5201270/AutoChart/?snr=1_7_7_popularcomingsoon_150_2,"Casual, Ritmo, Musical Procedural, Pontos, Pontos, Pontos!, Arcade, 2D, Um Jogador, Indie"
Tales of Eternia Remastered,"Oct 15, 2026",Indefinido,https://store.steampowered.com/app/3470960/Tales_of_Eternia_Remastered/?snr=1_7_7_popularcomingsoon_150_2,"RPG, JRPG, RPG de Ação, 2D, Fantasia, Retrô, Comovente, Mágica, Ação, Boa Trama, Um Jogador"
Corporate Slave：Quiet Quitting,"Oct 4, 2026",Indefinido,https://store.steampowered.com/app/5076420/Corporate_SlaveQuiet_Quitting/?snr=1_7_7_popularcomingsoon_150_2,"Casual, Inferno de Balas, Sobrevivência, Parar o Tempo, Um Jogador, Gráficos Pixelados, Minimalista, Ritmo"
SPAM,"Oct 7, 2026",Free,https://store.steampowered.com/app/2902720/SPAM/?snr=1_7_7_popularcomingsoon_150_2,"Jogador x Jogador (PvP), Combate em Turnos, Competitivo, Multijogador, Coleção de Criaturas, Batalha com Cartas, Estratégia, Design e Ilustração, Gratuito para Jogar, Fantasia, 2D, Desenhado à Mão, Mágica, Cartas, Enredo Rico, Montagem de Decks, Combate, Um Jogador"
Dream City Psyche Demo,"Oct 4, 2026",Free,https://store.steampowered.com/app/5074320/Dream_City_Psyche/?snr=1_7_7_popularcomingsoon_150_2,"RPG, CRPG, 2D, Visão Superior, Terror Psicológico, Investigação, Mistério, Moderno, Mundo Aberto, Boa Trama, Combate em Turnos, Um Jogador"
The Witcher 3: Wild Hunt — Songs of the Past,Coming soon,Indefinido,https://store.steampowered.com/app/5006530/The_Witcher_3_Wild_Hunt__Songs_of_the_Past/?snr=1_7_7_popularcomingsoon_150_2,Sem gênero
Tidy Till Dawn,"Oct 5, 2026",Indefinido,https://store.steampowered.com/app/5270770/Tidy_Till_Dawn/?snr=1_7_7_popularcomingsoon_150_2,"Relaxante, Organização, Limpeza, Simulação, Casual, Objetos Ocultos, Quebra-Cabeça, Indie, Simulador Imersivo, Paródia, 3D, Atmosférico, Fofo, Colorido, Pontos, Pontos, Pontos!, Engraçado, Um Jogador, Gerenciamento, Primeira Pessoa, Aconchegante"
We Were Here Tomorrow,"Oct 20, 2026",Indefinido,https://store.steampowered.com/app/2315050/We_Were_Here_Tomorrow/?snr=1_7_7_popularcomingsoon_150_2,"Cooperativo, Quebra-Cabeça, Aventura, Ficção Científica, Mistério, Enredo Rico, Rico em Diálogos, Cooperativo On-line, Fuja da Sala, Ação / Aventura, Exploração, Casual, Thriller, Atmosférico, Psicológico, Campanha Cooperativa, Boa Trama, Futurista, Retrô, Aconchegante"
Chained Beasts,"Oct 15, 2026",Indefinido,https://store.steampowered.com/app/3569420/Chained_Beasts/?snr=1_7_7_popularcomingsoon_150_2,"Roguelike de Ação, Cooperativo, Multijogador, Hack and Slash, Visão Superior, Roguelite, Jogador X Ambiente (PvE), Engraçado, Cooperativo On-line, Medieval, Ação, Soulslike, Morte Permanente, Espada, Roma, Porradaria, Combate, Impiedoso, Local para 4 Jogadores, Cooperativo Local"
Purble Place 3D,Coming soon,Indefinido,https://store.steampowered.com/app/2764530/Purble_Place_3D/?snr=1_7_7_popularcomingsoon_150_2,"Casual, Nostalgia, Quebra-Cabeça, Velha-Guarda, Personalização de Personagem, 3D, Aventura, Simulação, Soulslike, Objetos Ocultos, Solitário, 2,5D, Terror Psicológico, Fofo, Cartunizado, Indie, Plataforma 3D, Colorido, Atmosférico, Lógica"
EasyCraft,"Oct 5, 2026",Free,https://store.steampowered.com/app/4671960/EasyCraft/?snr=1_7_7_popularcomingsoon_150_2,"Gratuito para Jogar, Acesso Antecipado, Design e Ilustração, Utilitários, Multijogador, Engraçado, RV"
SightSplice,"Oct 4, 2026",Indefinido,https://store.steampowered.com/app/5226480/SightSplice/?snr=1_7_7_popularcomingsoon_150_2,"Casual, Apontar e Clicar, Gerenciamento de Tempo, 2D, Gráficos Pixelados, Colorido, Para Toda a Família, Indie, Eventos Rápidos, Um Jogador"
Hunt: Showdown 1896 - Bound by Blood,"Oct 7, 2026",Indefinido,https://store.steampowered.com/app/4733620/Hunt_Showdown_1896__Bound_by_Blood/?snr=1_7_7_popularcomingsoon_150_2,Sem gênero
CLAWSTROPHOBIA Demo,"Oct 4, 2026",Free,https://store.steampowered.com/app/4933450/CLAWSTROPHOBIA/?snr=1_7_7_popularcomingsoon_150_2,"Roguelite, Física, Arcade, Roguelike, 3D, Primeira Pessoa, Surrealista, Controle, Montagem de Decks, Terror, Ação, Simulação, Colorido, Gráficos Pixelados, Atmosférico, Sombrio, Retrô, Um Jogador, Indie, Estratégia"
The Second Reality Room: Unspoken Truths,"Oct 9, 2026",Indefinido,https://store.steampowered.com/app/3794700/The_Second_Reality_Room_Unspoken_Truths/?snr=1_7_7_popularcomingsoon_150_2,"Acesso Antecipado, Romance Visual, Aventura, Indie, Psicológico, Mistério, Boa Trama, Escolha a sua Aventura, 2D, Anime, Desenhado à Mão, Surrealista, Comovente, Investigação, Um Jogador, Controle, Detetive, Apontar e Clicar, Ficção Interativa, Lógica"
The Ones Who Answered Demo,"Oct 4, 2026",Free,https://store.steampowered.com/app/4936540/The_Ones_Who_Answered/?snr=1_7_7_popularcomingsoon_150_3,"Ação, Terror, Ação / Aventura, Quebra-Cabeça, Um Jogador, 3D, Linear, Primeira Pessoa, Realístico, Aventura, Indie, Futurista, Surrealista, Eventos Rápidos, Boa Trama"
The Judges' Quandary: Chimera Protocol,"Oct 4, 2026",Free,https://store.steampowered.com/app/5250990/The_Judges_Quandary_Chimera_Protocol/?snr=1_7_7_popularcomingsoon_150_3,"Cartas, Estratégia, Batalha com Cartas, Jogador x Jogador (PvP), Combate em Turnos, Fantasia Sombria, Engraçado, Multijogador, Um Jogador, Indie, Jogador X Ambiente (PvE), 2D, Estilizado"
Phluxel Demo,"Oct 4, 2026",Free,https://store.steampowered.com/app/5063180/Phluxel/?snr=1_7_7_popularcomingsoon_150_3,"Indie, Simulação, Edição de Fotos, Animação e Modelagem, Design e Ilustração, Desenvolvimento de Jogos, Utilitários, Faça o que Quiser, 2D, Gráficos Pixelados, Retrô, Geração Procedural, Software"
PanzerCity,"Oct 5, 2026",Free,https://store.steampowered.com/app/5299150/PanzerCity/?snr=1_7_7_popularcomingsoon_150_3,"Ação, Arcade, Tiro, Tiro em Arena, Tiro em Terceira Pessoa, 3D, Cartunizado, Terceira Pessoa, Destruição, Militar, Tanques, Inteligência Artificial, Combate, Gerenciamento de Inventário, Gratuito para Jogar, Jogador X Ambiente (PvE), Baseado em Equipes, Combate com Veículos, Cooperativo, Multijogador"
Panos,"Oct 5, 2026",Indefinido,https://store.steampowered.com/app/5292490/Panos/?snr=1_7_7_popularcomingsoon_150_3,"Casual, Estratégia, Vários Finais, Um Jogador, Estratégia em Turnos, Jogo de Tabuleiro, Tática por Turnos, 2,5D, Gráficos Pixelados, Colorido, Terceira Pessoa, Futurista, Ficção Científica"
Orbit Breaker,"Oct 5, 2026",Indefinido,https://store.steampowered.com/app/4955610/Orbit_Breaker/?snr=1_7_7_popularcomingsoon_150_3,"Naves Espaciais, Ação, Casual, Corredor, Arcade, 2D, Visão Superior, Geração Procedural, Abstrato, Colorido, Minimalista, Ficção Científica, Indie, Espacial, Pontos, Pontos, Pontos!, Futurista, Retrô, Um Jogador"
Agent of Strange: Arrival,"Oct 8, 2026",Free,https://store.steampowered.com/app/4424740/Agent_of_Strange_Arrival/?snr=1_7_7_popularcomingsoon_150_3,"RPG, Terror Psicológico, Aventura, Terror, Boa Trama, Atmosférico, Psicológico, Personalização de Personagem, Combate em Turnos, RPG de Estratégia, Surrealista, CRPG, Simulador Imersivo, 2,5D, Detetive, Sobrevivência, Você Decide, Um Jogador, Distópico, Gratuito para Jogar"
Bony Bones Adventures,"Oct 5, 2026",Indefinido,https://store.steampowered.com/app/2559520/Bony_Bones_Adventures/?snr=1_7_7_popularcomingsoon_150_3,"Aventura, Ação, Plataforma, Ação / Aventura, Plataforma 3D, 3D, Terceira Pessoa, Fantasia, Combate, Indie, Jogador X Ambiente (PvE), Um Jogador, Exploração, Atmosférico, Controle, Protagonista Vilão, Fofo, Soulslike, Impiedoso"
CELESTAY Craft&Slowlife,"Oct 9, 2026",Indefinido,https://store.steampowered.com/app/4183770/CELESTAY_CraftSlowlife/?snr=1_7_7_popularcomingsoon_150_3,"Casual, Progressão Ociosa, 2D, Utilitários, Gráficos Pixelados, Relaxante, Fofo, Atmosférico, Construção, Indie, Pós-Apocalíptico, Retrô, Gerenciamento de Recursos, Um Jogador, Linear, Boa Trama, Aconchegante, Coleção de Criaturas, Subaquático, Pesca"
Prison Break: Thirty Walls,"Oct 5, 2026",Indefinido,https://store.steampowered.com/app/5257510/Prison_Break_Thirty_Walls/?snr=1_7_7_popularcomingsoon_150_3,"Plataforma 3D, Ação, Jogador X Ambiente (PvE), Arcade, Ação / Aventura, 3D, Terceira Pessoa, Lógica, Ficção Científica, Tático, Gerenciamento de Inventário, Gerenciamento de Recursos, Indie, Estratégia, Multijogador, Um Jogador, Local para 4 Jogadores, Cooperativo, Cooperativo On-line"
SanGoFate,"Oct 5, 2026",Indefinido,https://store.steampowered.com/app/5256950/SanGoFate/?snr=1_7_7_popularcomingsoon_150_3,"Simulação, Estratégia, Roguelike, Você Decide, Simulador de Vida Real, Batalha com Cartas, Tática por Turnos, 2D, Gráficos Pixelados, Desenhado à Mão, Guerra, Indie, Histórico, Boa Trama, Montagem de Decks, Personalização de Personagem, Um Jogador"
Sudoku Girls: Hawaii Vacation,"Oct 5, 2026",Indefinido,https://store.steampowered.com/app/4946070/Sudoku_Girls_Hawaii_Vacation/?snr=1_7_7_popularcomingsoon_150_3,"Romance Visual, Casual, Aventura, Quebra-Cabeça, Aconchegante, Anime, Relaxante, 2D, Colorido, Fofo, Lógica, Indie, Romance, Boa Trama, Baseado em Texto, Um Jogador"
HUMONGOUS Tree Growing Simulator Demo,"Oct 5, 2026",Free,https://store.steampowered.com/app/5293800/HUMONGOUS_Tree_Growing_Simulator_Demo/?snr=1_7_7_popularcomingsoon_150_3,"Casual, Simulação, Estratégia, Defesa de Torres, Roguelite, 2D, Fofo, Psicodélico, Indie, Violência Detalhada, Violento, Terror Psicológico, Um Jogador"
Drone n Gone,"Oct 5, 2026",Indefinido,https://store.steampowered.com/app/4930810/Drone_n_Gone/?snr=1_7_7_popularcomingsoon_150_3,"Roguelike de Ação, SHMUP com Visão Superior, Roguelite, Arcade, Visão Superior, Pontos, Pontos, Pontos!, Ação, Militar, 2D, Combate, Guerra, Estilizado, Humor Pesado, Indie, Sátira, Alta Rejogabilidade, Humor Ácido, Um Jogador"
Unstrung,"Oct 5, 2026",Free,https://store.steampowered.com/app/5094810/Unstrung/?snr=1_7_7_popularcomingsoon_150_3,"Indie, Casual, Quebra-Cabeça, Atmosférico, Narrativa, 2,5D, Fantasia Sombria, Thriller, Psicológico, Linear, Boa Trama, Um Jogador, Gratuito para Jogar, Curta-Metragem, Controle, Plataforma com Quebra-Cabeça, Exploração, Câmera Lateral"
Morimens OST┊Ogier: Oathbound EP: Where the Sun Rises,"Oct 5, 2026",Indefinido,https://store.steampowered.com/app/5307080/Morimens_OSTOgier_Oathbound_EP_Where_the_Sun_Rises/?snr=1_7_7_popularcomingsoon_150_3,Sem gênero
Satisfactory - Core Values Expansion,To be announced,Indefinido,https://store.steampowered.com/app/5276140/Satisfactory__Core_Values_Expansion/?snr=1_7_7_popularcomingsoon_150_3,"Construção de Bases, Automação, Mundo Aberto, Fabricação, Multijogador, Cooperativo, Construção, Gerenciamento de Recursos, Faça o que Quiser, Exploração, Aventura, Sobrevivência em Mundo Aberto, Sobrevivência, Primeira Pessoa, Simulação, Estratégia, Ficção Científica, Um Jogador, Indie, Acesso Antecipado"
Novo: The Colony,"Oct 5, 2026",Indefinido,https://store.steampowered.com/app/4991220/Novo_The_Colony/?snr=1_7_7_popularcomingsoon_150_3,"Estratégia, Simulador de Colônias, Boa Trama, Você Decide, Mistério, Construção de Bases, Gerenciamento de Recursos, Gerenciamento de Tempo, Simulação, Gerenciamento, Pós-Apocalíptico, Sobrevivência, Fabricação, Distópico, Troca, Atmosférico, Alta Rejogabilidade, 2D, Indie, Um Jogador"
"Service, please","Oct 5, 2026",Indefinido,https://store.steampowered.com/app/4905490/Service_please/?snr=1_7_7_popularcomingsoon_150_3,"Gerenciamento de Lojas, Jogador x Jogador (PvP), Simulador de Caminhada, 2D, Aconchegante, Engraçado, Humor Ácido, Casual, Simulação, Gráficos Pixelados, Cartunizado, Decoração, Multijogador, Um Jogador, Indie"
Biryado Demo,"Oct 5, 2026",Free,https://store.steampowered.com/app/5018420/Biryado_Demo/?snr=1_7_7_popularcomingsoon_150_3,"Casual, Estratégia, Roguelike, Esportes, Montagem de Decks Roguelike, Bilhar, Indie, Ação, Física, Montagem de Decks, Roguelite, Arcade, Gráficos Pixelados, 2D, Um Jogador, Jogo de Mesa"
CROVA CHAIN,"Oct 5, 2026",Indefinido,https://store.steampowered.com/app/5208960/CROVA_CHAIN/?snr=1_7_7_popularcomingsoon_150_3,"Casual, Ação, Quebra-Cabeça, 2D, Desenho Animado, Fofo, Jogador x Jogador (PvP), Multijogador, Indie, Um Jogador"
Broadband Architect Demo,"Oct 5, 2026",Free,https://store.steampowered.com/app/5171170/Broadband_Architect/?snr=1_7_7_popularcomingsoon_150_3,"Simulação, Construção de Cidades, Faça o que Quiser, 2D, Visão Superior, Economia, Gerenciamento, Sátira, Construção de Bases, Gerenciamento de Recursos, Acesso Antecipado, Tutorial, Um Jogador, Construção, Indie"
Halloween Trouble 8 Collector's Edition,"Oct 5, 2026",Indefinido,https://store.steampowered.com/app/5207370/Halloween_Trouble_8_Collectors_Edition/?snr=1_7_7_popularcomingsoon_150_3,"Combinar 3, Casual, Quebra-Cabeça, 2D, Linear, Boa Trama, Colorido, Fantasia, Atmosférico, Comédia, Mistério, Objetos Ocultos, Um Jogador, Minijogos"
Little Dive Demo,"Oct 5, 2026",Free,https://store.steampowered.com/app/5246370/Little_Dive/?snr=1_7_7_popularcomingsoon_150_3,"Fofo, Exploração, Submarino, Casual, Aconchegante, Relaxante, Plataforma, Quebra-Cabeça, 2D, Estilizado, Colorido, Atmosférico, Indie, Minimalista, Um Jogador, Física, Para Toda a Família, Aventura, Lógica, Natureza"
Violence of Action Demo,"Oct 5, 2026",Free,https://store.steampowered.com/app/4911460/Violence_of_Action/?snr=1_7_7_popularcomingsoon_150_3,"Estratégia, Estratégia em Tempo Real (RTS), SHMUP com Visão Superior, 3D, Militar, Guerra, Segunda Guerra Mundial, Tático, Parar o Tempo, Combate, Violência Detalhada, Violento, Grade Hexagonal, Gerenciamento de Inventário, Gerenciamento de Recursos, Um Jogador, Ação, Tática em Tempo Real, Física"
The Call Button,"Oct 6, 2026",Indefinido,https://store.steampowered.com/app/4584180/The_Call_Button/?snr=1_7_7_popularcomingsoon_150_3,"Terror Psicológico, Simulador de Caminhada, Terror, Quebra-Cabeça, Atmosférico, Mistério, Primeira Pessoa, Psicológico, Aventura, Surrealista, Boa Trama, Thriller, Exploração, Vários Finais, Você Decide, Indie, Um Jogador, Objetos Ocultos, Curta-Metragem, Gráficos Pixelados"
Catkin Hollow: The Moonbell Mystery,"Oct 5, 2026",Indefinido,https://store.steampowered.com/app/5238890/Catkin_Hollow_The_Moonbell_Mystery/?snr=1_7_7_popularcomingsoon_150_3,"Aventura, RPG, RPG de Ação, Ação / Aventura, Plataforma 2D, Visão Superior, Retrô, Um Jogador, Personalização de Personagem, Indie, Combate, Jogador X Ambiente (PvE), Exploração"
Duelist: Idle Expedition,"Oct 8, 2026",Indefinido,https://store.steampowered.com/app/4282780/Duelist_Idle_Expedition/?snr=1_7_7_popularcomingsoon_150_3,"Companheiro de Área de Trabalho, JRPG, Gráficos Pixelados, Aventura, Estratégia, Progressão Ociosa, Incremental, Baseado em Classes, Apontar e Clicar, RPG Tático, Desenhado à Mão, Automação, Jogo de Mesa, RPG, RPG de Estratégia, Medieval, Simulação, Casual, Construção de Bases, Construção de Cidades"
Remembrance,"Oct 5, 2026",Indefinido,https://store.steampowered.com/app/3434370/Remembrance/?snr=1_7_7_popularcomingsoon_150_3,"Exploração, Casual, Quebra-Cabeça, Aventura, Ficção Interativa, RV, Relaxante, Boa Trama, Comovente, Futurista, Um Jogador, Imersivo, Narrativa"
Chill Cat,"Oct 5, 2026",Indefinido,https://store.steampowered.com/app/4838690/Chill_Cat/?snr=1_7_7_popularcomingsoon_150_3,"Ação, Casual, Reúna a Galera, Tiro, 2D, Fofo, Gatos, Engraçado, Jogador x Jogador (PvP), Cooperativo, Multijogador, Cooperativo On-line, Indie, Um Jogador, Colorido, MOBA, Tiro em Arena, Para Toda a Família, Personalização de Personagem, Cartunizado"
Dwarf Wars Demo,"Oct 5, 2026",Free,https://store.steampowered.com/app/5294090/Dwarf_Wars_Demo/?snr=1_7_7_popularcomingsoon_150_3,"Simulação, Engraçado, Gráficos Pixelados, Batalha Automática, Física, Anões, Voxel, 2D, Indie, Geração Procedural, Estratégia, Faça o que Quiser, Subterrâneo, Destruição, Medieval, Tático, Fantasia, Guerra, Tática em Tempo Real, Jogador x Jogador (PvP)"
Starfall Defense Demo,"Oct 5, 2026",Free,https://store.steampowered.com/app/5323250/Starfall_Defense/?snr=1_7_7_popularcomingsoon_150_3,"Gratuito para Jogar, Estratégia, Defesa de Torres, Cooperativo On-line, Jogador x Jogador (PvP), Batalha com Cartas, Batalha Automática, Cartas, 2D, Ficção Científica, Acesso Antecipado, Casual, Espacial, Mitologia, Cooperativo, Multijogador"
Midwest Goodbye,"Oct 5, 2026",Free,https://store.steampowered.com/app/4917250/Midwest_Goodbye/?snr=1_7_7_popularcomingsoon_150_3,"Casual, Aconchegante, Montagem de Decks, Narrativa, Para Toda a Família, Um Jogador, Gratuito para Jogar, Indie"
Ping Ball!,"Oct 5, 2026",Indefinido,https://store.steampowered.com/app/5218430/Ping_Ball/?snr=1_7_7_popularcomingsoon_150_3,"Casual, Arcade, 2D, Indie, Minimalista, Jogador x Jogador (PvP), Multijogador Local, Multijogador, Um Jogador, Ritmo Rápido"
Veillombre,"Oct 5, 2026",Indefinido,https://store.steampowered.com/app/4914240/Veillombre/?snr=1_7_7_popularcomingsoon_150_3,"Casual, Ação / Aventura, Arcade, Estratégia em Tempo Real com Ação, Espionagem, Gráficos Pixelados, Plataforma 2D, 2D, Terror de Sobrevivência, Estilizado, Assassinos, Atmosférico, Indie, Terror, Jogador x Jogador (PvP), Terror Psicológico, Gerenciamento de Recursos, Furtivo, Medieval, Sobrenatural"
Chicks vs Ducks Demo,"Oct 5, 2026",Free,https://store.steampowered.com/app/4404410/Chicks_vs_Ducks/?snr=1_7_7_popularcomingsoon_150_3,"Reúna a Galera, Cooperativo On-line, Casual, Comédia, Ação, Cooperativo, Parkour, Plataforma 3D, Jogador x Jogador (PvP), Multijogador, Baseado em Equipes, Indie, Colorido, Desenho Animado, Estilizado, Para Toda a Família, Personalização de Personagem, Terceira Pessoa, 3D, Plataforma"
Chefarzt,"Oct 5, 2026",Indefinido,https://store.steampowered.com/app/5220450/Chefarzt/?snr=1_7_7_popularcomingsoon_150_3,"Aventura, Casual, RPG, Simulação, Esportes, Estratégia, Simulador de Vida Real, 2D, Colorido, Educativo, Comédia, Engraçado, Um Jogador, Cooperativo, Multijogador, Cooperativo On-line, Simulador Imersivo, Minijogos"
Portentum Demo,"Oct 5, 2026",Free,https://store.steampowered.com/app/4836460/Portentum/?snr=1_7_7_popularcomingsoon_150_3,"Batalha Automática, Montagem de Decks, Gratuito para Jogar, Multijogador, Batalha com Cartas, Desenhado à Mão, Estratégia, Cartas, Jogador x Jogador (PvP), Fantasia Sombria, 2D, Estilizado, Multijogador Assíncrono, Combate em Turnos, Um Jogador, Trilha Sonora, Dados, Acesso Antecipado, Roguelike, Montagem de Decks Roguelike"
Project Exodus Demo,"Oct 5, 2026",Free,https://store.steampowered.com/app/4149590/Project_Exodus/?snr=1_7_7_popularcomingsoon_150_3,"Terror, Comédia, Ação, Aventura, Terror Psicológico, Terror de Sobrevivência, Primeira Pessoa, Robôs, Pós-Apocalíptico, Exploração, Ação / Aventura, Tiro em Primeira Pessoa (FPS), Um Jogador, 3D, Multijogador, Reúna a Galera, Estilizado, Ficção Científica, Indie, Acesso Antecipado"
Nightcup Demo,"Oct 5, 2026",Free,https://store.steampowered.com/app/5242390/Nightcup/?snr=1_7_7_popularcomingsoon_150_3,"Casual, Simulação, Estratégia, Jogo de Tabuleiro, Jogo de Mesa, Cartas, Reúna a Galera, Estratégia em Turnos, Tática por Turnos, Solitário, 3D, Tela Dividida, Atmosférico, Acesso Antecipado, Relaxante, Para Toda a Família, Aconchegante, Jogador x Jogador (PvP), Um Jogador, Multijogador"
Black Brew Simulator Demo,"Oct 5, 2026",Free,https://store.steampowered.com/app/4604140/Black_Brew_Simulator_Demo/?snr=1_7_7_popularcomingsoon_150_3,"Simulação, Faça o que Quiser, Simulador Imersivo, 3D, Primeira Pessoa, Automação, Economia, Gerenciamento, Personalização de Personagem, Mundo Aberto, Gerenciamento de Recursos, Troca, Um Jogador, Cooperativo, Multijogador, Cooperativo On-line"
MOLTYN Demo,"Oct 5, 2026",Free,https://store.steampowered.com/app/5172140/MOLTYN_Demo/?snr=1_7_7_popularcomingsoon_150_3,"Simulação, Ação, Faça o que Quiser, Física, Destruição, Indie, Super-Heróis, 2D, Gráficos Pixelados, Um Jogador, Combate, Comédia, Engraçado, Controle, Voo, Gatos"
Corridors,"Oct 5, 2026",Indefinido,https://store.steampowered.com/app/5271960/Corridors/?snr=1_7_7_popularcomingsoon_150_3,"Casual, Arcade, Gerenciamento de Tempo, Sombrio, 3D, Primeira Pessoa, Um Jogador, Indie, Terror Psicológico, Terror"
HOUSE OF FEAR,"Oct 5, 2026",Indefinido,https://store.steampowered.com/app/5220870/HOUSE_OF_FEAR/?snr=1_7_7_popularcomingsoon_150_3,"Aventura, Ação, Arcade, Objetos Ocultos, 3D, Fé, Zumbis, Sombrio, Terror Psicológico, Sobrenatural, Thriller, Indie, Terror, Terror de Sobrevivência, Boa Trama, Um Jogador"
The Pass - Well Regarded Pack,"Oct 5, 2026",Indefinido,https://store.steampowered.com/app/5056810/The_Pass__Well_Regarded_Pack/?snr=1_7_7_popularcomingsoon_150_3,"Gerenciamento de Tempo, Incremental, Ficção Interativa, Jogo de Palavras, Capitalismo, Jogador X Ambiente (PvE), Apontar e Clicar, 2D, Humor Pesado, Humor Ácido, Engraçado, Paródia, Um Jogador, Surrealista, Gerenciamento de Recursos, Você Decide, Linear, Indie, Baseado em Texto, Casual"
Meowmunitions Survivor Demo,"Oct 5, 2026",Free,https://store.steampowered.com/app/5308240/Meowmunitions_Survivor_Demo/?snr=1_7_7_popularcomingsoon_150_3,"Paraíso de Balas, Roguelike de Ação, Personalização de Armas, Tiro em Arena, Mandando Bala, Ação, SHMUP com Visão Superior, Morte Permanente, Jogador X Ambiente (PvE), Tiro, Roguelike, 2D, Fofo, Visão Superior, Geração Procedural, Estratégia, Indie, Colorido, Gráficos Pixelados, Gatos"
In Your Hands,"Oct 6, 2026",Indefinido,https://store.steampowered.com/app/5193580/In_Your_Hands/?snr=1_7_7_popularcomingsoon_150_3,"Romance Visual, Terror Psicológico, Terror, Vários Finais, Boa Trama, Você Decide, Atmosférico, Sombrio, Aventura, Mistério, Ficção Interativa, Indie, Escolha a sua Aventura, Alta Rejogabilidade, Apontar e Clicar, Desenhado à Mão, 2D, Sobrenatural, Curta-Metragem, Um Jogador"
Ancestral Orb,"Oct 5, 2026",Indefinido,https://store.steampowered.com/app/4928620/Ancestral_Orb/?snr=1_7_7_popularcomingsoon_150_3,"RPG, Combate em Turnos, Um Jogador, CRPG, Exploração, 2D, Estratégia em Turnos, Ficção Científica, Fantasia, JRPG"
Cosmic Seance Demo,"Oct 5, 2026",Free,https://store.steampowered.com/app/5089990/Cosmic_Seance_Demo/?snr=1_7_7_popularcomingsoon_150_3,"Simulador Político, Quebra-Cabeça, 2D, Você Decide, Detetive, Aventura, Terror, Terror Psicológico, Boa Trama, Lovecraftiano, Estilizado, Indie, Gerenciamento, Atmosférico, Mistério, Investigação, Conspiração, Gerenciamento de Recursos, Sobrenatural, Um Jogador"
Idle Miner,"Oct 5, 2026",Indefinido,https://store.steampowered.com/app/5255350/Idle_Miner/?snr=1_7_7_popularcomingsoon_150_3,"Progressão Ociosa, Incremental, Casual, Simulação, Automação, Mineração, Simulador Rural, 2D, Aconchegante, Relaxante, Gráficos Pixelados, Fantasia, Gerenciamento de Recursos, Um Jogador, Companheiro de Área de Trabalho, Indie"
Pluricubus Demo,"Oct 5, 2026",Free,https://store.steampowered.com/app/4866150/Pluricubus/?snr=1_7_7_popularcomingsoon_150_4,"Casual, Sokoban, Quebra-Cabeça, 3D, Isométrico, Lógica, Editor de Níveis, Física, Indie, Movimento em Grade, Um Jogador"
FLATBED Demo,"Oct 5, 2026",Free,https://store.steampowered.com/app/5194380/FLATBED/?snr=1_7_7_popularcomingsoon_150_4,"Ação, Arcade, RPG, Tiro, Mandando Bala, SHMUP com Visão Superior, 2D, Gráficos Pixelados, Visão Superior, Enredo Rico, Futurista, Alienígenas, Indie, Casual, Espacial, Retrô, Troca, Jogador X Ambiente (PvE), Gerenciamento de Inventário, Um Jogador"
Goddle Demo,"Oct 5, 2026",Free,https://store.steampowered.com/app/4801680/Goddle/?snr=1_7_7_popularcomingsoon_150_4,"Soletração, Digitação, Jogo de Palavras, Casual, Multijogador, Aprendizado de Idiomas, Educativo, 2D, Aconchegante, Relaxante, Baseado em Texto, Colorido, Pontos, Pontos, Pontos!, Local para 4 Jogadores, Cooperativo Local, Multijogador Local, Um Jogador, Multijogador Massivo"
Entitled,"Oct 7, 2026",Indefinido,https://store.steampowered.com/app/1916200/Entitled/?snr=1_7_7_popularcomingsoon_150_4,"Acesso Antecipado, Simulação, Aventura, Humor Pesado, RPG, Capitalismo, Educativo, Simulador de Vida Real, JRPG, Sátira, Economia, Exploração, Você Decide, Visão Superior, Moderno, Medieval, Fantasia, Simulador Imersivo, Comédia, Um Jogador"
FAFO Executive Order Simulator,"Oct 5, 2026",Indefinido,https://store.steampowered.com/app/4047090/FAFO_Executive_Order_Simulator/?snr=1_7_7_popularcomingsoon_150_4,"Casual, Simulação, Ficção Interativa, Apontar e Clicar, Romance Visual, Escolha a sua Aventura, Simulador Político, 2D, Cartunizado, Colorido, História Alternativa, Um Jogador, Baseado em Texto, Boa Trama, Capitalismo, Você Decide, Sátira, Comédia, Conspiração, Indie"
VoidFall,"Oct 5, 2026",Indefinido,https://store.steampowered.com/app/4632760/VoidFall/?snr=1_7_7_popularcomingsoon_150_4,"Roguelike de Ação, Roguelite, Ação, Personalização de Personagem, RPG, Primeira Pessoa, 3D, Visão Superior, Você Decide, Fantasia, Sobrevivência, Combate, Cooperativo On-line, Um Jogador, Multijogador"
Tawger Defense Demo,"Oct 5, 2026",Free,https://store.steampowered.com/app/4906980/Tawger_Defense/?snr=1_7_7_popularcomingsoon_150_4,"Ação, Aventura, Defesa de Torres, Paraíso de Balas, 2D, Desenhado à Mão, Visão Superior, Gerenciamento, Trens, Combate, Personalização de Armas, Jogador X Ambiente (PvE), Gerenciamento de Recursos, Indie, Combate com Veículos, Um Jogador, Roguelike de Ação, Roguelike, Mágica, Transportes"
Hotel 13 Demo,"Oct 5, 2026",Free,https://store.steampowered.com/app/5204790/Hotel_13_Demo/?snr=1_7_7_popularcomingsoon_150_4,"Aventura, Simulação, Casual, Quebra-Cabeça, Simulador de Caminhada, Tiro em Primeira Pessoa (FPS), Exploração, Simulador Imersivo, 3D, Primeira Pessoa, Realístico, Atmosférico, Thriller, Indie, Surrealista, Mistério, Terror, Lógica, Psicológico, Terror Psicológico"
Merchant Miles Demo,"Oct 5, 2026",Free,https://store.steampowered.com/app/3688500/Merchant_Miles/?snr=1_7_7_popularcomingsoon_150_4,"Simulação, Casual, Estratégia, Minimalista, Economia, Gerenciamento de Recursos, Um Jogador, Gerenciamento de Tempo, Gerenciamento de Lojas, Indie, Acesso Antecipado, Gerenciamento, Capitalismo, Medieval, Atmosférico, 3D, Estilizado, Colorido, Aconchegante, Relaxante"
ISKRA Demo,"Oct 5, 2026",Free,https://store.steampowered.com/app/5159230/ISKRA_Demo/?snr=1_7_7_popularcomingsoon_150_4,"Terror Psicológico, Filosófico, Protagonista Mulher, Romance Visual, Sombrio, Aventura, Psicodélico, Surrealista, Psicológico, Baseado em Texto, Desenhado à Mão, Terror, Indie, 2D, Estilizado, Mistério, Atmosférico, Um Jogador"
Mind the Clown: Reborn Demo,"Oct 5, 2026",Free,https://store.steampowered.com/app/5165650/Mind_the_Clown_Reborn/?snr=1_7_7_popularcomingsoon_150_4,"Terror, Um Jogador, Primeira Pessoa, Terror de Sobrevivência, Sombrio, Jump Scare, Terror Psicológico, Mistério, Sobrevivência, Indie, Aventura, Thriller, Retrô, Atmosférico, Exploração, Enredo Rico, Anos 80, Ação, Vários Finais, Ação / Aventura"
Missing Link,"Oct 5, 2026",Indefinido,https://store.steampowered.com/app/4675610/Missing_Link/?snr=1_7_7_popularcomingsoon_150_4,"Estratégia, Casual, Reúna a Galera, Jogo de Palavras, Baseado em Equipes, Baseado em Texto, Multijogador Local, Acesso Antecipado"
The Lubs 2: Straw Hats Demo,"Oct 5, 2026",Free,https://store.steampowered.com/app/5241990/The_Lubs_2_Straw_Hats_Demo/?snr=1_7_7_popularcomingsoon_150_4,"Ação, Aventura, RPG, Ação / Aventura, RPG de Ação, Plataforma 2D, Metroidvania, Soulslike, 2D, Desenhado à Mão, Atmosférico, Fantasia, Surrealista, Fantasia Sombria, Espada, Violento, Arco e Flecha, Indie, Violência Detalhada, Medieval"
A Game About Farting Demo,"Oct 5, 2026",Free,https://store.steampowered.com/app/4569060/A_Game_About_Farting/?snr=1_7_7_popularcomingsoon_150_4,"Relaxante, Incremental, Tiro em Arena, Soulslike, Simulador Imersivo, Aconchegante, Indie, Furtivo, Gerenciamento, Simulador de Vida Real, Casual, Simulação, Tiro, Um Jogador, Fofo, Gerenciamento de Recursos, Ação, Humor Pesado, Terror de Sobrevivência, Para Toda a Família"
HearthFall Demo,"Oct 5, 2026",Free,https://store.steampowered.com/app/5304910/HearthFall_Demo/?snr=1_7_7_popularcomingsoon_150_4,"Casual, RPG, Simulação, Simulador Rural, Simulador de Vida Real, Faça o que Quiser, 3D, Estilizado, Terceira Pessoa, Culinária, Aconchegante, Fabricação, Rural, Indie, Pesca, Gerenciamento, Medieval, Gerenciamento de Inventário, Gerenciamento de Recursos, Um Jogador"
DeckDEX - TCG Live Simulator DEMO,"Oct 5, 2026",Free,https://store.steampowered.com/app/4892420/DeckDEX__TCG_Live_Simulator_DEMO/?snr=1_7_7_popularcomingsoon_150_4,"Simulação, Multijogador Assíncrono, Batalha Automática, Gerenciamento de Recursos, Gerenciamento, Jogo de Mesa, Incremental, Cartas, Grande Estratégia, Estratégia, Progressão Ociosa, Montagem de Decks, Jogo de Cartas, RPG, Exploração, Gerenciamento de Lojas, Objetos Ocultos, 2D, Abstrato, Anime"
MapleStory Classic World - Zakum Package,"Oct 6, 2026",$79.99,https://store.steampowered.com/app/5142560/MapleStory_Classic_World__Zakum_Package/?snr=1_7_7_popularcomingsoon_150_4,"MMORPG, Plataforma 2D, Personalização de Personagem, Saques, Jogador X Ambiente (PvE), Câmera Lateral, Multijogador, Multijogador Massivo, Anime, Fofo, Cooperativo, Vários Finais, Plataforma, Jogador x Jogador (PvP), Terceira Pessoa, Boa Trama, RPG, Casual, 2D, Ação"
STAR WARS: Galactic Racer™ Deluxe Upgrade,"Oct 6, 2026",Indefinido,https://store.steampowered.com/app/4235250/STAR_WARS_Galactic_Racer_Deluxe_Upgrade/?snr=1_7_7_popularcomingsoon_150_4,"Corrida, Aventura, Ação, Multijogador, Cinematográfico, Competitivo, Esportes, Um Jogador, Jogador x Jogador (PvP), Direção, Você Decide, Alta Rejogabilidade, Atmosférico, Controle, Multijogador Assíncrono, Ficção Científica, Corrida com Combate, Combate com Veículos, Destruição, Estrada de Terra"
STAR WARS: Galactic Racer™ Pre-Order Bonus,"Oct 6, 2026",Indefinido,https://store.steampowered.com/app/4554450/STAR_WARS_Galactic_Racer_PreOrder_Bonus/?snr=1_7_7_popularcomingsoon_150_4,"Corrida, Aventura, Ação, Multijogador, Cinematográfico, Competitivo, Esportes, Um Jogador, Jogador x Jogador (PvP), Direção, Você Decide, Alta Rejogabilidade, Atmosférico, Controle, Multijogador Assíncrono, Ficção Científica, Corrida com Combate, Combate com Veículos, Destruição, Estrada de Terra"
The Relativity Tales,"Oct 6, 2026",Indefinido,https://store.steampowered.com/app/5097350/The_Relativity_Tales/?snr=1_7_7_popularcomingsoon_150_4,"Simulação, Exploração, 2,5D, Educativo, Ficção Científica, Física, Boa Trama, Aventura, Indie, Um Jogador"
Steam & Iron. Battle of Port Arthur,"Oct 6, 2026",Indefinido,https://store.steampowered.com/app/3381300/Steam__Iron_Battle_of_Port_Arthur/?snr=1_7_7_popularcomingsoon_150_4,"Acesso Antecipado, Simulação, Estratégia, Combate Naval, Jogo de Guerra, Faça o que Quiser, Estratégia em Tempo Real (RTS), Naval, Primeira Guerra Mundial, Tática em Tempo Real, Terceira Pessoa, Steampunk, Realístico, Guerra, Militar, Navegação, Retrô, Tático, Histórico, Combate"
Cyan Heart,"Oct 8, 2026",Indefinido,https://store.steampowered.com/app/3744190/Cyan_Heart/?snr=1_7_7_popularcomingsoon_150_4,"Terror Psicológico, Ficção Científica, Atmosférico, Psicológico, Psicodélico, Terror, Simulador de Caminhada, Distópico, Fuja da Sala, Quebra-Cabeça, Exploração, Boa Trama, Protagonista Mulher, Linear, Rico em Diálogos, 3D, Sombrio, Indie, Um Jogador, Aventura"
Escape the Playground,"Oct 6, 2026",Indefinido,https://store.steampowered.com/app/5229620/Escape_the_Playground/?snr=1_7_7_popularcomingsoon_150_4,"Cooperativo On-line, Cooperativo, Multijogador, Terror, Terror Psicológico, Terror de Sobrevivência, Primeira Pessoa, Atmosférico, Sombrio, Engraçado, Ação, Fuja da Sala, Um Jogador, Jogador X Ambiente (PvE), Sobrenatural, Exploração, Estilizado, Mistério, Comédia, Reúna a Galera"
Touhou Garden of the Yukkuri,"Oct 9, 2026",Free,https://store.steampowered.com/app/5159730/Touhou_Garden_of_the_Yukkuri/?snr=1_7_7_popularcomingsoon_150_4,"Coleção de Criaturas, Faça o que Quiser, Simulador de Vida Real, Casual, Personalização de Personagem, Protagonista Mulher, 3D, Fofo, Terceira Pessoa, Aconchegante, Do Bem, Gratuito para Jogar, Simulação, Anime, Estilizado, Fé, Memes, Multijogador, Um Jogador"
Hot Meals Fast Wheels - Prologue,"Oct 6, 2026",Free,https://store.steampowered.com/app/5167810/Hot_Meals_Fast_Wheels__Prologue/?snr=1_7_7_popularcomingsoon_150_4,"Simulação, Cooperativo On-line, Ação, Um Jogador, Casual, Culinária, Direção, Indie, 3D, Fofo, Primeira Pessoa, Estilizado, Personalização de Personagem, Física, Multijogador, Tutorial, Gratuito para Jogar"
STAR WARS: Galactic Racer™ Digital Art Book,"Oct 6, 2026",Indefinido,https://store.steampowered.com/app/4554460/STAR_WARS_Galactic_Racer_Digital_Art_Book/?snr=1_7_7_popularcomingsoon_150_4,"Corrida, Aventura, Ação, Multijogador, Cinematográfico, Competitivo, Esportes, Um Jogador, Jogador x Jogador (PvP), Direção, Você Decide, Alta Rejogabilidade, Atmosférico, Controle, Multijogador Assíncrono, Ficção Científica, Corrida com Combate, Combate com Veículos, Destruição, Estrada de Terra"
ARC Raiders - Frozen Trail Collector Set,"Oct 8, 2026",Indefinido,https://store.steampowered.com/app/5201760/ARC_Raiders__Frozen_Trail_Collector_Set/?snr=1_7_7_popularcomingsoon_150_4,Ação
Ravenswatch - Kintaro,"Oct 12, 2026",Indefinido,https://store.steampowered.com/app/4809870/Ravenswatch__Kintaro/?snr=1_7_7_popularcomingsoon_150_4,Sem gênero
Nighthold Demo,"Oct 6, 2026",Free,https://store.steampowered.com/app/5173200/Nighthold_Demo/?snr=1_7_7_popularcomingsoon_150_4,"RPG, Exploração, Faça o que Quiser, Ação, Jogador X Ambiente (PvE), Ação / Aventura, Aventura, Terceira Pessoa, Mundo Aberto, Construção de Bases, Sobrevivência, Fabricação, Construção, Multijogador, Um Jogador, Cooperativo, Cooperativo On-line"
"My Beautiful Faraway, Please Don't Be Cruel To Me","Oct 13, 2026",Indefinido,https://store.steampowered.com/app/4516190/My_Beautiful_Faraway_Please_Dont_Be_Cruel_To_Me/?snr=1_7_7_popularcomingsoon_150_4,"Aventura, Quebra-Cabeça, Mistério, Terror Psicológico, Exploração, Atmosférico, Surrealista, Sombrio, Psicodélico, Indie, Simulador de Caminhada, Você Decide, Vários Finais, Narrativa, Primeira Pessoa, Trilha Sonora, Um Jogador, Boa Trama, Casual"
Spy Drops Gaiden,"Oct 12, 2026",Indefinido,https://store.steampowered.com/app/4152490/Spy_Drops_Gaiden/?snr=1_7_7_popularcomingsoon_150_4,"Ação, Furtivo, Retrô, Arcade, 2D, Gráficos Pixelados, Protagonista Mulher, Militar, Um Jogador"
Pogo Gnom,"Oct 6, 2026",Free,https://store.steampowered.com/app/5128520/Pogo_Gnom/?snr=1_7_7_popularcomingsoon_150_4,"Plataforma de Precisão, Plataforma 3D, Parkour, Casual, Ação, Impiedoso, Plataforma, Personalização de Personagem, 3D, Terceira Pessoa, Controle, Colorido, Gratuito para Jogar, Indie, Estilizado, Atmosférico, Comovente, Comédia, Física, Um Jogador"
VOID PROFIT: Aetrocor Trial Vessel,"Oct 6, 2026",Free,https://store.steampowered.com/app/4931690/VOID_PROFIT_Aetrocor_Trial_Vessel/?snr=1_7_7_popularcomingsoon_150_4,"Capitalismo, Estratégia, Crime, Economia, Simulação, Gerenciamento, Espacial, Simulador Espacial, 2D, Mundo Aberto, Geração Procedural, Indie, Ficção Científica, Atmosférico, Retrô, Gerenciamento de Inventário, Gerenciamento de Recursos, Um Jogador"
Chess Folk,"Oct 7, 2026",Indefinido,https://store.steampowered.com/app/5221860/Chess_Folk/?snr=1_7_7_popularcomingsoon_150_4,"Estratégia, Xadrez, Software, Jogo de Tabuleiro, Quebra-Cabeça, Jogo de Mesa, Estratégia em Turnos, Tática por Turnos, Jogo de Guerra, 2D, Abstrato, Minimalista, Tela Dividida, Anos 90, Para Toda a Família, Lógica, Medieval, Militar, Velha-Guarda, Retrô"
Horns of Deliverance,"Oct 12, 2026",Indefinido,https://store.steampowered.com/app/4080520/Horns_of_Deliverance/?snr=1_7_7_popularcomingsoon_150_4,"Ação, Roguelike de Ação, Roguelike, Tiro em Primeira Pessoa (FPS), 3D, Psicodélico, Primeira Pessoa, Combate, Violento, Indie, Acesso Antecipado, Geração Procedural, Um Jogador"
Pixel Golf League,"Oct 6, 2026",Indefinido,https://store.steampowered.com/app/5262110/Pixel_Golf_League/?snr=1_7_7_popularcomingsoon_150_4,"Esportes, Arcade, Apontar e Clicar, Plataforma 2D, 2D, Colorido, Física, Jogador X Ambiente (PvE), Indie, Acesso Antecipado, Casual, Um Jogador, Golfe"
Keep Watering,"Oct 8, 2026",Indefinido,https://store.steampowered.com/app/4569670/Keep_Watering/?snr=1_7_7_popularcomingsoon_150_4,"Casual, Incremental, Progressão Ociosa, 2D, Colorido, Isométrico, Gráficos Pixelados, Visão Superior, Agricultura, Automação, Indie, Economia, Saques, Simulador Rural, Estratégia, Natureza, Desenho Animado, Cartunizado, Arcade, Fofo"
"Tower of Fangs: Summoned to Another World, I Was Locked in a Tower with 299 Strikers, Only the Last Egoist Goes Home","Oct 6, 2026",Indefinido,https://store.steampowered.com/app/5285560/Tower_of_Fangs_Summoned_to_Another_World_I_Was_Locked_in_a_Tower_with_299_Strikers_Only_the_Last_Egoist_Goes_Home/?snr=1_7_7_popularcomingsoon_150_4,"Esportes, RPG, Futebol, Aventura, Ação / Aventura, Arcade, JRPG, Roguelite, Anime, Psicodélico, Fantasia, Mágica, Jogador x Jogador (PvP), Indie, Boa Trama, Um Jogador, Multijogador Local, 3D, Romance Visual, Roguelike"
Cozy and Tidy Demo,"Oct 6, 2026",Free,https://store.steampowered.com/app/5242700/Cozy_and_Tidy_Demo/?snr=1_7_7_popularcomingsoon_150_4,"Casual, Aconchegante, Do Bem, Relaxante, Fofo, Simulação, Quebra-Cabeça, Faça o que Quiser, Simulador de Vida Real, Para Toda a Família, Apontar e Clicar, Simulador Imersivo, Colorido, Engraçado, Desenhado à Mão, 2D, Um Jogador"
7 days in a little world,"Oct 6, 2026",Indefinido,https://store.steampowered.com/app/5240720/7_days_in_a_little_world/?snr=1_7_7_popularcomingsoon_150_4,"RPG de Ação, Visão Superior, Indie, Simulador Imersivo, Ação, Faça o que Quiser, Simulação, Gerenciamento de Recursos, Exploração, Simulador de Vida Real, 2D, Sobrevivência, Construção de Cidades, Reúna a Galera, Plataforma 2D, Fofo, Zumbis, Dragões, Animais, Mineração"
Hoop Dynasty: Rise of a Legend Demo,"Oct 6, 2026",Free,https://store.steampowered.com/app/4968700/Hoop_Dynasty_Rise_of_a_Legend/?snr=1_7_7_popularcomingsoon_150_4,"Basquete, Gerenciamento, Simulação, Esportes, Estratégia, RPG, Um Jogador, Gerenciamento de Recursos, Personalização de Personagem, 2D, Baseado em Texto, Você Decide, Não Linear"
Last Delivery,"Oct 6, 2026",Indefinido,https://store.steampowered.com/app/5276970/Last_Delivery/?snr=1_7_7_popularcomingsoon_150_4,"Casual, Luta 2D, Plataforma, Plataforma 2D, Câmera Lateral, 2D, Gráficos Pixelados, Indie, Um Jogador"
Of Dice and Minions Demo,"Oct 6, 2026",Free,https://store.steampowered.com/app/4984370/Of_Dice_and_Minions/?snr=1_7_7_popularcomingsoon_150_4,"Estratégia, Batalha Automática, Dados, Roguelite, Tático, Explorador de Calabouços, Gráficos Pixelados, Geração Procedural, Alta Rejogabilidade, Fantasia, Jogador X Ambiente (PvE), Roguelike, 2D, Um Jogador, Combate, Morte Permanente, Mágica, Minijogos, Controle"
The Road Remembers,"Oct 6, 2026",Indefinido,https://store.steampowered.com/app/5280030/The_Road_Remembers/?snr=1_7_7_popularcomingsoon_150_4,"RPG, Baseado em Texto, Você Decide, Fantasia, Baseado em Classes, Roguelike, Roguelite, Medieval, Combate, Indie, Morte Permanente, Um Jogador, Em Turnos"
Cliax Codec,"Oct 6, 2026",Indefinido,https://store.steampowered.com/app/2980450/Cliax_Codec/?snr=1_7_7_popularcomingsoon_150_4,"Ação, Arcade, Tiro, Tiro em Terceira Pessoa, SHMUP com Visão Superior, 3D, Ficção Científica, Combate, Controle, Aventura, Linear, Inferno de Balas, Plataforma 3D, Um Jogador, Indie, Boa Trama, 2D, Terceira Pessoa, Visão Superior, Robôs"
Höllenburg 'Hell Castle' Demo,"Oct 6, 2026",Free,https://store.steampowered.com/app/4796230/Hollenburg_Hell_Castle/?snr=1_7_7_popularcomingsoon_150_4,"Ação, Aventura, Ação / Aventura, Arcade, Plataforma 2D, Exploração, Metroidvania, 2D, Gráficos Pixelados, Demônios, Violência Detalhada, Indie, Fantasia Sombria, Segunda Guerra Mundial, Não Linear, Um Jogador"
Moto Racing Manager,"Oct 6, 2026",Free,https://store.steampowered.com/app/5247270/Moto_Racing_Manager/?snr=1_7_7_popularcomingsoon_150_4,"eSports, Corrida, Simulador Automobilístico, Tática em Tempo Real, 2D, 3D, Jogador X Ambiente (PvE), Jogador x Jogador (PvP), Esportes, Ação, Gratuito para Jogar, Casual, Simulação, Um Jogador, Multijogador"
Teryon Crisis,"Oct 6, 2026",Indefinido,https://store.steampowered.com/app/5265230/Teryon_Crisis/?snr=1_7_7_popularcomingsoon_150_4,"Estratégia em Tempo Real (RTS), Construção de Bases, Tática em Tempo Real, Um Jogador, Jogo de Guerra, Gerenciamento de Recursos, Militar, Tanques, Jogador X Ambiente (PvE), Isométrico, Combate Naval, Ficção Científica, Estratégia, Tático, 3D, Naval, Guerra, Futurista, Combate, Indie"
Pinball Chemist,"Oct 6, 2026",Indefinido,https://store.steampowered.com/app/4197500/Pinball_Chemist/?snr=1_7_7_popularcomingsoon_150_4,"Simulador de Emprego, Quebra-Cabeça, Simulador Imersivo, Pinball, Arcade, Casual, Fabricação, Ciência, Física, Estratégia, 3D, Aconchegante, Capitalismo, Relaxante, Simulação, Colorido, Minimalista, Um Jogador, Estilizado, Ficção Científica"
Flappy Wings Multiplayer,"Oct 6, 2026",Indefinido,https://store.steampowered.com/app/5269790/Flappy_Wings_Multiplayer/?snr=1_7_7_popularcomingsoon_150_4,"Casual, Indie, Multijogador, Pontos, Pontos, Pontos!, Corredor, Tela Dividida, Câmera Lateral, Plataforma de Precisão, Arcade, Multijogador Local, Jogador x Jogador (PvP), Ação, Corrida, Plataforma, Um Jogador, Plataforma 2D, 2D, Cartunizado, Para Toda a Família, Geração Procedural"
STAtIC,"Oct 6, 2026",Indefinido,https://store.steampowered.com/app/2097640/STAtIC/?snr=1_7_7_popularcomingsoon_150_5,Sem gênero
Only Mining Demo,"Oct 6, 2026",Free,https://store.steampowered.com/app/5328140/Only_Mining_Demo/?snr=1_7_7_popularcomingsoon_150_5,"Casual, Um Jogador, Isométrico, Visão Superior, Controle, Incremental, Linear, Indie, Mineração"
火の言伝 体験版,"Oct 6, 2026",Free,https://store.steampowered.com/app/4483020/Echoes_of_the_Flame/?snr=1_7_7_popularcomingsoon_150_5,"2,5D, JRPG, RPG de Grupos, RPG, Boa Trama, Gráficos Pixelados, Combate em Turnos, Enredo Rico, Indie, Em Turnos, Exploração, Mistério, Velha-Guarda, Comovente, Atmosférico, Retrô, Fantasia, Visão Superior, Controle, Um Jogador"
WyrmGate Demo,"Oct 6, 2026",Free,https://store.steampowered.com/app/4790460/WyrmGate/?snr=1_7_7_popularcomingsoon_150_5,"Combate em Turnos, RPG, Gratuito para Jogar, Fantasia Sombria, Jogador x Jogador (PvP), Multijogador Massivo, Personalização de Personagem, Saques, Explorador de Calabouços, RPG de Grupos, Cooperativo On-line, RPG Tático, Baseado em Classes, Jogador X Ambiente (PvE), Fantasia, Multijogador, Dragões, Enredo Rico, 2D, Um Jogador"
White Christmas Demo,"Oct 6, 2026",Free,https://store.steampowered.com/app/5127300/White_Christmas/?snr=1_7_7_popularcomingsoon_150_5,"Simulação, Faça o que Quiser, Primeira Pessoa, Multijogador, Cooperativo On-line, Cooperativo, Minimalista, Estilizado, Anos 90, Atmosférico, Relaxante, Para Toda a Família, Indie, Aconchegante, Do Bem, Mundo Aberto, Física, Tiro em Primeira Pessoa (FPS)"
Paunchy Pets,"Oct 6, 2026",Indefinido,https://store.steampowered.com/app/4052150/Paunchy_Pets/?snr=1_7_7_popularcomingsoon_150_5,"Coleção de Criaturas, Casual, Arcade, Ação, Minijogos, Simulador Rural, Batalha Automática, 2D, Para Toda a Família, Simulação, Multijogador Assíncrono, Colorido, Fofo, Aconchegante, RPG, Indie, Eventos Rápidos, Agricultura, Jogador x Jogador (PvP), Um Jogador"
Foundation: Harvest Festival,"Oct 8, 2026",Indefinido,https://store.steampowered.com/app/4713280/Foundation_Harvest_Festival/?snr=1_7_7_popularcomingsoon_150_5,"Simulação, Estratégia, Indie, Casual, Construção de Cidades, Relaxante, Faça o que Quiser, Culinária, Medieval, Gerenciamento de Recursos, Gerenciamento"
Glass Drop,"Oct 6, 2026",Indefinido,https://store.steampowered.com/app/3054160/Glass_Drop/?snr=1_7_7_popularcomingsoon_150_5,"Casual, Quebra-Cabeça, 2D, Física, Um Jogador, Plataforma 2D, Colorido, Reúna a Galera, Realístico, Pontos, Pontos, Pontos!, Ação"
Gravebound Rising,"Oct 6, 2026",Indefinido,https://store.steampowered.com/app/5087060/Gravebound_Rising/?snr=1_7_7_popularcomingsoon_150_5,"Ação, RPG, Estratégia, Batalha Automática, Construção de Cidades, Simulador de Colônias, Roguelike de Ação, Incremental, Simulador de Epidemias, 2D, Indie, Casual, Visão Superior, Fantasia Sombria, Linear, Jogador X Ambiente (PvE), Um Jogador"
Northgard Battlegrounds Demo,"Oct 6, 2026",Free,https://store.steampowered.com/app/5090100/Northgard_Battlegrounds_Demo/?snr=1_7_7_popularcomingsoon_150_5,"Estratégia, Casual, Simulação, Batalha Automática, Construção de Cidades, Construção de Bases, Um Jogador, Jogador x Jogador (PvP), Multijogador Assíncrono, Multijogador, Fantasia, Roguelike, Tático, Indie, Montagem de Decks, Gerenciamento de Recursos, Combate, Você Decide, Combate em Turnos, Tática por Turnos"
Hide & Swipe Demo,"Oct 6, 2026",Free,https://store.steampowered.com/app/5055370/Hide__Swipe/?snr=1_7_7_popularcomingsoon_150_5,"Reúna a Galera, Casual, Jogador x Jogador (PvP), Desenho Animado, Multijogador, Física, Objetos Ocultos, Terceira Pessoa, Engraçado, Comédia, Fofo, Cartunizado, 3D, Estilizado, Um Jogador, Indie"
Dancing with Ghosts,"Oct 8, 2026",Indefinido,https://store.steampowered.com/app/1352700/Dancing_with_Ghosts/?snr=1_7_7_popularcomingsoon_150_5,"Acesso Antecipado, Boa Trama, Romance Visual, Aconchegante, Comovente, Do Bem, Desenhado à Mão, Atmosférico, Sobrenatural, Narrativa, Aventura, Relaxante, Ficção Interativa, Fofo, Protagonista Mulher, Rico em Diálogos, Minijogos, Engraçado, Casual, 2D"
Eishockey Manager Legacy,"Oct 8, 2026",Indefinido,https://store.steampowered.com/app/5186920/Eishockey_Manager_Legacy/?snr=1_7_7_popularcomingsoon_150_5,"Esportes, Estratégia, Simulação, Hóquei, Gerenciamento, Economia, 2D, Cartunizado, Tático, Indie, Comédia, Desenho Animado, Um Jogador"
AeroBloom,"Oct 6, 2026",Indefinido,https://store.steampowered.com/app/5284980/AeroBloom/?snr=1_7_7_popularcomingsoon_150_5,"Casual, Ação, Tiro em Terceira Pessoa, Tiro, 3D, Arcade, Colorido, Aconchegante, Atmosférico, Indie, Física, Um Jogador, Mundo Aberto"
Never Sort By Color Demo,"Oct 6, 2026",Free,https://store.steampowered.com/app/5229070/Never_Sort_By_Color_Demo/?snr=1_7_7_popularcomingsoon_150_5,"Simulador Imersivo, Colete Tudo, Casual, Objetos Ocultos, Simulação, Quebra-Cabeça, Faça o que Quiser, 3D, Engraçado, Relaxante, Aconchegante, Indie, Fantasia, Mágica, Realístico, Pontos, Pontos, Pontos!, Tático, Atmosférico, Organização, Um Jogador"
GemLoop,"Oct 6, 2026",Indefinido,https://store.steampowered.com/app/5296420/GemLoop/?snr=1_7_7_popularcomingsoon_150_5,"Combinar 3, Casual, Incremental, Quebra-Cabeça, Gerenciamento de Recursos, Relaxante, Indie, Lógica, Colorido, Curta-Metragem, Para Toda a Família, 2D, Só Mouse, Um Jogador"
Daydream Cat: DreamSpirits Idle Adventure - Demo,"Oct 6, 2026",Free,https://store.steampowered.com/app/5147000/Daydream_Cat_DreamSpirits_Idle_Adventure/?snr=1_7_7_popularcomingsoon_150_5,"RPG, Progressão Ociosa, Casual, Batalha Automática, Companheiro de Área de Trabalho, RPG de Grupos, Baseado em Equipes, Fantasia, Saques, Automação, Baseado em Classes, Combate, Indie, Gerenciamento de Recursos, Gerenciamento de Inventário, Jogador X Ambiente (PvE), Gráficos Pixelados, 2D, Um Jogador, Relaxante"
ALL-HU: Mahjong Puzzle Demo,"Oct 6, 2026",Free,https://store.steampowered.com/app/5265920/ALLHU_Mahjong_Puzzle_Demo/?snr=1_7_7_popularcomingsoon_150_5,"Casual, Quebra-Cabeça, Mahjong, Jogo de Tabuleiro, Lógica, Um Jogador, 2D, Visão Superior, Desenhado à Mão, Minimalista, Aconchegante, Estratégia, Indie, Relaxante, Atmosférico, Para Toda a Família, Tutorial, Jogo de Mesa"
Dupery: A Game of Solo Deduction,"Oct 15, 2026",Indefinido,https://store.steampowered.com/app/3845070/Dupery_A_Game_of_Solo_Deduction/?snr=1_7_7_popularcomingsoon_150_5,"Roguelike, Dedução Social, Investigação, Estratégia, Detetive, Crime, Tática por Turnos, Quebra-Cabeça, Jogo de Mesa, Noir, Jogador X Ambiente (PvE), 2D, Mistério, Enredo Rico, Você Decide, Casual, Jogo de Tabuleiro, Combate, Manipulação de Tempo, Roguelite"
Anomaly Core: Hospital Demo,"Oct 6, 2026",Free,https://store.steampowered.com/app/4689330/Anomaly_Core_Hospital/?snr=1_7_7_popularcomingsoon_150_5,"Terror, Terror Psicológico, Violência Detalhada, Primeira Pessoa, Atmosférico, Thriller, Um Jogador, Psicológico, Terror de Sobrevivência, Psicodélico, Sombrio, Aventura, Cinematográfico, Exploração, Estilizado, Realístico, Sobrenatural, Linear, Mistério, Sobrevivência"
"Love, Death & My Daughter Demo","Oct 6, 2026",Free,https://store.steampowered.com/app/5162170/Love_Death__My_Daughter_Demo/?snr=1_7_7_popularcomingsoon_150_5,"RPG, Simulação, Apontar e Clicar, Gráficos Pixelados, 2D, Um Jogador, Gratuito para Jogar, Terror Psicológico"
HyperPipes Demo,"Oct 6, 2026",Free,https://store.steampowered.com/app/5009100/HYPERPIPES/?snr=1_7_7_popularcomingsoon_150_5,"Corrida, Corrida com Combate, Voo, Direção, Impiedoso, Arcade, Geração Procedural, Controle, 3D, Terceira Pessoa, Combate com Veículos, Colorido, Estilizado, Ficção Científica, Espacial, Futurista, Combate, Um Jogador, Jogador x Jogador (PvP), Multijogador"
Rainfusor Demo,"Oct 6, 2026",Free,https://store.steampowered.com/app/5164340/Rainfusor_Demo/?snr=1_7_7_popularcomingsoon_150_5,"Roguelite, Câmera Lateral, Paraíso de Balas, Inferno de Balas, Hack and Slash, Ação, Arcade, Física, Geração Procedural, Mágica, Destruição, Surrealista, Não Linear, Um Jogador, Experimental, Ritmo Rápido, Roguelike de Ação, Controles Intencionalmente Bizarros, Memes"
Too Many Cats in the Plant Shop! Demo,"Oct 6, 2026",Free,https://store.steampowered.com/app/5181440/Too_Many_Cats_in_the_Plant_Shop/?snr=1_7_7_popularcomingsoon_150_5,"Casual, Quebra-Cabeça, Gatos, Relaxante, Gráficos Pixelados, 2D, Organização, Indie, Fofo, Um Jogador"
Distant Worlds 2: Shadows Rising,"Oct 7, 2026",Indefinido,https://store.steampowered.com/app/3989670/Distant_Worlds_2_Shadows_Rising/?snr=1_7_7_popularcomingsoon_150_5,"Estratégia, Simulação, 4X, Grande Estratégia, Espacial, Ficção Científica, 3D, Um Jogador, Geração Procedural, Combate, Tempo Real com Pausa, Acesso Antecipado, Estratégia em Tempo Real (RTS)"
Square Force Demo,"Oct 6, 2026",Free,https://store.steampowered.com/app/5247830/Square_Force_Demo/?snr=1_7_7_popularcomingsoon_150_5,"Roguelike de Ação, Tiro em Arena, Tiro com Saques, Ação, Mandando Bala, Tiro, Ação / Aventura, Roguelike, Aventura, 3D, Personalização de Armas, Colorido, Estilizado, Demônios, Zumbis, Psicodélico, Violência Detalhada, Violento, Comédia, Sobrevivência"
Warehouse: Catastrophe Demo,"Oct 6, 2026",Free,https://store.steampowered.com/app/5030670/Warehouse_Catastrophe/?snr=1_7_7_popularcomingsoon_150_5,"Casual, Simulação, Relaxante, Organização, Colete Tudo, Objetos Ocultos, 3D, Atmosférico, Engraçado, Gerenciamento de Recursos, Um Jogador, Limpeza, Aconchegante, Incremental, Simulador de Emprego, Quebra-Cabeça, Realístico, Simulador Imersivo, Gatos, Gerenciamento de Inventário"
Panda vs Meow Demo,"Oct 6, 2026",Free,https://store.steampowered.com/app/4836770/Panda_vs_Meow/?snr=1_7_7_popularcomingsoon_150_5,"Roguelike de Ação, Roguelite, Casual, Morte Permanente, Ação, Jogador X Ambiente (PvE), Roguelike, 2D, Visão Superior, Fofo, Engraçado, Cartunizado, Indie, Colorido, Gatos, Tiro, Paraíso de Balas, Animais, Para Toda a Família, Combate"
Girl Foundation Demo,"Oct 6, 2026",Free,https://store.steampowered.com/app/4396760/Girl_Foundation/?snr=1_7_7_popularcomingsoon_150_5,"Aventura, Terror Psicológico, Plataforma 3D, Vários Finais, Primeira Pessoa, Simulador de Caminhada, Terror, Um Jogador, Linear, 3D, Exploração, Indie, Acesso Antecipado, Plataforma com Quebra-Cabeça, Detetive, Thriller, Noir, Enredo Rico, Terror de Sobrevivência, Boa Trama"
VOX Zero Demo,"Oct 6, 2026",Free,https://store.steampowered.com/app/4892700/VOX_Zero/?snr=1_7_7_popularcomingsoon_150_5,"Ação, Ação / Aventura, Roguelike de Ação, Roguelike, Plataforma 3D, 3D, Voxel, Cartunizado, Estilizado, Futurista, Ficção Científica, Transumanismo, Aventura, Indie, Humor Ácido, Combate, Morte Permanente, Geração Procedural, Um Jogador"
Stream Train,"Oct 16, 2026",Indefinido,https://store.steampowered.com/app/4071650/Stream_Train/?snr=1_7_7_popularcomingsoon_150_5,"Cooperativo On-line, Terror, Engraçado, Trens, Investigação, Humor Pesado, Atmosférico, Cooperativo, Comédia, Física, Exploração, Direção, Aventura, Sobrenatural, Personalização de Personagem, Geração Procedural, Terror Psicológico, Simulador de Emprego, Primeira Pessoa, Multijogador"
Echo Weaver,"Oct 8, 2026",Indefinido,https://store.steampowered.com/app/2184080/Echo_Weaver/?snr=1_7_7_popularcomingsoon_150_5,"Aventura, Indie, Quebra-Cabeça, Atmosférico, Ação, Metroidvania, Exploração, 2D, Manipulação de Tempo, Viagem no Tempo, Plataforma, Controle, Soulslike, Boa Trama, Plataforma com Quebra-Cabeça, Ficção Científica, Ação / Aventura, Plataforma de Precisão, Plataforma 2D, Desenhado à Mão"
Odd Town,"Oct 15, 2026",Indefinido,https://store.steampowered.com/app/2688780/Odd_Town/?snr=1_7_7_popularcomingsoon_150_5,"Exploração, Mundo Aberto, Faça o que Quiser, Tiro em Primeira Pessoa (FPS), Ação, Ação / Aventura, Personalização de Personagem, Você Decide, 2,5D, Primeira Pessoa, Humor Ácido, Engraçado, Humor Pesado, Estilizado, Surrealista, Casual, Não Linear, Atmosférico, Simulador Imersivo, Indie"
Calculator - Desktop Mate Widgets Kasane Teto DLC,"Oct 7, 2026",Indefinido,https://store.steampowered.com/app/5214010/Calculator__Desktop_Mate_Widgets_Kasane_Teto_DLC/?snr=1_7_7_popularcomingsoon_150_5,"Animação e Modelagem, Utilitários, Gratuito para Jogar, Anime, Fofo, Software"
Loftia,"Nov 3, 2026",Indefinido,https://store.steampowered.com/app/2320980/Loftia/?snr=1_7_7_popularcomingsoon_150_5,"Acesso Antecipado, Simulador de Vida Real, Simulador Rural, Multijogador Massivo, Decoração, Personalização de Personagem, Exploração, Aconchegante, Aventura, Multijogador, Fabricação, Relaxante, Colete Tudo, Simulação, Cooperativo On-line, MMORPG, Casual, Indie, Boa Trama, Fofo"
Moonfrost,"Oct 12, 2026",Indefinido,https://store.steampowered.com/app/2561630/Moonfrost/?snr=1_7_7_popularcomingsoon_150_5,"Acesso Antecipado, RPG, Simulador de Vida Real, Simulação, Simulador Rural, Exploração, Aventura, Gráficos Pixelados, Relaxante, Fabricação, Um Jogador, Construção de Cidades, Simulador de Encontros, 2,5D, Fofo, Desenhado à Mão, Isométrico, Culinária, Pesca, Saques"
Trade or Threat Demo,"Oct 6, 2026",Free,https://store.steampowered.com/app/5236070/Trade_or_Threat_Demo/?snr=1_7_7_popularcomingsoon_150_5,"Aventura, Simulação, Explorador de Calabouços, Gerenciamento de Lojas, 3D, Primeira Pessoa, Estilizado, Atmosférico, Economia, Thriller, Fantasia Sombria, Medieval, Gerenciamento, Gerenciamento de Inventário, Gerenciamento de Recursos, Um Jogador"
Mythical Whalers Demo,"Oct 6, 2026",Free,https://store.steampowered.com/app/5266780/Mythical_Whalers_Demo/?snr=1_7_7_popularcomingsoon_150_5,"Estratégia, Estratégia em Turnos, RPG, Simulação, Personalização de Personagem, Escolha a sua Aventura, Roguelike, Aventura, RPG Tático, Tática por Turnos, Gráficos Pixelados, Visão Superior, Atmosférico, Fantasia, Guerra, Casual, Enredo Rico, Retrô, Indie, Tático"
Calcio Totale,"Oct 7, 2026",Indefinido,https://store.steampowered.com/app/5247020/Calcio_Totale/?snr=1_7_7_popularcomingsoon_150_5,"Simulação, Esportes, Estratégia, Futebol, Gerenciamento, Indie, Gerenciamento de Recursos, Tático, Economia, Um Jogador, Faça o que Quiser, Você Decide, Baseado em Texto, 2D, Velha-Guarda, Nostalgia"
Raccoon Valley Tycoon,"Oct 7, 2026",Indefinido,https://store.steampowered.com/app/3814730/Raccoon_Valley_Tycoon/?snr=1_7_7_popularcomingsoon_150_5,"Simulador de Emprego, Aconchegante, Progressão Ociosa, Relaxante, Objetos Ocultos, Apontar e Clicar, Gerenciamento, Incremental, Limpeza, Mineração, Do Bem, Casual, Anime, Desenhado à Mão, Organização, Gerenciamento de Recursos, Simulador Rural, Fabricação, Agricultura, Fantasia"
It Hears You: Together,"Oct 9, 2026",Indefinido,https://store.steampowered.com/app/4642120/It_Hears_You_Together/?snr=1_7_7_popularcomingsoon_150_5,"Simulação, Ação, RPG, Ação / Aventura, Simulador de Caminhada, 3D, Primeira Pessoa, Realístico, Sobrevivência, Sombrio, Natureza, Psicológico, Terror Psicológico, Furtivo, Terror, Terror de Sobrevivência, Jogador x Jogador (PvP), Aventura, Geração Procedural, Multijogador"
Kennel Chaos: Daycare Simulator Demo,"Oct 7, 2026",Free,https://store.steampowered.com/app/5323270/Kennel_Chaos_Daycare_Simulator_Demo/?snr=1_7_7_popularcomingsoon_150_5,"Casual, Simulador de Emprego, Cachorros, Gerenciamento de Lojas, Animais, Simulação, Gerenciamento, Reúna a Galera, Aconchegante, 3D, Simulador de Vida Real, Gerenciamento de Tempo, Construção, Um Jogador, Indie, Cooperativo, Primeira Pessoa, Personalização de Personagem, Engraçado, Cartunizado"
Linked Wheels Demo,"Oct 7, 2026",Free,https://store.steampowered.com/app/5037940/Linked_Wheels/?snr=1_7_7_popularcomingsoon_150_5,"Corrida, Casual, Esportes, Plataforma, Quebra-Cabeça, Corredor, Plataforma 3D, 3D, Engraçado, Cooperativo, Cooperativo On-line, Indie, Multijogador, Um Jogador, Ação / Aventura, Parkour"
Anomalous Cleaning Detail,"Oct 8, 2026",Indefinido,https://store.steampowered.com/app/4378370/Anomalous_Cleaning_Detail/?snr=1_7_7_popularcomingsoon_150_5,"Casual, Simulação, Relaxante, Um Jogador, Faça o que Quiser, Simulador Imersivo, Primeira Pessoa, 3D, Realístico, Anos 80, Anos 90, Indie, Atmosférico, Conspiração, Mistério, Apontar e Clicar, Sobrenatural"
Hex Reverse,"Oct 7, 2026",Free,https://store.steampowered.com/app/5257350/Hex_Reverse/?snr=1_7_7_popularcomingsoon_150_5,"Casual, Cartas, Jogo de Tabuleiro, Batalha com Cartas, Roguelike, Quebra-Cabeça, Jogo de Cartas, Roguelite, Coleção de Criaturas, 2D, Anime, Visão Superior, Fantasia, Gratuito para Jogar, Indie, Mágica, Jogador X Ambiente (PvE), Tática por Turnos, Montagem de Decks, Protagonista Mulher"
Hybrid Gene,"Oct 7, 2026",Indefinido,https://store.steampowered.com/app/4891720/Hybrid_Gene/?snr=1_7_7_popularcomingsoon_150_5,"Coleção de Criaturas, Tática em Tempo Real, Ação, RPG, Combate, Controle, Jogador X Ambiente (PvE), Indie, Acesso Antecipado, Aventura"
Dead Ringer Demo,"Oct 7, 2026",Free,https://store.steampowered.com/app/4762150/Dead_Ringer/?snr=1_7_7_popularcomingsoon_150_5,"Romance Visual, História em Quadrinhos, Comédia, Aventura, Detetive, Terror, Ficção Interativa, Vários Finais, Sobrenatural, 2D, Anos 90, Desenho Animado, Violência Detalhada, Indie, Humor Pesado, Demônios, Linear, Boa Trama, Crime, Um Jogador"
The Only Eye: Arcane Legacy,"Oct 7, 2026",Indefinido,https://store.steampowered.com/app/5238140/The_Only_Eye_Arcane_Legacy/?snr=1_7_7_popularcomingsoon_150_5,"Roguelite, Roguelike de Ação, Plataforma 2D, RPG, Gráficos Pixelados, Ação, Fantasia Sombria, Geração Procedural, Câmera Lateral, Um Jogador, Jogador X Ambiente (PvE), Explorador de Calabouços, Gerenciamento de Inventário, Atmosférico, Fantasia, Vários Finais, Gerenciamento de Recursos, Estilizado, Colorido, Aventura"
Bake It Tight Demo,"Oct 7, 2026",Free,https://store.steampowered.com/app/5330120/Bake_It_Tight_Demo/?snr=1_7_7_popularcomingsoon_150_5,"Estratégia, Quebra-Cabeça, Automação, Casual, Lógica, Simulação, Gerenciamento de Recursos, Gerenciamento, Gerenciamento de Tempo, Construção, Pontos, Pontos, Pontos!, 2D, Indie, Colorido, Fofo, Visão Superior, Culinária, Um Jogador, Impiedoso, Alta Rejogabilidade"
Insomnia,"Oct 7, 2026",Indefinido,https://store.steampowered.com/app/3450300/Insomnia/?snr=1_7_7_popularcomingsoon_150_5,"Ação, Tiro, SHMUP com Visão Superior, 2D, Visão Superior, Indie, Violência Detalhada, Violento, Gráficos Pixelados, Crime, Eventos Rápidos, Combate, Jogador X Ambiente (PvE), Um Jogador"
Company Captain: Westashes Demo,"Oct 7, 2026",Free,https://store.steampowered.com/app/4796100/Company_Captain_Westashes/?snr=1_7_7_popularcomingsoon_150_6,"Acesso Antecipado, RPG Tático, Mundo Aberto, Estratégia em Turnos, Tática por Turnos, Combate em Turnos, RPG, Tático, Fantasia Sombria, Estratégia, RPG de Estratégia, Faça o que Quiser, CRPG, Espada, Medieval, Gerenciamento, Grade Hexagonal, Indie, Personalização de Personagem, Narração Dinâmica"
Do Disciplinary Committee Members Dream of Succubi?,"Oct 9, 2026",Indefinido,https://store.steampowered.com/app/4233960/Do_Disciplinary_Committee_Members_Dream_of_Succubi/?snr=1_7_7_popularcomingsoon_150_6,"Aventura, RPG, JRPG, Anime, Um Jogador, Conteúdo Sexual"
Dr. Moreau's Experiment Demo,"Oct 7, 2026",Free,https://store.steampowered.com/app/5022260/Dr_Moreaus_Experiment/?snr=1_7_7_popularcomingsoon_150_6,"Sokoban, Quebra-Cabeça, Lógica, Estratégia, Noir, Gráficos Pixelados, Retrô, Sombrio, Movimento em Grade, Um Jogador"
Autumn Urban Style - WorldNeverland - Daily Life in the Elnea Kingdom - Another Life Adventure,"Oct 7, 2026",Indefinido,https://store.steampowered.com/app/5019930/Autumn_Urban_Style__WorldNeverland__Daily_Life_in_the_Elnea_Kingdom__Another_Life_Adventure/?snr=1_7_7_popularcomingsoon_150_6,"Simulação, Simulador de Vida Real, Faça o que Quiser, Vários Finais, Fabricação, Comovente, Plataforma 3D, Fofo, Personalização de Personagem, Fantasia, Indie, Relaxante, Inteligência Artificial, Para Toda a Família, Um Jogador, Romance, Culinária, Tutorial, Você Decide, Visão Superior"
Chaos The Devil Demo,"Oct 7, 2026",Free,https://store.steampowered.com/app/4970480/Chaos_The_Devil_Demo/?snr=1_7_7_popularcomingsoon_150_6,"Plataforma 3D, Ação, Plataforma, 3D, Aventura, Linear, Anos 90, Velha-Guarda, Retrô, Estilizado, Indie, Para Toda a Família, Um Jogador"
Beyond These Stars,"Oct 16, 2026",Indefinido,https://store.steampowered.com/app/2295060/Beyond_These_Stars/?snr=1_7_7_popularcomingsoon_150_6,"Estratégia, Simulação, Construção de Bases, Simulador de Colônias, Construção de Cidades, Gerenciamento de Recursos, Sobrevivência, Faça o que Quiser, Gerenciamento, Construção, 2D, Automação, Mundo Aberto, Ficção Científica, Um Jogador, Compatível com Mods, Alta Rejogabilidade, Geração Procedural, Indie, Atmosférico"
FROG IN THE HOLE! Demo,"Oct 7, 2026",Free,https://store.steampowered.com/app/5320850/FROG_IN_THE_HOLE_Demo/?snr=1_7_7_popularcomingsoon_150_6,"Incremental, Estratégia, Física, Casual, Automação, Ação, Faça o que Quiser, Primeira Pessoa, Aventura, Terror Psicológico, Gerenciamento, Simulação, Gerenciamento de Recursos, Exploração, 3D, Conspiração, Construção de Bases, Gráficos Pixelados, Um Jogador, Cultos"
Harvest Overdrive Demo,"Oct 7, 2026",Free,https://store.steampowered.com/app/5189450/Harvest_Overdrive/?snr=1_7_7_popularcomingsoon_150_6,"Roguelite, Indie, Simulador Rural, Inferno de Balas, Gerenciamento de Lojas, Alta Rejogabilidade, Casual, Ritmo Rápido, Ação, Roguelike de Ação, 2D, Desenho Animado, Fofo, Engraçado, Simulação, Um Jogador, Gerenciamento de Recursos"
Killpath,"Oct 7, 2026",Indefinido,https://store.steampowered.com/app/5248170/Killpath/?snr=1_7_7_popularcomingsoon_150_6,"Acesso Antecipado, Ação, Luta 2D, Roguelike, Roguelike de Ação, Arcade, Tiro sobre Trilhos, Roguelite, Mandando Bala, Câmera Lateral, Tiro de Tiozão, 2D, Colorido, Terceira Pessoa, Gráficos Pixelados, Futurista, Atmosférico, Alienígenas, Espacial, Anos 90"
Heartbeats - Anniversary Edition,"Oct 7, 2026",Indefinido,https://store.steampowered.com/app/5213380/Heartbeats__Anniversary_Edition/?snr=1_7_7_popularcomingsoon_150_6,"Casual, Quebra-Cabeça, Apontar e Clicar, Desenhado à Mão, Linear, Rico em Diálogos, Romance Visual, 2D, Estratégia, Indie, Atmosférico, Comovente, Espacial, Um Jogador"
Super Macabre Madness,"Oct 7, 2026",Indefinido,https://store.steampowered.com/app/5291680/Super_Macabre_Madness/?snr=1_7_7_popularcomingsoon_150_6,"Um Jogador, Ação, Plataforma 2D, Gráficos Pixelados, Plataforma de Precisão, Humor Pesado, Narração Dinâmica, Gótico, Ação / Aventura, Plataforma, 2D, Desenho Animado, Indie, Cartunizado, Humor Ácido, Engraçado, Protagonista Mulher, Linear, Vários Finais"
Endless Bonds,"Oct 7, 2026",Indefinido,https://store.steampowered.com/app/5031520/Endless_Bonds/?snr=1_7_7_popularcomingsoon_150_6,"Ação, Roguelike de Ação, Ação / Aventura, Roguelike, Inferno de Balas, SHMUP com Visão Superior, 2D, Gráficos Pixelados, Visão Superior, Fantasia, Saques, Aventura, Indie, Casual, Controle, Jogador X Ambiente (PvE), Local para 4 Jogadores, Multijogador Local, Multijogador, Um Jogador"
"Not Now, Aliens! Demo","Oct 7, 2026",Free,https://store.steampowered.com/app/5089160/Not_Now_Aliens_Demo/?snr=1_7_7_popularcomingsoon_150_6,"Aventura, Cooperativo, Cooperativo On-line, Multijogador, Um Jogador, 3D, Futurista, Construção de Cidades, Alienígenas, Exploração, Linear, Fofo, Pontos, Pontos, Pontos!, Vários Finais, Primeira Pessoa, Indie, Mundo Aberto, Parkour, Faça o que Quiser, Seis Graus de Liberdade"
Puzzle Arrows: The Original,"Oct 7, 2026",Indefinido,https://store.steampowered.com/app/5125890/Puzzle_Arrows_The_Original/?snr=1_7_7_popularcomingsoon_150_6,"Casual, Quebra-Cabeça, 2D, Abstrato, Minimalista, Para Toda a Família, Lógica, Relaxante, Indie, Um Jogador"
Flippy Burgers,"Oct 7, 2026",Indefinido,https://store.steampowered.com/app/5092180/Flippy_Burgers/?snr=1_7_7_popularcomingsoon_150_6,"Estratégia, Arcade, Roguelite, Casual, Gráficos Pixelados, Morte Permanente, Você Decide, Baseado em Classes, 2D, Indie, Um Jogador, Comédia, Tático"
Incremental Woods,"Oct 7, 2026",Indefinido,https://store.steampowered.com/app/5145290/Incremental_Woods/?snr=1_7_7_popularcomingsoon_150_6,"Casual, Incremental, Progressão Ociosa, Apontar e Clicar, 2D, Gráficos Pixelados, Visão Superior, Fantasia, Elfos, Mágica, Medieval, Indie, Aconchegante, Natureza, Automação, Um Jogador"
Do you remember?,"Oct 7, 2026",Indefinido,https://store.steampowered.com/app/4891640/Do_you_remember/?snr=1_7_7_popularcomingsoon_150_6,"Boa Trama, Vários Finais, Simulador Imersivo, Você Decide, Ficção Interativa, Terror Psicológico, Psicológico, 2D, Enredo Rico, Um Jogador, Casual, Relaxante, Eventos Rápidos, Sombrio, Comovente, Simulação, Simulador Médico, Realístico, Anos 90, Thriller"
Demon Crisis Demo,"Oct 7, 2026",Free,https://store.steampowered.com/app/5177030/Demon_Crisis/?snr=1_7_7_popularcomingsoon_150_6,"Tiro sobre Trilhos, Arcade, 3D, Tiro, Primeira Pessoa, Boa Trama, Ação, Demônios, Velha-Guarda, Retrô, Cooperativo, Campanha Cooperativa, Multijogador, Cooperativo On-line, Um Jogador"
OUT OF BOUNDS Demo,"Oct 7, 2026",Free,https://store.steampowered.com/app/3089390/OUT_OF_BOUNDS/?snr=1_7_7_popularcomingsoon_150_6,"Aventura, Sobrevivência, Terror de Sobrevivência, Faça o que Quiser, Exploração, Terror, Construção de Bases, 3D, Primeira Pessoa, Acesso Antecipado, Gratuito para Jogar, Indie, Física, Não Linear, Um Jogador, Combate, Fabricação"
Super Shooting Gallery Battle,"Oct 7, 2026",Indefinido,https://store.steampowered.com/app/5251580/Super_Shooting_Gallery_Battle/?snr=1_7_7_popularcomingsoon_150_6,"Casual, Ação, Arcade, Indie, Reúna a Galera, Tiro, Pontos, Pontos, Pontos!, Plataforma 3D, Física, Um Jogador, Multijogador, Multijogador Local, Local para 4 Jogadores, Tiro em Primeira Pessoa (FPS), Colete Tudo, Jogador x Jogador (PvP), Controle, Para Toda a Família, Atmosférico, Retrô"
Thunder Hoop Collection (QUByte Classics),"Oct 8, 2026",Indefinido,https://store.steampowered.com/app/4448240/Thunder_Hoop_Collection_QUByte_Classics/?snr=1_7_7_popularcomingsoon_150_6,"Ação, Casual, Ação / Aventura, Arcade, Plataforma, Plataforma 2D, Câmera Lateral, 2D, Gráficos Pixelados, Anos 90, Velha-Guarda, Retrô, Ficção Científica, Linear, Cooperativo, Cooperativo Local, Multijogador, Um Jogador, Multijogador Local"
BOLD: Networked Newt Action Demo,"Oct 7, 2026",Free,https://store.steampowered.com/app/4153760/BOLD_Networked_Newt_Action/?snr=1_7_7_popularcomingsoon_150_6,"Jogador x Jogador (PvP), Baseado em Equipes, Furtivo, Parkour, Espionagem, Assalto, LGBTQIA+, Animais, Tiro em Terceira Pessoa, Primeira Pessoa, Terceira Pessoa, Cyberpunk, Simulador Imersivo, Dragões, Cachorros, Ação / Aventura, Enredo Rico, Ação, Anime, Militar"
Tower Tactics II,"Oct 8, 2026",Indefinido,https://store.steampowered.com/app/3749130/Tower_Tactics_II/?snr=1_7_7_popularcomingsoon_150_6,"Acesso Antecipado, Defesa de Torres, Montagem de Decks Roguelike, Estratégia, Espacial, Roguelike, Montagem de Decks, Roguelite, 2D, Visão Superior, Batalha com Cartas, Cartas, Gráficos Pixelados, Ficção Científica, Gerenciamento, Tático, Geração Procedural, Relaxante, Um Jogador, Indie"
DIGITRE:SUM 10/20 Demo,"Oct 7, 2026",Free,https://store.steampowered.com/app/5106680/DIGITRESUM_1020/?snr=1_7_7_popularcomingsoon_150_6,"Ação, Quebra-Cabeça, Arcade, Pontos, Pontos, Pontos!, Casual, Ritmo Rápido, Indie, Lógica, 2D, Futurista, Estilizado, Um Jogador, Tutorial, Alta Rejogabilidade, Colorido"
Royal Cartographer: Restore the Map,"Oct 7, 2026",Indefinido,https://store.steampowered.com/app/5087780/Royal_Cartographer_Restore_the_Map/?snr=1_7_7_popularcomingsoon_150_6,"Relaxante, Casual, Organização, Faça o que Quiser, Colete Tudo, Exploração, Objetos Ocultos, Simulação, 3D, Quebra-Cabeça, Estilizado, Atmosférico, Indie, Aconchegante, Fantasia, Mágica, Medieval, Um Jogador, Imersivo, Simulador Imersivo"
Dragon Dinner,"Oct 8, 2026",Indefinido,https://store.steampowered.com/app/4148630/Dragon_Dinner/?snr=1_7_7_popularcomingsoon_150_6,"Gerenciamento de Tempo, Aconchegante, Simulação, Roguelike, Personalização de Personagem, Fofo, Culinária, Dragões, Engraçado, Você Decide, Controle, Casual, Cartunizado, Colorido, Gerenciamento de Recursos, Um Jogador, Cooperativo Local, Simulador de Emprego, Gerenciamento de Lojas, Inteligência Artificial"
Annie's DineInn: Demo,"Oct 7, 2026",Free,https://store.steampowered.com/app/4932560/Annies_DineInn_Demo/?snr=1_7_7_popularcomingsoon_150_6,"Aconchegante, Culinária, Terror, Gerenciamento de Lojas, Gerenciamento, Boa Trama, Você Decide, Simulação, Indie, Vários Finais, Casual, Simulador Rural, Primeira Pessoa, Linear, Um Jogador, Humor Ácido, Economia, Enredo Rico, Fabricação, 3D"
Drillbound,"Oct 8, 2026",Indefinido,https://store.steampowered.com/app/4149040/Drillbound/?snr=1_7_7_popularcomingsoon_150_6,"Incremental, Economia, Mineração, Subterrâneo, Arcade, Estratégia, 2D, Relaxante, Casual, Simulação, Gráficos Pixelados, Destruição, Retrô, Progressão Ociosa, Gerenciamento de Recursos, Um Jogador, Curta-Metragem, Indie"
Maybe Hero,"Oct 7, 2026",Indefinido,https://store.steampowered.com/app/5284210/Maybe_Hero/?snr=1_7_7_popularcomingsoon_150_6,"Casual, Tiro, Arcade, Defesa de Torres, Reúna a Galera, Tiro em Primeira Pessoa (FPS), Plataforma 3D, Corredor, Mandando Bala, Primeira Pessoa, 3D, Terceira Pessoa, Fofo, Ação, Indie, Super-Heróis, Franco-Atirador, Guerra, Surrealista, Comédia"
This Flash Contains Horrors Demo,"Oct 7, 2026",Free,https://store.steampowered.com/app/4642150/This_Flash_Contains_Horrors_Demo/?snr=1_7_7_popularcomingsoon_150_6,"Terror, Digitação, Objetos Ocultos, Quebra-Cabeça, Ficção Interativa, Simulador de Caminhada, 3D, Voxel, Primeira Pessoa, Terror Psicológico, Humor Ácido, Boa Trama, Linear, Jogo de Palavras, Vários Finais, Você Decide, Simulação, Gráficos Pixelados, Atmosférico, Psicológico"
Sister Compass: Slow Life Loving with My Sisters on a Deserted Island,"Oct 8, 2026",Indefinido,https://store.steampowered.com/app/4583960/Sister_Compass_Slow_Life_Loving_with_My_Sisters_on_a_Deserted_Island/?snr=1_7_7_popularcomingsoon_150_6,"Casual, Simulação, Fofo, Anime, Simulador Imersivo, Construção de Bases, Um Jogador, Gráficos Pixelados, Construção, Romance Visual, RPG, Simulador Rural"
Cozy Farm Life Simulator Demo,"Oct 7, 2026",Free,https://store.steampowered.com/app/5070270/Cozy_Farm_Life_Simulator/?snr=1_7_7_popularcomingsoon_150_6,"Simulação, Simulador Rural, Simulador de Vida Real, Exploração, 3D, Primeira Pessoa, Agricultura, Atmosférico, Indie, Um Jogador, Aconchegante"
Majhi,"Oct 7, 2026",Indefinido,https://store.steampowered.com/app/4890650/Majhi/?snr=1_7_7_popularcomingsoon_150_6,"Casual, Ficção Interativa, Câmera Lateral, 2D, Gráficos Pixelados, Atmosférico, Mistério, Sobrenatural, Indie, Linear, Boa Trama, Um Jogador"
Mortal Xiuxian,"Oct 8, 2026",Indefinido,https://store.steampowered.com/app/5250790/Mortal_Xiuxian/?snr=1_7_7_popularcomingsoon_150_6,"Casual, Progressão Ociosa, RPG, Simulação, Xianxia, Baseado em Texto, Jogo de Palavras, Mitologia, Indie, Minimalista, 2D, Um Jogador"
"Dude, Trust Me Demo","Oct 7, 2026",Free,https://store.steampowered.com/app/5117640/Dude_Trust_Me_Demo/?snr=1_7_7_popularcomingsoon_150_6,"Estratégia, Gerenciamento de Tempo, Quebra-Cabeça, Casual, Reúna a Galera, 3D, Primeira Pessoa, Rico em Diálogos, Engraçado, Baseado em Equipes, Para Toda a Família, Colorido, Estilizado, Cartunizado, Indie, Comédia, Cooperativo, Campanha Cooperativa, Fuja da Sala, Alta Rejogabilidade"
Rollamech Demo,"Oct 7, 2026",Free,https://store.steampowered.com/app/4849390/Rollamech/?snr=1_7_7_popularcomingsoon_150_6,"Casual, Estratégia, Jogo de Tabuleiro, Jogo de Mesa, Mechas, Quebra-Cabeça, Ficção Científica, Personalização de Personagem, Indie, Local para 4 Jogadores, Multijogador Local"
Xenmega,"Oct 7, 2026",Indefinido,https://store.steampowered.com/app/4990370/Xenmega/?snr=1_7_7_popularcomingsoon_150_6,"Câmera Lateral, Mandando Bala, Ação, Casual, Tiro, Arcade, 2D, Fofo, Controle, Linear, Colorido, Gráficos Pixelados, Indie, Ficção Científica, Espacial, Retrô, Cooperativo Local, Um Jogador"
Scavenger's March,"Oct 7, 2026",Indefinido,https://store.steampowered.com/app/5301260/Scavengers_March/?snr=1_7_7_popularcomingsoon_150_6,"Incremental, Progressão Ociosa, Casual, Pós-Apocalíptico, Batalha Automática, Simulação, Sobrevivência, Gráficos Pixelados, Geração Procedural, Gerenciamento de Recursos, Exploração, Indie, Visão Superior, 2D, Violência Detalhada, Violento, Ficção Científica, Humor Ácido, Retrô, Robôs"
Become Blackhole Demo,"Oct 7, 2026",Free,https://store.steampowered.com/app/4994890/Become_Blackhole/?snr=1_7_7_popularcomingsoon_150_6,"Casual, Simulador Espacial, Apontar e Clicar, Incremental, 2D, Colorido, Estilizado, Espacial, Relaxante, Atmosférico, Indie, Física, Linear, Um Jogador"
Offworlders: Galactic Ventures Demo,"Oct 7, 2026",Free,https://store.steampowered.com/app/4672990/Offworlders_Galactic_Ventures/?snr=1_7_7_popularcomingsoon_150_6,"Simulador Espacial, Troca, SHMUP com Visão Superior, Exploração, Controle com Alavanca Dupla, Mineração, Ficção Científica, Espacial, 2D, Visão Superior, Combate, Gerenciamento de Recursos, Gerenciamento de Inventário, Geração Procedural, Um Jogador, Jogador X Ambiente (PvE), Futurista, Ação, Simulação, Estilizado"
Hexograph Demo,"Oct 7, 2026",Free,https://store.steampowered.com/app/3967580/Hexograph/?snr=1_7_7_popularcomingsoon_150_6,"Casual, Estratégia, Quebra-Cabeça, Lógica, Relaxante, Controle, Tutorial, Grade Hexagonal, 2D, Minimalista, Abstrato, Colorido, Estilizado, Um Jogador, Para Toda a Família, Não Linear, Só Mouse, Indie"
Form Demo,"Oct 7, 2026",Free,https://store.steampowered.com/app/5167310/Form/?snr=1_7_7_popularcomingsoon_150_6,"Simulação, Progressão Ociosa, Atmosférico, Simulador de Vida Real, Mistério, Gerenciamento, Exploração, Relaxante, Boa Trama, Você Decide, Alta Rejogabilidade, Economia, 2D, Indie, Estilizado, Pontos, Pontos, Pontos!, Futurista, Um Jogador, Apontar e Clicar, Baseado em Texto"
ARCHSCROLL Demo,"Oct 7, 2026",Free,https://store.steampowered.com/app/5219580/ARCHSCROLL_Demo/?snr=1_7_7_popularcomingsoon_150_6,"Ação, RPG, RPG de Ação, Indie, Porradaria, Hack and Slash, Arcade, Câmera Lateral, Boa Trama, 2D, Um Jogador, Combate, Fantasia, Medieval, Mágica, Baseado em Classes, Tático, Anime, Terceira Pessoa, Retrô"
LieStar ResiStar,"Oct 7, 2026",Free,https://store.steampowered.com/app/5144300/LieStar_ResiStar/?snr=1_7_7_popularcomingsoon_150_6,"Ação, Indie, Um Jogador, Plataforma, Plataforma 3D, Jogador X Ambiente (PvE), Terceira Pessoa, Gratuito para Jogar, Futurista"
Hauberk,"Oct 7, 2026",Indefinido,https://store.steampowered.com/app/5327690/Hauberk/?snr=1_7_7_popularcomingsoon_150_6,"Roguelike Tradicional, Geração Procedural, Explorador de Calabouços, RPG, Automação, Combate em Turnos, Incremental, Estratégia em Turnos, RPG de Estratégia, Roguelike, 2D, Visão Superior, Subterrâneo, Dragões, Fantasia Sombria, Gráficos Pixelados, Estilizado, Saques, Fantasia, Um Jogador"
Sky Scramble Demo,"Oct 7, 2026",Free,https://store.steampowered.com/app/4885880/Sky_Scramble/?snr=1_7_7_popularcomingsoon_150_6,"Multijogador Local, Ação, Voo, Reúna a Galera, Local para 4 Jogadores, 2D, Gráficos Pixelados, Câmera Lateral, Arcade, Primeira Guerra Mundial, Segunda Guerra Mundial, Guerra Fria, Histórico, Controle, Jogador x Jogador (PvP), Combate com Veículos, Tiro em Arena, Casual, Colorido, Pontos, Pontos, Pontos!"
Miners Cat Revolution,"Oct 7, 2026",Indefinido,https://store.steampowered.com/app/5079650/Miners_Cat_Revolution/?snr=1_7_7_popularcomingsoon_150_6,"Acesso Antecipado, Gráficos Pixelados, Casual, Estratégia, Um Jogador, 2D, Combate, Defesa de Torres, Progressão Ociosa, Incremental, Fofo, Animais, Gatos, Aconchegante, Economia, Para Toda a Família, Engraçado, Gerenciamento, Mineração, Relaxante"
Garden Cleanup Simulator,"Oct 8, 2026",Indefinido,https://store.steampowered.com/app/4608760/Garden_Cleanup_Simulator/?snr=1_7_7_popularcomingsoon_150_6,"Aconchegante, Limpeza, Relaxante, Simulação, Fofo, Simulador de Emprego, Do Bem, Casual, Simulador Imersivo, Um Jogador, Faça o que Quiser, 3D, Organização"
Glow Arcade Racer Demo,"Oct 7, 2026",Free,https://store.steampowered.com/app/5050060/Glow_Arcade_Racer/?snr=1_7_7_popularcomingsoon_150_6,"Ação, Casual, Corrida, Arcade, Corrida com Combate, 3D, Visão Superior, Retrô, Controle, Editor de Níveis, Jogador X Ambiente (PvE), Indie, Jogador x Jogador (PvP), Local para 4 Jogadores, Multijogador Local, Multijogador, Um Jogador"
Inearth Demo,"Oct 7, 2026",Free,https://store.steampowered.com/app/5187540/Inearth_Demo/?snr=1_7_7_popularcomingsoon_150_6,"Tática por Turnos, Roguelite, Ficção Científica, Estratégia, Montagem de Decks, Um Jogador, Jogador X Ambiente (PvE), Tático, Combate em Turnos, Atmosférico, Cartas, Indie, Violento, 2D, Casual, Estratégia em Turnos, Fabricação"
Buried Life Demo,"Oct 7, 2026",Free,https://store.steampowered.com/app/4840050/Buried_Life/?snr=1_7_7_popularcomingsoon_150_7,"Exploração, Objetos Ocultos, Terror Psicológico, Quebra-Cabeça, Ficção Interativa, Simulador de Caminhada, Primeira Pessoa, 3D, Terror, Subterrâneo, Boa Trama, Linear, Rico em Diálogos, Casual, Realístico, Ficção Científica, Thriller, Seis Graus de Liberdade, Atmosférico, Aventura"
G.D.F. PHALANX: Missile Defense Protocol,"Oct 7, 2026",Indefinido,https://store.steampowered.com/app/5297720/GDF_PHALANX_Missile_Defense_Protocol/?snr=1_7_7_popularcomingsoon_150_7,"Estratégia, Jogo de Guerra, Defesa de Torres, Simulação, Construção de Bases, Estratégia em Tempo Real (RTS), 3D, Isométrico, Pós-Apocalíptico, Anos 90, Combate, Cooperativo, Multijogador, Um Jogador"
Mimic Busters,"Oct 15, 2026",Indefinido,https://store.steampowered.com/app/5167420/Mimic_Busters/?snr=1_7_7_popularcomingsoon_150_7,"Casual, Reúna a Galera, Objetos Ocultos, 3D, Comédia, Primeira Pessoa, Terceira Pessoa, Cooperativo On-line, Colorido, Cooperativo, Furtivo, Engraçado, Cartunizado, Gráficos Pixelados, Jogador x Jogador (PvP), Personalização de Personagem, Um Jogador, Multijogador, Baseado em Equipes, Decoração"
[Nightmare Files] Stoned Demo,"Oct 7, 2026",Free,https://store.steampowered.com/app/3435410/Nightmare_Files_Stoned_Demo/?snr=1_7_7_popularcomingsoon_150_7,"Aventura, Ação, Terror, Boa Trama, Mistério, Mitologia, Lovecraftiano, Enredo Rico, Simulador de Caminhada, 3D, Primeira Pessoa, Atmosférico, Sombrio, Demônios, Terror Psicológico, Retrô, Indie, Sobrenatural, Um Jogador, Engraçado"
Industeria Demo,"Oct 7, 2026",Free,https://store.steampowered.com/app/5121450/Industeria/?snr=1_7_7_popularcomingsoon_150_7,"Estratégia, Simulação, Faça o que Quiser, Simulador de Colônias, Defesa de Torres, Exploração, SHMUP com Visão Superior, 3D, Estilizado, Multijogador, Cooperativo On-line, Cooperativo, Visão Superior, Um Jogador, Gerenciamento de Recursos, Automação, Gerenciamento de Inventário, Jogador X Ambiente (PvE), Construção, Mundo Aberto"
CyberKitty: Neon Merge Demo,"Oct 7, 2026",Free,https://store.steampowered.com/app/5061450/CyberKitty_Neon_Merge/?snr=1_7_7_popularcomingsoon_150_7,"Gatos, Física, Incremental, Gráficos Pixelados, Anos 90, Casual, Retrô, Cyberpunk, Arcade, Quebra-Cabeça, Fofo, Pontos, Pontos, Pontos!, 2D, Engraçado, Paródia, Velha-Guarda, Relaxante, Do Bem, Combinar 3, Aconchegante"
DABANGGU Demo,"Oct 7, 2026",Free,https://store.steampowered.com/app/5173050/DABANGGU_Demo/?snr=1_7_7_popularcomingsoon_150_7,"Ação, Casual, Arcade, Reúna a Galera, Plataforma 3D, 3D, Primeira Pessoa, Terceira Pessoa, Comédia, Engraçado, Personalização de Personagem, Jogador x Jogador (PvP), Baseado em Equipes, Um Jogador"
BOBABOMB Demo,"Oct 7, 2026",Free,https://store.steampowered.com/app/4672230/BOBABOMB/?snr=1_7_7_popularcomingsoon_150_7,"Ação, Multijogador, Reúna a Galera, Engraçado, Casual, Tiro em Arena, Tiro, Terceira Pessoa, Personalização de Personagem, Controle, Jogador x Jogador (PvP), 3D, Tiro em Terceira Pessoa, Para Toda a Família, Comédia, Indie, Física, Combate, Um Jogador, Multijogador Local"
Legendum Demo,"Oct 7, 2026",Free,https://store.steampowered.com/app/4694760/Legendum_Demo/?snr=1_7_7_popularcomingsoon_150_7,"RPG, Incremental, Roguelite, Progressão Ociosa, Boa Trama, Casual, Jogador X Ambiente (PvE), Gerenciamento de Tempo, Roguelike, Simulador de Vida Real, Fantasia, Batalha Automática, 2D, Ação, Um Jogador, Gráficos Pixelados, Indie, Gerenciamento, Visão Superior, Você Decide"
AdorableCat Demo,"Oct 7, 2026",Free,https://store.steampowered.com/app/4635980/AdorableCat/?snr=1_7_7_popularcomingsoon_150_7,"Companheiro de Área de Trabalho, Progressão Ociosa, Aconchegante, Gatos, Coleção de Criaturas, Gráficos Pixelados, Animais, Fofo, Comovente, Relaxante, Casual, Indie, Simulação, Incremental, 2D, Automação, Gerenciamento, Simulador de Vida Real, Visão Superior, Um Jogador"
Fantasy Camp Builder Demo,"Oct 7, 2026",Free,https://store.steampowered.com/app/4913950/Fantasy_Camp_Builder/?snr=1_7_7_popularcomingsoon_150_7,"Aconchegante, Decoração, Design e Ilustração, Simulação, Casual, Faça o que Quiser, Atmosférico, Do Bem, Fantasia, Organização, Simulador Imersivo, 3D, Controle, Indie, Um Jogador"
DRUNKARD,"Oct 8, 2026",Indefinido,https://store.steampowered.com/app/5326110/DRUNKARD/?snr=1_7_7_popularcomingsoon_150_7,"Casual, Quebra-Cabeça, Cartas, Jogo de Mesa, Batalha com Cartas, Solitário, Fofo, Desenhado à Mão, Colorido, Atmosférico, Para Toda a Família, Lógica, Indie, Velha-Guarda, Medieval, Aconchegante, Você Decide, Um Jogador"
Parasensor Demo,"Oct 7, 2026",Free,https://store.steampowered.com/app/3722090/Parasensor/?snr=1_7_7_popularcomingsoon_150_7,"Terror de Sobrevivência, Sobrenatural, LGBTQIA+, Exploração, Anos 90, Terror, Você Decide, Surrealista, Investigação, Ficção Interativa, Transumanismo, Terror Psicológico, Aventura, Vários Finais, Estilizado, Conspiração, Protagonista Mulher, Rico em Diálogos, Não Linear, Cinematográfico"
Let Me Die Demo,"Oct 7, 2026",Free,https://store.steampowered.com/app/5303110/Let_Me_Die_Demo/?snr=1_7_7_popularcomingsoon_150_7,"Ação, Casual, Estratégia, Incremental, Arcade, Roguelike, Progressão Ociosa, Roguelite, 2D, Gráficos Pixelados, Fantasia, Indie, Mágica, Relaxante, Combate, Linear, Um Jogador"
My Little Ranch Demo,"Oct 7, 2026",Free,https://store.steampowered.com/app/5254460/My_Little_Ranch_Demo/?snr=1_7_7_popularcomingsoon_150_7,"Progressão Ociosa, Cavalos, Relaxante, Simulador Rural, Fofo, Simulação, Incremental, Gráficos Pixelados, Faça o que Quiser, Natureza, Simulador de Vida Real, Casual, 2D, Colorido, Para Toda a Família, Gerenciamento de Recursos, Um Jogador, Indie"
Dragon Tribe Chronicles Demo,"Oct 7, 2026",Free,https://store.steampowered.com/app/4298140/Dragon_Tribe_Chronicles/?snr=1_7_7_popularcomingsoon_150_7,"RPG, Estratégia, Cartas, RPG de Estratégia, Estratégia em Turnos, Batalha com Cartas, RPG Tático, Jogo de Cartas, 3D, Estilizado, Fabricação, Dragões, Fantasia, Tático, Gratuito para Jogar, Indie, Personalização de Personagem, Montagem de Decks, Jogador X Ambiente (PvE), Combate em Turnos"
DungeonOS,"Oct 8, 2026",Indefinido,https://store.steampowered.com/app/4221660/DungeonOS/?snr=1_7_7_popularcomingsoon_150_7,"Explorador de Calabouços, Saques, Quebra-Cabeça, Estratégia em Turnos, Retrô, Velha-Guarda, Gerenciamento de Tempo, Casual, Tática por Turnos, RPG, 2,5D, Gráficos Pixelados, Fantasia, Gerenciamento, Indie, Personalização de Personagem, Gerenciamento de Inventário, Combate em Turnos, Geração Procedural, Um Jogador"
All You Can FISH!,"Oct 8, 2026",Indefinido,https://store.steampowered.com/app/4436580/All_You_Can_FISH/?snr=1_7_7_popularcomingsoon_150_7,"Incremental, Casual, Gerenciamento, Gerenciamento de Recursos, Progressão Ociosa, Relaxante, 2D, Colorido, Estratégia, Fofo, Navegação, Indie, Simulação, Desenhado à Mão, Cachorros, Pesca, Natureza, Um Jogador, Cartunizado, Arcade"
Mors Blade - UNSLASHED Demo,"Oct 7, 2026",Free,https://store.steampowered.com/app/5175990/Mors_Blade__UNSLASHED/?snr=1_7_7_popularcomingsoon_150_7,Sem gênero
Flower Delivery Demo,"Oct 7, 2026",Free,https://store.steampowered.com/app/4984660/Flower_Delivery/?snr=1_7_7_popularcomingsoon_150_7,"Aventura, Casual, Simulação, Educativo, Simulador Rural, Simulador Automobilístico, Tiro em Primeira Pessoa (FPS), Gerenciamento de Lojas, 3D, Colorido, Primeira Pessoa, Terceira Pessoa, Estilizado, Fofo, Para Toda a Família, Economia, Direção, Comédia, Natureza, Aconchegante"
Among the Trolls,"Oct 14, 2026",Indefinido,https://store.steampowered.com/app/1675260/Among_the_Trolls/?snr=1_7_7_popularcomingsoon_150_7,"Ação / Aventura, Boa Trama, Mitologia, Atmosférico, Exploração, Um Jogador, Calabouço Misterioso, Aventura, Protagonista Mulher, Enredo Rico, Arco e Flecha, Mistério, Sobrenatural, Natureza, Primeira Pessoa, Sobrevivência, Narrativa, Ação, Fabricação, 3D"
Free Company Demo,"Oct 7, 2026",Free,https://store.steampowered.com/app/5053640/Free_Company/?snr=1_7_7_popularcomingsoon_150_7,"RPG, Simulação, Estratégia em Turnos, RPG de Grupos, Multijogador, Medieval, Sombrio, Estratégia, RPG de Estratégia, RPG Tático, Tática por Turnos, 3D, Histórico, Guerra, Vários Finais, Violento, Indie, Combate em Turnos, Um Jogador, CRPG"
Rod of Asclepius – Chapter II,"Oct 7, 2026",Free,https://store.steampowered.com/app/4544270/Rod_of_Asclepius__Chapter_II/?snr=1_7_7_popularcomingsoon_150_7,"RPG, Aventura, Histórico, Roma, Simulador Médico, Boa Trama, Educativo, RPG de Grupos, Apontar e Clicar, Personalização de Personagem, Exploração, Isométrico, Detetive, Enredo Rico, Você Decide, Colorido, Estilizado, Mistério, Mitologia, Calabouço Misterioso"
Game Market Mayhem,"Oct 9, 2026",Indefinido,https://store.steampowered.com/app/5144470/Game_Market_Mayhem/?snr=1_7_7_popularcomingsoon_150_7,"Organização, Casual, Relaxante, Simulação, Quebra-Cabeça, Colete Tudo, Limpeza, Simulador Imersivo, Incremental, Gerenciamento de Inventário, Primeira Pessoa, Realístico, 3D, Simulador de Emprego, Um Jogador"
Big Market Simulator,"Oct 8, 2026",Indefinido,https://store.steampowered.com/app/4800470/Big_Market_Simulator/?snr=1_7_7_popularcomingsoon_150_7,"Simulação, Estratégia, Simulador de Colônias, Construção de Cidades, Plataforma 3D, Simulador Imersivo, 3D, Primeira Pessoa, Realístico, Gerenciamento, Economia, Automação, Indie, Capitalismo, Surrealista, Gerenciamento de Inventário, Mundo Aberto, Gerenciamento de Recursos, Um Jogador"
The Curse of Dracula,"Oct 8, 2026",Indefinido,https://store.steampowered.com/app/4913160/The_Curse_of_Dracula/?snr=1_7_7_popularcomingsoon_150_7,"Estratégia, Jogo de Tabuleiro, Gótico, Terror, Um Jogador, Exploração, Visão Superior, Tática por Turnos, Combate em Turnos, Você Decide, Combate, Gerenciamento de Inventário, Histórico"
The Doll Shop,"Oct 12, 2026",Indefinido,https://store.steampowered.com/app/3851680/The_Doll_Shop/?snr=1_7_7_popularcomingsoon_150_7,"Terror, Desenhado à Mão, Boa Trama, Comovente, Atmosférico, Mistério, Vários Finais, Terror Psicológico, Você Decide, Exploração, Romance Visual, Escolha a sua Aventura, Anime, Apontar e Clicar, Narrativa, História em Quadrinhos, Aventura, Sombrio, Romance, Desenho Animado"
Disney/Pixar Toy Story: Retro Roundup!,"Oct 15, 2026",Indefinido,https://store.steampowered.com/app/4049170/DisneyPixar_Toy_Story_Retro_Roundup/?snr=1_7_7_popularcomingsoon_150_7,"Retrô, Plataforma, Ação / Aventura, Para Toda a Família, Anos 90, Desenho Animado, Câmera Lateral, Exploração, Plataforma 2D, Plataforma 3D, Ação, Velha-Guarda, Aventura, Protagonista Mulher, Boa Trama, Multijogador, Um Jogador, Colorido, Colete Tudo, Gráficos Pixelados"
Old War Together,"Oct 8, 2026",Indefinido,https://store.steampowered.com/app/5245720/Old_War_Together/?snr=1_7_7_popularcomingsoon_150_7,"Ação, Simulação, Tiro, Tiro em Terceira Pessoa, 3D, Cinematográfico, Estilizado, Terceira Pessoa, Segunda Guerra Mundial, Direção, Indie, Militar, Atmosférico, Guerra, Jogador X Ambiente (PvE), Jogador x Jogador (PvP), Combate, Cooperativo, Um Jogador, Cooperativo On-line"
Woman Life Simulator,"Oct 8, 2026",Indefinido,https://store.steampowered.com/app/5208580/Woman_Life_Simulator/?snr=1_7_7_popularcomingsoon_150_7,"Casual, Simulação, Simulador de Vida Real, 3D, Colorido, Fofo, Primeira Pessoa, Animais, Atmosférico, Gatos, Limpeza, Comédia, Culinária, Comovente, Engraçado, Relaxante, Romance, Protagonista Mulher, Um Jogador, Para Toda a Família"
Delving The Depths Demo,"Oct 7, 2026",Free,https://store.steampowered.com/app/3571080/Delving_The_Depths/?snr=1_7_7_popularcomingsoon_150_7,"RPG, RPG de Grupos, Explorador de Calabouços, CRPG, Hack and Slash, Calabouço Misterioso, Primeira Pessoa, Movimento em Grade, Combate em Turnos, 3D, Fantasia Sombria, Fantasia, Medieval, Subterrâneo, Combate, Mágica, Realístico, Retrô, Anos 90, Jogador X Ambiente (PvE)"
HORSE CLUB Ride West,"Oct 9, 2026",Indefinido,https://store.steampowered.com/app/4194080/HORSE_CLUB_Ride_West/?snr=1_7_7_popularcomingsoon_150_7,"Cavalos, Simulação, Para Toda a Família, Protagonista Mulher, Velho Oeste, Aventura, Mundo Aberto, Exploração, Aconchegante, Personalização de Personagem, Faça o que Quiser, Natureza, Colorido, Fofo, Comédia, Um Jogador, Trilha Sonora, Esportes"
PlantUp,"Oct 8, 2026",Indefinido,https://store.steampowered.com/app/4891650/PlantUp/?snr=1_7_7_popularcomingsoon_150_7,"Estratégia, Gerenciamento de Tempo, Casual, Gerenciamento, Simulador Rural, Indie, Natureza, Simulação, Agricultura, Arcade, Estratégia em Tempo Real (RTS), 3D, Você Decide, Fofo, Alta Rejogabilidade, Colorido, Um Jogador, Engraçado, Estilizado, Para Toda a Família"
Burn With Me,"Oct 12, 2026",Indefinido,https://store.steampowered.com/app/2954010/Burn_With_Me/?snr=1_7_7_popularcomingsoon_150_7,"Sombrio, Aconchegante, Boa Trama, Cartas, Coleção de Criaturas, Montagem de Decks Roguelike, Roguelike, Montagem de Decks, 2D, Quebra-Cabeça, Noir, Um Jogador, Casual, Desenhado à Mão, Estratégia, Cultos, Demônios, Mistério, Surrealista, Lobos"
Desktop Fireworks Festival Demo,"Oct 8, 2026",Free,https://store.steampowered.com/app/3108330/Desktop_Fireworks_Festival/?snr=1_7_7_popularcomingsoon_150_7,"Companheiro de Área de Trabalho, Progressão Ociosa, Gerenciamento, Colete Tudo, Relaxante, Aconchegante, Gerenciamento de Lojas, Fofo, Gráficos Pixelados, Economia, Construção, Colorido, Atmosférico, Simulação, Casual, Do Bem, 2D, Gerenciamento de Recursos, Construção de Cidades, Um Jogador"
Sort the Luggage,"Oct 8, 2026",Indefinido,https://store.steampowered.com/app/4905430/Sort_the_Luggage/?snr=1_7_7_popularcomingsoon_150_7,"Colete Tudo, Casual, Organização, Quebra-Cabeça, Física, 3D, Aconchegante, Relaxante, Simulação, Indie, Para Toda a Família, Atmosférico, Um Jogador"
撩妹模拟器：备胎的觉醒,"Oct 9, 2026",Indefinido,https://store.steampowered.com/app/5123270/_/?snr=1_7_7_popularcomingsoon_150_7,"Casual, FMV, Simulação, Simulador de Encontros, Simulador Imersivo, Boa Trama, Apontar e Clicar, Romance Visual, Otome, Comovente, Vários Finais, Protagonista Mulher, Um Jogador"
Cozy Builder,"Oct 14, 2026",Indefinido,https://store.steampowered.com/app/4059000/Cozy_Builder/?snr=1_7_7_popularcomingsoon_150_7,"Multijogador, Aconchegante, Relaxante, Exploração, Simulação, Fofo, Gráficos Pixelados, Casual, RPG, Simulador Rural, Simulador de Vida Real, Construção, Mundo Aberto, Fabricação, Cooperativo On-line, Construção de Bases, Gerenciamento, Decoração, Cooperativo, Agricultura"
Fate Candle: Three Kingdoms - Chronicle Restored Demo,"Oct 8, 2026",Free,https://store.steampowered.com/app/5164420/Fate_Candle_Three_Kingdoms__Chronicle_Restored/?snr=1_7_7_popularcomingsoon_150_7,"Estratégia, Estratégia em Turnos, Grande Estratégia, RPG de Estratégia, Cartas, Gerenciamento de Recursos, Jogo de Guerra, RPG Tático, Simulador Político, 2D, Militar, Histórico, Guerra, Tático, História Alternativa, Gerenciamento, Economia, Lógica, Combate em Turnos, Tática por Turnos"
Horror Runner,"Oct 8, 2026",Indefinido,https://store.steampowered.com/app/5293260/Horror_Runner/?snr=1_7_7_popularcomingsoon_150_7,"Aventura, Simulação, Faça o que Quiser, Simulador de Caminhada, Plataforma, Corredor, Colete Tudo, Terceira Pessoa, 3D, Surrealista, Indie, Engraçado, Física, Linear, Um Jogador, Zumbis"
Cursor Pilot,"Oct 8, 2026",Indefinido,https://store.steampowered.com/app/5301170/Cursor_Pilot/?snr=1_7_7_popularcomingsoon_150_7,"Utilitários, Software, Organização"
Sub Rosa Tournament Demo,"Oct 8, 2026",Free,https://store.steampowered.com/app/4373500/Sub_Rosa_Tournament/?snr=1_7_7_popularcomingsoon_150_7,"Reúna a Galera, Multijogador Local, Baseado em Equipes, Tela Dividida, Assalto, Esportes, Desenho Animado, Cooperativo Local, Local para 4 Jogadores, Estilizado, Ação, Controle, História em Quadrinhos, Cooperativo, Tiro em Arena, Geração Procedural, Colorido, Tático, Um Jogador, Casual"
Star Driver Ultra Demo,"Oct 8, 2026",Free,https://store.steampowered.com/app/5090320/Star_Driver_Ultra/?snr=1_7_7_popularcomingsoon_150_7,"Corrida com Combate, Corrida, Combate com Veículos, Ficção Científica, Arcade, Futurista, 3D, Indie, Ação / Aventura, Um Jogador"
Averlyn,"Oct 8, 2026",Indefinido,https://store.steampowered.com/app/5269310/Averlyn/?snr=1_7_7_popularcomingsoon_150_7,"Acesso Antecipado, Aventura, Casual, Simulação, Ação / Aventura, Construção de Cidades, Simulador Rural, Faça o que Quiser, Exploração, Local para 4 Jogadores, Um Jogador, 3D, Multijogador, Desenho Animado, Tutorial, Gerenciamento de Recursos, Colorido, Mundo Aberto, Não Linear, Fofo"
Kill Your Friends,"Oct 8, 2026",Indefinido,https://store.steampowered.com/app/4681250/Kill_Your_Friends/?snr=1_7_7_popularcomingsoon_150_7,"Tiro em Arena, Reúna a Galera, Realístico, Tiro em Primeira Pessoa (FPS), Multijogador, Casual, Atmosférico, Humor Ácido, Terror Psicológico, Violento, Terror de Sobrevivência, Sombrio, Jogador x Jogador (PvP), Primeira Pessoa, Personalização de Personagem, 3D, Combate, Ação, Indie, Terror"
Sign: Broken Kether,"Oct 9, 2026",Indefinido,https://store.steampowered.com/app/3788590/Sign_Broken_Kether/?snr=1_7_7_popularcomingsoon_150_7,"Aventura, Romance Visual, Boa Trama, Anime, Casual, Fantasia, Mágica, Protagonista Mulher, Enredo Rico, Mistério, RPG, Indie, Fofo, Colorido, Moderno, Um Jogador"
Calmaria: Wild Growth Demo,"Oct 8, 2026",Free,https://store.steampowered.com/app/4683860/Calmaria_Wild_Growth/?snr=1_7_7_popularcomingsoon_150_7,"Construção de Bases, Automação, Sobrevivência, Exploração, Fabricação, Gerenciamento de Recursos, Construção de Cidades, Agricultura, Faça o que Quiser, Cooperativo On-line, Explorador de Calabouços, Geração Procedural, Mundo Aberto, Estilizado, Isométrico, Gerenciamento, Saques, Fantasia, Economia, Simulação"
Pill & Chill Demo,"Oct 8, 2026",Free,https://store.steampowered.com/app/5285260/Pill__Chill_Demo/?snr=1_7_7_popularcomingsoon_150_7,"Casual, Organização, Simulação, Relaxante, Física, Do Bem, Aconchegante, Colorido, Estilizado, Fofo, Minimalista, Atmosférico, Lógica, Indie, Um Jogador, Visão Superior, Quebra-Cabeça, Para Toda a Família, 3D, Controle"
Norselings Demo,"Oct 8, 2026",Free,https://store.steampowered.com/app/5129260/Norselings_Demo/?snr=1_7_7_popularcomingsoon_150_7,"Casual, Estratégia, Construção de Cidades, Simulador de Colônias, Progressão Ociosa, Incremental, 2D, Fofo, Construção, Economia, Indie, Vikings, Construção de Bases, Montagem de Decks, Um Jogador"
Lord Liberty Quest II ~Pure White~,"Oct 10, 2026",Indefinido,https://store.steampowered.com/app/4330940/Lord_Liberty_Quest_II_Pure_White/?snr=1_7_7_popularcomingsoon_150_7,"Nudez, Conteúdo Sexual, Aventura, RPG, Mundo Aberto, Protagonista Mulher, JRPG, Explorador de Calabouços, Vários Finais, Calabouço Misterioso, 2D, Um Jogador, Fantasia, Combate em Turnos, Indie"
Squircle Demo,"Oct 8, 2026",Free,https://store.steampowered.com/app/5228170/Squircle_Demo/?snr=1_7_7_popularcomingsoon_150_8,"Golfe, Pinball, Casual, Tutorial, Arcade, 3D, Física, Relaxante, Controle, Colorido, Estilizado, Indie, Ficção Científica, Futurista, Retrô, Um Jogador, Espacial, Curta-Metragem"
Barfender: CO-OP Bar Simulator,"Oct 12, 2026",Indefinido,https://store.steampowered.com/app/4159680/Barfender_COOP_Bar_Simulator/?snr=1_7_7_popularcomingsoon_150_8,"Acesso Antecipado, Simulação, Cooperativo On-line, Faça o que Quiser, Multijogador, Gerenciamento de Recursos, Cooperativo, Construção, Gerenciamento, Engraçado, Simulador Imersivo, Personalização de Personagem, Simulador de Vida Real, Economia, 3D, Controle, Comédia, Combate, Um Jogador, Casual"
Cat and Dog: Princess Guardians Demo,"Oct 8, 2026",Free,https://store.steampowered.com/app/5265400/Cat_and_Dog_Princess_Guardians_Demo/?snr=1_7_7_popularcomingsoon_150_8,"Estratégia, Roguelike de Ação, Defesa de Torres, 2D, Fofo, Do Bem, Dragões, Anime, Fantasia, Eventos Rápidos, Combate, Um Jogador"
MIU,"Oct 8, 2026",Indefinido,https://store.steampowered.com/app/5324860/MIU/?snr=1_7_7_popularcomingsoon_150_8,"Romance Visual, Ficção Interativa, Vários Finais, Quebra-Cabeça, Aventura, Rico em Diálogos, Escolha a sua Aventura, Desenhado à Mão, Fofo, Comédia, Aconchegante, Indie, Narrativa, Um Jogador"
Dino Time Raiders,"Oct 8, 2026",Indefinido,https://store.steampowered.com/app/3971710/Dino_Time_Raiders/?snr=1_7_7_popularcomingsoon_150_8,"Estratégia, Casual, Dinossauros, Progressão Ociosa, Batalha Automática, Ação, Engraçado, Combate, Um Jogador, Indie, Gerenciamento, Gráficos Pixelados, Construção de Bases, Ação / Aventura, Coleção de Criaturas, Viagem no Tempo, Comédia, Ciência, Geração Procedural, Capitalismo"
Last Paddle Standing Demo,"Oct 8, 2026",Free,https://store.steampowered.com/app/5144620/Last_Paddle_Standing/?snr=1_7_7_popularcomingsoon_150_8,"Casual, Arcade, Battle Royale, Esportes, Jogador x Jogador (PvP), Reúna a Galera, Multijogador, Curta-Metragem, 2D, Visão Superior, Controle, Ação, Abstrato, Minimalista, Velha-Guarda, Cooperativo, Cooperativo Local, Multijogador Local, Um Jogador, Em Grupos"
MY CAT SCATTERED GAMES: Tidy Videogame Supermarket,"Oct 9, 2026",Indefinido,https://store.steampowered.com/app/4949400/MY_CAT_SCATTERED_GAMES_Tidy_Videogame_Supermarket/?snr=1_7_7_popularcomingsoon_150_8,"Casual, Relaxante, Simulação, Organização, Quebra-Cabeça, Indie, Aconchegante, Atmosférico, Objetos Ocultos, Um Jogador, Limpeza, Simulador de Emprego, Simulador de Caminhada, 3D, Gerenciamento, Simulador Imersivo, Primeira Pessoa, Gerenciamento de Inventário, Colete Tudo, Retrô"
Pearl - Meeting on an Autumn Day -,"Oct 8, 2026",Free,https://store.steampowered.com/app/4857310/Pearl__Meeting_on_an_Autumn_Day/?snr=1_7_7_popularcomingsoon_150_8,"RPG, Romance Visual, Ficção Interativa, Simulador de Encontros, Baseado em Texto, Fofo, Anime, Atmosférico, Indie, Casual, Gratuito para Jogar, Violência Detalhada, Um Jogador"
Extinction Zone,"Oct 8, 2026",Indefinido,https://store.steampowered.com/app/4323330/Extinction_Zone/?snr=1_7_7_popularcomingsoon_150_8,"Exploração, Tiro com Saques, SHMUP com Visão Superior, Quebra-Cabeça, Tiro, Ação, 2D, Visão Superior, Terror, Pós-Apocalíptico, Controle, Gráficos Pixelados, Aventura, Ficção Científica, Zumbis, Mistério, Anos 90, Retrô, Terror de Sobrevivência, Combate"
Crops & Coops Demo,"Oct 8, 2026",Free,https://store.steampowered.com/app/5336860/Crops__Coops_Demo/?snr=1_7_7_popularcomingsoon_150_8,"Casual, Relaxante, Cooperativo, Cooperativo On-line, Multijogador, Gráficos Pixelados, Retrô, Um Jogador, Visão Superior, Gerenciamento de Recursos, Gerenciamento, Pesca, Agricultura, Simulador Rural, Aconchegante, Automação, Incremental, Progressão Ociosa"
Click & Mine,"Oct 8, 2026",Indefinido,https://store.steampowered.com/app/4506000/Click__Mine/?snr=1_7_7_popularcomingsoon_150_8,"Casual, Simulação, Incremental, Progressão Ociosa, Mineração, Apontar e Clicar, 2D, Minimalista, Gráficos Pixelados, Gerenciamento, Retrô, Indie, Subterrâneo, Movimento em Grade, Gerenciamento de Recursos, Um Jogador, Economia"
Deceptive Shadows Demo,"Oct 8, 2026",Free,https://store.steampowered.com/app/4549850/Deceptive_Shadows_Demo/?snr=1_7_7_popularcomingsoon_150_8,"RPG, Terror, RPG de Ação, Ação / Aventura, Ação, Visão Superior, Terceira Pessoa, Detetive, Terror Psicológico, Vários Finais, Boa Trama, Aventura, Você Decide, Realístico, Thriller, Demônios, Fantasia Sombria, Indie, Mágica, Sobrevivência"
Tower of Annihilation: Welcome to Hell Demo,"Oct 8, 2026",Free,https://store.steampowered.com/app/5142970/Tower_of_Annihilation_Welcome_to_Hell/?snr=1_7_7_popularcomingsoon_150_8,"RPG de Grupos, RPG Tático, Explorador de Calabouços, Roguelike, Roguelite, 2D, Isométrico, Gráficos Pixelados, Grade Hexagonal, Fantasia Sombria, Distópico, Psicológico, RPG, Sombrio, Estratégia, Sobrenatural, Roguelike Tradicional, Combate, Demônios, Fabricação"
MYRIORAMA Demo,"Oct 8, 2026",Free,https://store.steampowered.com/app/4692320/MYRIORAMA_Demo/?snr=1_7_7_popularcomingsoon_150_8,"Aventura, Ação, Ação / Aventura, Quebra-Cabeça, 2D, Fantasia, Ficção Científica, Indie, Exploração, Estilizado, Visão Superior, Explorador de Calabouços, Isométrico, Atmosférico, Mistério, Surrealista, Sombrio, Combate, Um Jogador, Retrô"
Infested DX Demo,"Oct 8, 2026",Free,https://store.steampowered.com/app/4964640/Infested_DX/?snr=1_7_7_popularcomingsoon_150_8,"Aventura, Apontar e Clicar, Gráficos Pixelados, Ficção Científica, Quebra-Cabeça, 2D, Primeira Pessoa, Um Jogador, Gerenciamento de Inventário"
Orbit Crisis Demo,"Oct 8, 2026",Free,https://store.steampowered.com/app/4703140/Orbit_Crisis/?snr=1_7_7_popularcomingsoon_150_8,"Quebra-Cabeça, Casual, Tutorial, Simulador Espacial, 2,5D, Relaxante, Linear, Musical Procedural, Espacial, Atmosférico, Física, Um Jogador, Indie, Simulação"
Rogue's Odyssey Demo,"Oct 8, 2026",Free,https://store.steampowered.com/app/5065480/Rogues_Odyssey_Demo/?snr=1_7_7_popularcomingsoon_150_8,"Roguelike de Ação, Ação, 2,5D, Aventura, Cooperativo, Casual, RPG, Roguelike, Tiro em Terceira Pessoa, Hack and Slash, Personalização de Personagem, RPG de Ação, Inferno de Balas, Saques, Roguelite, Gráficos Pixelados, Fantasia, Indie, Medieval, Sobrevivência"
I SHALL NAME THE DEAD Demo,"Oct 8, 2026",Free,https://store.steampowered.com/app/5123800/I_SHALL_NAME_THE_DEAD_Demo/?snr=1_7_7_popularcomingsoon_150_8,"Aventura, Ficção Interativa, 2D, Desenhado à Mão, Estilizado, Atmosférico, Sombrio, Terror Psicológico, Surrealista, Você Decide, Protagonista Mulher, Vários Finais, Boa Trama, Um Jogador"
Soulstonia - Demo,"Oct 8, 2026",Free,https://store.steampowered.com/app/4448060/Soulstonia__Demo/?snr=1_7_7_popularcomingsoon_150_8,"Progressão Ociosa, RPG de Grupos, Aconchegante, Coleção de Criaturas, Simulação, RPG, Geração Procedural, Fabricação, 2,5D, Relaxante, Personalização de Personagem, Mundo Aberto, Mineração, Pesca, Rural, Fantasia, Construção, Combate, Aventura, Um Jogador"
The Clown's Forest: Shadows of Blood,"Oct 8, 2026",Indefinido,https://store.steampowered.com/app/4778840/The_Clowns_Forest_Shadows_of_Blood/?snr=1_7_7_popularcomingsoon_150_8,"2D, Terror, Visão Superior, Terror Psicológico, RPG, Você Decide, Vários Finais, Ação, Gráficos Pixelados, Escolha a sua Aventura, Aventura, Exploração, Quebra-Cabeça, Simulador de Caminhada, Ação / Aventura, LGBTQIA+, Boa Trama, Acesso Antecipado, Violento, Violência Detalhada"
Harold Rabbit 3 : The House of Mysteries,"Oct 8, 2026",Indefinido,https://store.steampowered.com/app/4364580/Harold_Rabbit_3__The_House_of_Mysteries/?snr=1_7_7_popularcomingsoon_150_8,"Aventura, Casual, Apontar e Clicar, Quebra-Cabeça, Objetos Ocultos, Exploração, Colete Tudo, 2D, Colorido, Desenhado à Mão, Fofo, Detetive, Educativo, Indie, Engraçado, Para Toda a Família, Mistério, Linear, Boa Trama, Um Jogador"
PLANETOON Demo,"Oct 8, 2026",Free,https://store.steampowered.com/app/4695660/PLANETOON/?snr=1_7_7_popularcomingsoon_150_8,"Quebra-Cabeça, Física, Relaxante, Simulação, Casual, Espacial, Jogo de Divindade, Faça o que Quiser, Atmosférico, Minimalista, Colorido, Indie, 2D, Visão Superior, Pontos, Pontos, Pontos!, Vários Finais, Um Jogador, Simulador Espacial, Ficção Científica, Ciência"
Void Skirmisher Demo,"Oct 8, 2026",Free,https://store.steampowered.com/app/5131710/Void_Skirmisher_Demo/?snr=1_7_7_popularcomingsoon_150_8,"Ação, Mandando Bala, Espacial, Cooperativo On-line, Cooperativo, Tiro, SHMUP com Visão Superior, Arcade, Ficção Científica, Multijogador, Personalização de Personagem, Jogador X Ambiente (PvE), Saques, Indie, Visão Superior, Colorido, Um Jogador, Baseado em Equipes, 3D, Controle"
Merc Commander Demo,"Oct 8, 2026",Free,https://store.steampowered.com/app/4824250/Merc_Commander/?snr=1_7_7_popularcomingsoon_150_8,"RPG de Grupos, Mechas, RPG Tático, Ficção Científica, Tática em Tempo Real, Estratégia em Tempo Real (RTS), RPG, RPG de Estratégia, CRPG, Isométrico, Personalização de Personagem, Robôs, Estratégia, Visão Superior, Parar o Tempo, Estilizado, Militar, Tático, Gerenciamento de Inventário, Guerra"
My Oshi Uses Too Much Slang! Demo,"Oct 8, 2026",Free,https://store.steampowered.com/app/5121000/My_Oshi_Uses_Too_Much_Slang_Demo/?snr=1_7_7_popularcomingsoon_150_8,"Simulação, Casual, Ficção Interativa, Romance Visual, Plataforma 2D, Aprendizado de Idiomas, Escolha a sua Aventura, 2D, Fofo, Anime, Desenhado à Mão, Indie, Fantasia, Educativo, Baseado em Texto, Vários Finais, Um Jogador"
Stranded & Naked Soundtrack,"Oct 8, 2026",Indefinido,https://store.steampowered.com/app/5219180/Stranded__Naked_Soundtrack/?snr=1_7_7_popularcomingsoon_150_8,Sem gênero
かみひより ～識塗り編～ 体験版,"Oct 8, 2026",Free,https://store.steampowered.com/app/5161810/_/?snr=1_7_7_popularcomingsoon_150_8,"Plataforma 2D, Romance Visual, Aventura, Protagonista Mulher, 2D, Fofo, Vários Finais, Boa Trama, Mistério, Atmosférico, Moderno, Sobrenatural, Um Jogador"
Sill Cats - Halloween Pack,"Oct 8, 2026",Indefinido,https://store.steampowered.com/app/4641730/Sill_Cats__Halloween_Pack/?snr=1_7_7_popularcomingsoon_150_8,"Gatos, Casual, Simulação, Gráficos Pixelados, Fofo, Indie, Relaxante, Progressão Ociosa, Retrô, Plataforma 2D, Engraçado, Atmosférico, Um Jogador, Companheiro de Área de Trabalho, Inteligência Artificial, Utilitários, Ficção Interativa, 2D, Para Toda a Família"
BEYOND XII,"Oct 8, 2026",Indefinido,https://store.steampowered.com/app/5182380/BEYOND_XII/?snr=1_7_7_popularcomingsoon_150_8,"Aventura, Casual, 3D, Cinematográfico, Primeira Pessoa, Realístico, Atmosférico, Fantasia, Futurista, Mistério, Indie, Ficção Científica, Boa Trama, Um Jogador"
AT THE READY Demo,"Oct 8, 2026",Free,https://store.steampowered.com/app/5142950/AT_THE_READY/?snr=1_7_7_popularcomingsoon_150_8,"Ação, Casual, Tiro, Reúna a Galera, Arcade, Tiro em Terceira Pessoa, 3D, Colorido, Terceira Pessoa, Estilizado, Engraçado, Velho Oeste, Combate, Jogador x Jogador (PvP), Um Jogador, Multijogador, Cooperativo On-line"
Re:Red Demo,"Oct 8, 2026",Free,https://store.steampowered.com/app/5137530/ReRed/?snr=1_7_7_popularcomingsoon_150_8,"Simulador Imersivo, Simulador de Caminhada, Terror, Terror Psicológico, Anos 90, Aventura, Protagonista Mulher, 3D, Fofo, Linear, Colorido, Fantasia, Lobos, Lobisomens, Um Jogador, Vários Finais, Indie"
赛博开箱之王,"Oct 8, 2026",Indefinido,https://store.steampowered.com/app/4853360/_/?snr=1_7_7_popularcomingsoon_150_8,"Casual, Estratégia, Cartas, Estratégia em Turnos, MOBA, Batalha com Cartas, Tática por Turnos, Inteligência Artificial, Espacial, Fantasia, Construção, Relaxante, Futurista, Combate em Turnos, Construção de Bases, Multijogador"
Nine Lives Deep,"Oct 8, 2026",Indefinido,https://store.steampowered.com/app/5259600/Nine_Lives_Deep/?snr=1_7_7_popularcomingsoon_150_8,"Roguelike de Ação, Ação, Explorador de Calabouços, 2D, Aventura, Fofo, Você Decide, Colorido, Atmosférico, Combate, Um Jogador, Indie"
Ship Shape Slam!!!,"Oct 8, 2026",Indefinido,https://store.steampowered.com/app/3871980/Ship_Shape_Slam/?snr=1_7_7_popularcomingsoon_150_8,"Inferno de Balas, Reúna a Galera, Física, Local para 4 Jogadores, Engraçado, Competitivo, Ação, Multijogador, Ritmo Rápido, Alta Rejogabilidade, Personalização de Personagem, Jogador x Jogador (PvP), Visão Superior, 2D, Indie, Controle, Gráficos Pixelados, Retrô, Um Jogador, Casual"
《Boring Ball-無聊的球》,"Oct 8, 2026",Indefinido,https://store.steampowered.com/app/5289790/Boring_Ball/?snr=1_7_7_popularcomingsoon_150_8,"Ação, Física, Estratégia, Arcade, Visão Superior, Destruição, Tiro em Arena, Ação / Aventura, 3D, Fantasia, Indie, Estratégia em Tempo Real com Ação, Um Jogador, Guerra, Combate"
Birdseed,"Oct 8, 2026",Free,https://store.steampowered.com/app/3952540/Birdseed/?snr=1_7_7_popularcomingsoon_150_8,"RV, Relaxante, Cooperativo On-line, Aves, Aconchegante, Natureza, Engraçado, Colete Tudo, Cartunizado, Simulação, Gratuito para Jogar, Para Toda a Família, Edição de Fotos, Coleção de Criaturas, Casual, Objetos Ocultos, Educativo, Fofo, Primeira Pessoa, Indie"
CURSORLOOM,"Oct 8, 2026",Indefinido,https://store.steampowered.com/app/5268080/CURSORLOOM/?snr=1_7_7_popularcomingsoon_150_8,"Design e Ilustração, Utilitários, 2D, Gráficos Pixelados, Anime, Fofo, Software"
Settlers of Idlestan,"Oct 8, 2026",Indefinido,https://store.steampowered.com/app/4851760/Settlers_of_Idlestan/?snr=1_7_7_popularcomingsoon_150_8,"Progressão Ociosa, 4X, Casual, Estratégia, Incremental, Grade Hexagonal, Relaxante, Automação, Gerenciamento de Recursos, 2D, Fantasia, Um Jogador"
The Dark Sarcophagus,"Oct 8, 2026",Indefinido,https://store.steampowered.com/app/5089290/The_Dark_Sarcophagus/?snr=1_7_7_popularcomingsoon_150_8,"Aventura, Terror, Exploração, Subterrâneo, Furtivo, Atmosférico, Indie, Quebra-Cabeça, Vários Finais, Terror Psicológico, Fantasia Sombria, Sobrenatural, Terror de Sobrevivência, Ação / Aventura, Um Jogador, Sombrio, 3D"
Footage: FLIR,"Oct 8, 2026",Indefinido,https://store.steampowered.com/app/5298330/Footage_FLIR/?snr=1_7_7_popularcomingsoon_150_8,"Simulação, Combate com Veículos, Ação, Militar, Tiro, Primeira Pessoa, Estilizado, Atmosférico, Guerra, Moderno, Jogador X Ambiente (PvE), Multijogador, Indie, Cooperativo On-line, Um Jogador, Tutorial, Combate, Tiro em Primeira Pessoa (FPS), 3D"
Valley of Stability Demo,"Oct 8, 2026",Free,https://store.steampowered.com/app/4533160/Valley_of_Stability/?snr=1_7_7_popularcomingsoon_150_8,"Estratégia, Simulação, Aventura, Simulador de Colônias, Estratégia em Tempo Real (RTS), Faça o que Quiser, 3D, Terceira Pessoa, Visão Superior, Voxel, Alienígenas, Indie, Atmosférico, Futurista, Ficção Científica, Espacial, Automação, Construção de Bases, Fabricação, Compatível com Mods"
Abyssalis Demo,"Oct 8, 2026",Free,https://store.steampowered.com/app/4740160/Abyssalis/?snr=1_7_7_popularcomingsoon_150_8,"Subaquático, Atmosférico, Submarino, Roguelike, Roguelike de Ação, Inferno de Balas, Ação, Aventura, Roguelite, Mandando Bala, Arcade, Exploração, Gráficos Pixelados, Ação / Aventura, Pontos, Pontos, Pontos!, Indie, Tiro, Combate, 2D, Jogador X Ambiente (PvE)"
Tempus Inceptum Demo,"Oct 8, 2026",Free,https://store.steampowered.com/app/5340410/Tempus_Inceptum_Demo/?snr=1_7_7_popularcomingsoon_150_8,"Estratégia, Economia, Gerenciamento de Recursos, Troca, Gerenciamento, Faça o que Quiser, Você Decide, Visão Superior, Indie, 3D, Estilizado, Um Jogador"
Abyssal Moonlight-Chapter1 Demo,"Oct 8, 2026",Free,https://store.steampowered.com/app/5119670/Abyssal_MoonlightChapter1_Demo/?snr=1_7_7_popularcomingsoon_150_8,"Romance Visual, Apontar e Clicar, 2,5D, 2D, Casual, Fofo, Baseado em Texto, Enredo Rico, Aventura, Subaquático, Vários Finais, Você Decide, Boa Trama, Gratuito para Jogar, Indie, Colorido, Gráficos Pixelados, Comovente, Atmosférico, Sombrio"
Life as a Lich — Pantheon of Bones,"Oct 8, 2026",Indefinido,https://store.steampowered.com/app/5309860/Life_as_a_Lich__Pantheon_of_Bones/?snr=1_7_7_popularcomingsoon_150_8,"Aventura, RPG, Indie, Um Jogador, Personalização de Personagem, Você Decide, Escolha a sua Aventura, Fantasia Sombria, Ficção Interativa, Baseado em Texto, Vários Finais"
时光镜 Demo,"Oct 8, 2026",Free,https://store.steampowered.com/app/5198470/ChronoGallery/?snr=1_7_7_popularcomingsoon_150_8,"Utilitários, Design e Ilustração, Software"
Crystal Drive Z,"Oct 8, 2026",Indefinido,https://store.steampowered.com/app/5115370/Crystal_Drive_Z/?snr=1_7_7_popularcomingsoon_150_8,"Ação, Mandando Bala, Arcade, Gráficos Pixelados, Pontos, Pontos, Pontos!, Retrô, Um Jogador, Indie"
Needle Hunt,"Oct 8, 2026",Indefinido,https://store.steampowered.com/app/5267570/Needle_Hunt/?snr=1_7_7_popularcomingsoon_150_8,"Casual, Quebra-Cabeça, Objetos Ocultos, 3D, Primeira Pessoa, Estilizado, Engraçado, Indie, Acesso Antecipado, Um Jogador"
Run Giraffe Run,"Oct 8, 2026",Indefinido,https://store.steampowered.com/app/4260550/Run_Giraffe_Run/?snr=1_7_7_popularcomingsoon_150_8,"Multijogador, Corrida, Casual, Cooperativo On-line, Multijogador Local, Engraçado, Fofo, Reúna a Galera, Plataforma, Para Toda a Família, Colorido, Ação, Jogador x Jogador (PvP), Local para 4 Jogadores, Controle, Competitivo, Comédia, Corrida com Combate, Gráficos Pixelados, Ação / Aventura"
Silberheim Evolving Card Game Demo,"Oct 8, 2026",Free,https://store.steampowered.com/app/3601830/Silberheim_Evolving_Card_Game/?snr=1_7_7_popularcomingsoon_150_8,"Batalha com Cartas, Jogo de Cartas, Montagem de Decks, Você Decide, Jogador x Jogador (PvP), Jogador X Ambiente (PvE), Estratégia em Turnos, Fantasia, Multijogador, Estratégia, Cartas, Medieval, Combate em Turnos, Ação, Casual, Combate, Um Jogador, Tática por Turnos, 2D, Indie"
Tidy Town Demo,"Oct 8, 2026",Free,https://store.steampowered.com/app/4994380/Tidy_Town/?snr=1_7_7_popularcomingsoon_150_9,"Do Bem, Fofo, Organização, Aconchegante, Terceira Pessoa, Para Toda a Família, Relaxante, Exploração, Visão Superior, Simulação, Gatos, Casual, Limpeza, Decoração, Simulador de Vida Real, Um Jogador, Objetos Ocultos, Colorido, Física, 3D"
JUST PRESS SPACE Demo,"Oct 8, 2026",Free,https://store.steampowered.com/app/5195010/JUST_PRESS_SPACE_Demo/?snr=1_7_7_popularcomingsoon_150_9,"Ação, Roguelike, Explorador de Calabouços, Soulslike, 2D, Gráficos Pixelados, Anos 90, Combate, Jogador X Ambiente (PvE), Um Jogador"
Mystery Box Simulator Demo,"Oct 8, 2026",Free,https://store.steampowered.com/app/4588080/Mystery_Box_Simulator_Demo/?snr=1_7_7_popularcomingsoon_150_9,"Simulação, Casual, Simulador de Vida Real, Um Jogador, Realístico, Relaxante, 3D, Indie, Engraçado, Comédia, Economia, Automação, Primeira Pessoa, Simulador de Emprego, Fabricação, Jogos de Azar, Simulador Imersivo, Incremental, Gerenciamento de Inventário, Gerenciamento de Recursos"
Knuckle Paradise Demo,"Oct 8, 2026",Free,https://store.steampowered.com/app/5021500/Knuckle_Paradise_Demo/?snr=1_7_7_popularcomingsoon_150_9,"Ação, Aventura, Ação / Aventura, Hack and Slash, Luta Espetacular, 2D, Anime, Colorido, Isométrico, Gráficos Pixelados, Indie, Artes Marciais, Comédia, Retrô, Combate, Mundo Aberto, Boa Trama, Um Jogador, Jogo de Ação Focado em Personagem, Luta"
呪ショッピング Demo,"Oct 8, 2026",Free,https://store.steampowered.com/app/5163250/_/?snr=1_7_7_popularcomingsoon_150_9,"Aventura, Terror, Mistério, Ficção Interativa, Baseado em Texto, Simulador de Caminhada, 2D, Indie, Um Jogador"
Cosmic Crumbs: Bakery Simulator Demo,"Oct 8, 2026",Free,https://store.steampowered.com/app/4962420/Cosmic_Crumbs_Bakery_Simulator_Demo/?snr=1_7_7_popularcomingsoon_150_9,"Simulação, Gerenciamento de Tempo, Gerenciamento de Lojas, Gerenciamento, Cooperativo, Gerenciamento de Recursos, Fabricação, Culinária, Multijogador, Gerenciamento de Inventário, Um Jogador, Primeira Pessoa, Fofo, Estilizado, Casual, Colorido, Cooperativo On-line, Ficção Científica, Arcade, Indie"
Silver Pines - Artbook,"Oct 8, 2026",$28.79,https://store.steampowered.com/app/4677930/Silver_Pines__Artbook/?snr=1_7_7_popularcomingsoon_150_9,"Exploração, Terror, Metroidvania, 2,5D, Terror de Sobrevivência, Câmera Lateral, Ação / Aventura, Gerenciamento de Inventário, Anos 90, Noir, Narração Dinâmica, Ação, Terror Psicológico, Mundo Aberto, Boa Trama, Desenhado à Mão, Atmosférico, Aventura, Mistério, Combate"
More Slots More Money,"Oct 8, 2026",Indefinido,https://store.steampowered.com/app/4856210/More_Slots_More_Money/?snr=1_7_7_popularcomingsoon_150_9,"Jogos de Azar, Incremental, Progressão Ociosa, Gerenciamento, Capitalismo, Automação, Simulação, Economia, Casual, Indie, Arcade, 3D, Colorido, Estilizado, Gerenciamento de Recursos, Um Jogador"
Chicks In Trouble,"Oct 8, 2026",Indefinido,https://store.steampowered.com/app/4048470/Chicks_In_Trouble/?snr=1_7_7_popularcomingsoon_150_9,"Plataforma com Quebra-Cabeça, Casual, Ação / Aventura, Aconchegante, Jogador x Jogador (PvP), Quebra-Cabeça, Exploração, Do Bem, Fofo, Furtivo, Para Toda a Família, Controle, Engraçado, Plataforma, 3D, Ação, Terceira Pessoa, Cartunizado, Colorido, Minimalista"
The Last Flight,"Oct 12, 2026",Indefinido,https://store.steampowered.com/app/3906460/The_Last_Flight/?snr=1_7_7_popularcomingsoon_150_9,"Acesso Antecipado, Simulação, RPG, Simulador Automobilístico, Direção, Faça o que Quiser, Exploração, Fabricação, Sobrevivência, Simulador de Vida Real, Roguelike de Ação, Primeira Pessoa, Atmosférico, Colorido, Gráficos Pixelados, Engraçado, Crime, 3D, Construção, Estilizado"
Fishtographers,"Oct 8, 2026",Indefinido,https://store.steampowered.com/app/4793280/Fishtographers/?snr=1_7_7_popularcomingsoon_150_9,"Colete Tudo, Casual, Pesca, Ação / Aventura, 2,5D, Fofo, Subaquático, Geração Procedural, Colorido, Ação, Indie, Animais, Natureza, Um Jogador"
Littermates Demo,"Oct 8, 2026",Free,https://store.steampowered.com/app/5187590/Littermates_Demo/?snr=1_7_7_popularcomingsoon_150_9,"Física, Multijogador, Cooperativo On-line, Direção, 3D, Cooperativo, Aventura, Ação, Exploração, Personalização de Personagem, Comédia, Engraçado, Terceira Pessoa, Colorido, Fofo, Colete Tudo, Indie, Estilizado, Faça o que Quiser, Simulação"
A Sector Darkly Demo,"Oct 8, 2026",Free,https://store.steampowered.com/app/4941160/A_Sector_Darkly/?snr=1_7_7_popularcomingsoon_150_9,"RPG, Mundo Aberto, Ficção Científica, Espacial, Faça o que Quiser, Combate, RPG de Ação, Exploração, Simulador Espacial, Saques, Visão Superior, Fabricação, Um Jogador, Ação, 2D, Geração Procedural, Compatível com Mods, Furtivo, Troca, Simulação"
Cargo Directorate,"Oct 8, 2026",Indefinido,https://store.steampowered.com/app/5287860/Cargo_Directorate/?snr=1_7_7_popularcomingsoon_150_9,"Simulação, Estratégia, Gerenciamento, Transportes, Economia, Indie, Automação, Um Jogador, Gerenciamento de Tempo, Estilizado, 2D, Acesso Antecipado"
Train Party Demo,"Oct 8, 2026",Free,https://store.steampowered.com/app/4999710/Train_Party/?snr=1_7_7_popularcomingsoon_150_9,"Tiro sobre Trilhos, Reúna a Galera, Cooperativo On-line, Ação, Multijogador, Corrida com Combate, Cartunizado, Corrida, Jogador x Jogador (PvP), Jogador X Ambiente (PvE), Tiro, Tiro em Primeira Pessoa (FPS), Primeira Pessoa, Combate, Um Jogador, Cooperativo"
Bloomery Demo,"Oct 8, 2026",Free,https://store.steampowered.com/app/5294920/Bloomery_Demo/?snr=1_7_7_popularcomingsoon_150_9,"Estratégia, Ação, RPG, Um Jogador, 3D, Roguelike de Ação, RPG de Ação, Atmosférico, Primeira Pessoa, Fantasia, Tiro em Primeira Pessoa (FPS), Hack and Slash, Sobrevivência, Indie, Personalização de Personagem, Fantasia Sombria, Gerenciamento de Recursos, Defesa de Torres, Gráficos Pixelados, Roguelite"
Echo Weaver - Soundtrack,"Oct 8, 2026",Indefinido,https://store.steampowered.com/app/5296460/Echo_Weaver__Soundtrack/?snr=1_7_7_popularcomingsoon_150_9,Sem gênero
Legion Breaker,"Oct 13, 2026",Indefinido,https://store.steampowered.com/app/4425980/Legion_Breaker/?snr=1_7_7_popularcomingsoon_150_9,"Incremental, Estratégia, Casual, Arcade, Progressão Ociosa, Batalha Automática, Indie, Relaxante, Fantasia Sombria, 2D, Gerenciamento, Simulação, Um Jogador, Tiro, Minimalista, Gráficos Pixelados, Atmosférico, Mágica, Medieval, Gerenciamento de Recursos"
Chat Derby Desktop,"Oct 8, 2026",Indefinido,https://store.steampowered.com/app/4958140/Chat_Derby_Desktop/?snr=1_7_7_popularcomingsoon_150_9,"Corrida, Casual, Digitação, Fofo, Minimalista, Jogador x Jogador (PvP), Multijogador, Um Jogador, Companheiro de Área de Trabalho, Reúna a Galera, Jogo de Palavras, Corredor, 2,5D, Direção, Cavalos, Jogador X Ambiente (PvE), Baseado em Texto"
Drapers: Merchants of Middle Ages Demo,"Oct 8, 2026",Free,https://store.steampowered.com/app/5227890/Drapers_Merchants_of_Middle_Ages/?snr=1_7_7_popularcomingsoon_150_9,"Troca, Economia, Gerenciamento de Recursos, Jogo de Mesa, Jogo de Tabuleiro, Estratégia em Turnos, Alta Rejogabilidade, Medieval, Histórico, Competitivo, Multijogador Local, Um Jogador, Jogador x Jogador (PvP), Visão Superior, Estratégia, Gerenciamento, Construção, 2D, Indie, Em Turnos"
究極の選択の勇者の伝説 体験版,"Oct 8, 2026",Free,https://store.steampowered.com/app/4932580/Last_Choice_Hero/?snr=1_7_7_popularcomingsoon_150_9,"RPG, Aventura, JRPG, CRPG, Escolha a sua Aventura, 2D, Gráficos Pixelados, Comédia, Fantasia Sombria, Fantasia, Violento, Humor Ácido, Vários Finais, Você Decide, Um Jogador"
Fuman Ghoul Demo,"Oct 8, 2026",Free,https://store.steampowered.com/app/4553990/Fuman_Ghoul/?snr=1_7_7_popularcomingsoon_150_9,"Ação, Aventura, Casual, Ação / Aventura, 3D, Fofo, Colorido, Cartunizado, Estilizado, História em Quadrinhos, Indie, Comédia, Controle, Vários Finais, Boa Trama, Um Jogador"
Tank Havoc Demo,"Oct 8, 2026",Free,https://store.steampowered.com/app/5236090/Tank_Havoc_Demo/?snr=1_7_7_popularcomingsoon_150_9,"Tanques, MOBA, SHMUP com Visão Superior, Controle com Alavanca Dupla, Jogador x Jogador (PvP), Cooperativo On-line, Competitivo, Ação, Ficção Científica, Baseado em Equipes, Visão Superior, Tiro, Estilizado, Impiedoso, Destruição, Multijogador, Estratégia, Tiro em Arena, Combate com Veículos, eSports"
Acorn Heist! Demo,"Oct 8, 2026",Free,https://store.steampowered.com/app/5271010/Acorn_Heist/?snr=1_7_7_popularcomingsoon_150_9,"Estratégia, Montagem de Decks Roguelike, Batalha com Cartas, Impiedoso, Fofo, Indie, Montagem de Decks, Combate em Turnos, Um Jogador, Cartas, Roguelike, Roguelite, Anime, 2D, Vários Finais, Protagonista Mulher, Colorido, Alta Rejogabilidade"
Codename: Operation Go Demo,"Oct 8, 2026",Free,https://store.steampowered.com/app/5312020/Codename_Operation_Go_Demo/?snr=1_7_7_popularcomingsoon_150_9,"Estratégia, Jogo de Tabuleiro, Estratégia em Turnos, Tática por Turnos, Jogo de Guerra, 2D, Visão Superior, Militar, Guerra, Grade Hexagonal, Jogador X Ambiente (PvE), Combate em Turnos, Um Jogador"
Kill King 2D Demo,"Oct 8, 2026",Free,https://store.steampowered.com/app/5097680/Kill_King_2D_Demo/?snr=1_7_7_popularcomingsoon_150_9,"Estratégia, Batalha Automática, Jogo de Tabuleiro, Estratégia em Turnos, RPG Tático, Tática por Turnos, 2D, Fantasia Sombria, Fantasia, Jogador x Jogador (PvP), Ação, Indie, Casual, Combate em Turnos, Um Jogador, Tático"
Duel: The Game Show Demo,"Oct 8, 2026",Free,https://store.steampowered.com/app/4849240/Duel_The_Game_Show/?snr=1_7_7_popularcomingsoon_150_9,"Casual, Reúna a Galera, Multijogador, Perguntas e Respostas, Jogador x Jogador (PvP), Jogo de Mesa, Cooperativo On-line, Jogo de Palavras, Minimalista, Estilizado, Relaxante, Futurista, Comédia, Engraçado, Pontos, Pontos, Pontos!, Eventos Rápidos, Baseado em Texto, Tutorial"
STONEFEATHER Demo,"Oct 8, 2026",Free,https://store.steampowered.com/app/4669910/STONEFEATHER_Demo/?snr=1_7_7_popularcomingsoon_150_9,"Aventura, Atmosférico, Exploração, Voo, Relaxante, Um Jogador, Estilizado, Fantasia, Terceira Pessoa, Colete Tudo, Boa Trama, Colorido, Para Toda a Família, Ação / Aventura, Natureza, Do Bem, Mundo Aberto, Narrativa, 3D, Casual"
Cat Fiesta,"Oct 8, 2026",Indefinido,https://store.steampowered.com/app/5213150/Cat_Fiesta/?snr=1_7_7_popularcomingsoon_150_9,"Casual, Multijogador, Reúna a Galera, Ação, Objetos Ocultos, Engraçado, Caça, Jogador x Jogador (PvP), Primeira Pessoa, Indie"
Tie Down - Demo,"Oct 8, 2026",Free,https://store.steampowered.com/app/5217600/Tie_Down__Demo/?snr=1_7_7_popularcomingsoon_150_9,"Corrida, Simulador Imersivo, Faça o que Quiser, Casual, Direção, Simulação, Física, Aventura, Simulador Automobilístico, Personalização de Personagem, 3D, Primeira Pessoa, Mundo Aberto, Indie, Realístico, Atmosférico, Cooperativo, Multijogador, Cooperativo On-line, Um Jogador"
Motion de censure Demo,"Oct 8, 2026",Free,https://store.steampowered.com/app/4939030/Motion_De_Censure/?snr=1_7_7_popularcomingsoon_150_9,"Estratégia, Cartas, Batalha com Cartas, Tática por Turnos, Pontos, Pontos, Pontos!, Um Jogador, Multijogador, Jogador x Jogador (PvP), Jogador X Ambiente (PvE), Paródia, Jogo de Mesa, Jogo de Tabuleiro, 2D, Simulador Político, Casual"
Stick Crisis Demo,"Oct 8, 2026",Free,https://store.steampowered.com/app/4854220/Stick_Crisis/?snr=1_7_7_popularcomingsoon_150_9,"Ação, Roguelite, 2D, Tiro de Tiozão, Câmera Lateral, Casual, Morte Permanente, Geração Procedural, Boa Trama, Conspiração, Combate, Um Jogador, Mistério, Personalização de Armas, Tutorial, Pontos, Pontos, Pontos!, Arcade, Tiro, Indie, Cartunizado"
Kitman Demo,"Oct 8, 2026",Free,https://store.steampowered.com/app/5126240/Kitman_Demo/?snr=1_7_7_popularcomingsoon_150_9,"Simulação, Simulador de Emprego, Esportes, Gerenciamento, Cooperativo On-line, Ação, Futebol, Simulador Imersivo, Gerenciamento de Lojas, Primeira Pessoa, Fabricação, Cartunizado, Limpeza, Estilizado, Física, Tutorial, Reúna a Galera, Multijogador, Desenho Animado, 3D"
Submind Demo,"Oct 8, 2026",Free,https://store.steampowered.com/app/4237670/Submind/?snr=1_7_7_popularcomingsoon_150_9,"Terror, Cooperativo On-line, Multijogador, Ação, Comédia, Cooperativo, Terceira Pessoa, 3D, Furtivo, Terror de Sobrevivência, Exploração, Jogador X Ambiente (PvE), Morte Permanente, Aventura, Indie, Casual, Roguelike de Ação, Terror Psicológico, Ação / Aventura, Explorador de Calabouços"
Fuck the Ocean,"Oct 8, 2026",Indefinido,https://store.steampowered.com/app/1864730/Fuck_the_Ocean/?snr=1_7_7_popularcomingsoon_150_9,"Casual, Simulação, Incremental, Progressão Ociosa, Indie, Um Jogador, Colorido, 3D, Estilizado, Automação, Engraçado, Comédia"
The Abyss’s Last Breath Demo,"Oct 8, 2026",Free,https://store.steampowered.com/app/5058710/The_Abysss_Last_Breath/?snr=1_7_7_popularcomingsoon_150_9,"Aventura, Simulação, Quebra-Cabeça, Exploração, Colete Tudo, Simulador Imersivo, Tática em Tempo Real, 3D, Primeira Pessoa, Psicodélico, Baseado em Equipes, Boa Trama, Indie, Eventos Rápidos, Geração Procedural, Gerenciamento de Recursos, Morte Permanente, Um Jogador, Ação / Aventura, Comovente"
The Residual,"Oct 8, 2026",Free,https://store.steampowered.com/app/5291650/The_Residual/?snr=1_7_7_popularcomingsoon_150_9,"Aventura, Casual, Plataforma, Plataforma 2D, Câmera Lateral, 2D, Atmosférico, Comovente, Mistério, Gratuito para Jogar, Indie, Narrativa, Boa Trama, Um Jogador"
Dust,"Oct 9, 2026",Indefinido,https://store.steampowered.com/app/4339850/Dust/?snr=1_7_7_popularcomingsoon_150_9,"Sobrevivência, Zumbis, Pós-Apocalíptico, Mundo Aberto, Fabricação, Terror, Primeira Pessoa, Construção de Bases, Atmosférico, Tiro com Saques, Exploração, Caça, Furtivo, Um Jogador, Sombrio, Tiro, Combate, Impiedoso, Gerenciamento de Recursos, Ação"
MAR: Millions Are Rising Demo,"Oct 8, 2026",Free,https://store.steampowered.com/app/5307540/MAR_Millions_Are_Rising_Demo/?snr=1_7_7_popularcomingsoon_150_9,"Estratégia, Defesa de Torres, Simulação, Incremental, Ação, Casual, Guerra, Roguelite, Militar, Indie, Gerenciamento, Progressão Ociosa, Zumbis, Batalha Automática, Construção de Bases, Jogador X Ambiente (PvE), Um Jogador, Física, Roguelike, Visão Superior"
The MachinEGG Demo,"Oct 8, 2026",Free,https://store.steampowered.com/app/5270240/The_MachinEGG_Demo/?snr=1_7_7_popularcomingsoon_150_9,"Simulação, Apontar e Clicar, Progressão Ociosa, Incremental, 2D, Fofo, Colorido, Gráficos Pixelados, Aconchegante, Agricultura, Automação, Capitalismo, Fabricação, Para Toda a Família, Gerenciamento de Recursos, Um Jogador"
Boss After Boss Demo,"Oct 8, 2026",Free,https://store.steampowered.com/app/5277880/Boss_After_Boss_Demo/?snr=1_7_7_popularcomingsoon_150_9,"Casual, Incremental, Progressão Ociosa, Relaxante, Estratégia, Gerenciamento de Tempo, Minimalista, Gráficos Pixelados, Gerenciamento, Batalha Automática, 2D, Arco e Flecha, Fabricação, Indie, Militar, Economia, Um Jogador, Colorido, Fofo, Visão Superior"
Way Too Many Eggs Demo,"Oct 8, 2026",Free,https://store.steampowered.com/app/5278100/Way_Too_Many_Eggs_Demo/?snr=1_7_7_popularcomingsoon_150_9,"Casual, Incremental, Progressão Ociosa, Relaxante, Fofo, Gerenciamento, Gráficos Pixelados, Aconchegante, Gerenciamento de Recursos, Automação, Economia, Arcade, Colorido, 2D, Indie, Estratégia, Capitalismo, Simulador Rural, Minimalista, Um Jogador"
Slay the Stars Demo,"Oct 8, 2026",Free,https://store.steampowered.com/app/5311160/Slay_the_Stars_Demo/?snr=1_7_7_popularcomingsoon_150_9,"Casual, Incremental, Progressão Ociosa, Relaxante, Indie, Automação, Espacial, Estratégia, Economia, Gerenciamento de Recursos, 3D, Um Jogador, Gerenciamento"
Coal Duty Demo,"Oct 8, 2026",Free,https://store.steampowered.com/app/4661180/Coal_Duty_Demo/?snr=1_7_7_popularcomingsoon_150_9,"Cooperativo On-line, Cooperativo, Terror, Terror de Sobrevivência, Mineração, Comédia, Humor Pesado, Primeira Pessoa, Subterrâneo, Engraçado, Sobrevivência, Exploração, Atmosférico, Geração Procedural, Distópico, Guerra Fria, Ação, Aventura, Um Jogador, Ação / Aventura"
Neon Horde Demo,"Oct 8, 2026",Free,https://store.steampowered.com/app/5051130/Neon_Horde/?snr=1_7_7_popularcomingsoon_150_9,"Ação, Casual, Arcade, Roguelike de Ação, Paraíso de Balas, Progressão Ociosa, 2D, Colorido, Gráficos Pixelados, Visão Superior, Indie, Anos 80, Cyberpunk, Ficção Científica, Estratégia, Futurista, Combate, Jogador X Ambiente (PvE), Morte Permanente, Pontos, Pontos, Pontos!"
Starfort Demo,"Oct 8, 2026",Free,https://store.steampowered.com/app/3629920/Starfort/?snr=1_7_7_popularcomingsoon_150_9,"Estratégia, Defesa de Torres, 2D, Estilizado, Indie, Visão Superior, Futurista, Ficção Científica, Espacial, Tático, Casual, Construção de Bases, Gerenciamento de Recursos, Um Jogador"
THE OMEGA REACH Demo,"Oct 8, 2026",Free,https://store.steampowered.com/app/4638520/THE_OMEGA_REACH/?snr=1_7_7_popularcomingsoon_150_9,"Casual, Simulação, Apontar e Clicar, Explorador de Calabouços, Gerenciamento de Lojas, Ficção Interativa, Exploração, Colorido, Minimalista, Atmosférico, Relaxante, Indie, Ficção Científica, Surrealista, Musical Procedural, Geração Procedural, Um Jogador, Espacial"
Deadroll Demo,"Oct 8, 2026",Free,https://store.steampowered.com/app/4971960/Deadroll_Demo/?snr=1_7_7_popularcomingsoon_150_9,"Casual, Estratégia, Indie, Arcade, Cartas, Quebra-Cabeça, Roguelike, Jogo de Mesa, Batalha com Cartas, Pôquer, Montagem de Decks Roguelike, 2D, Gráficos Pixelados, Voxel, Anos 90, Jogos de Azar, Velha-Guarda, Retrô, Montagem de Decks, Tática por Turnos"
Operation: Horumus Demo,"Oct 8, 2026",Free,https://store.steampowered.com/app/4696260/Operation_Horumus/?snr=1_7_7_popularcomingsoon_150_9,"Tática em Tempo Real, Defesa de Torres, Jogador X Ambiente (PvE), Estratégia, 2D, Visão Superior, Humor Pesado, Combate Naval, Casual, Gráficos Pixelados, Guerra, Sátira, Gerenciamento de Recursos, Um Jogador, Indie"
Debt & Daylight Demo,"Oct 8, 2026",Free,https://store.steampowered.com/app/5349200/Debt__Daylight_Demo/?snr=1_7_7_popularcomingsoon_150_9,"Casual, Simulação, Arcade, Ritmo, Roguelike, Gerenciamento de Tempo, 3D, Colorido, Estilizado, Indie, Atmosférico, Economia, Engraçado, Jogos de Azar, Gerenciamento, Física, Geração Procedural, Gerenciamento de Recursos, Pontos, Pontos, Pontos!, Um Jogador"
Boss After Boss Demo,8/out./2026,,https://store.steampowered.com/app/5277880/Boss_After_Boss_Demo/?snr=1_7_7_popularcomingsoon_150_10,"Casual, Incremental, Progressão Ociosa, Relaxante, Estratégia, Gerenciamento de Tempo, Minimalista, Gráficos Pixelados, Gerenciamento, Batalha Automática, 2D, Arco e Flecha, Fabricação, Indie, Militar, Economia, Um Jogador, Colorido, Fofo, Visão Superior"
Way Too Many Eggs Demo,8/out./2026,,https://store.steampowered.com/app/5278100/Way_Too_Many_Eggs_Demo/?snr=1_7_7_popularcomingsoon_150_10,"Casual, Incremental, Progressão Ociosa, Relaxante, Fofo, Gerenciamento, Gráficos Pixelados, Aconchegante, Gerenciamento de Recursos, Automação, Economia, Arcade, Colorido, 2D, Indie, Estratégia, Capitalismo, Simulador Rural, Minimalista, Um Jogador"
Slay the Stars Demo,8/out./2026,,https://store.steampowered.com/app/5311160/Slay_the_Stars_Demo/?snr=1_7_7_popularcomingsoon_150_10,"Casual, Incremental, Progressão Ociosa, Relaxante, Indie, Automação, Espacial, Estratégia, Economia, Gerenciamento de Recursos, 3D, Um Jogador, Gerenciamento"
Deadroll Demo,8/out./2026,,https://store.steampowered.com/app/4971960/Deadroll_Demo/?snr=1_7_7_popularcomingsoon_150_10,"Casual, Estratégia, Indie, Arcade, Cartas, Quebra-Cabeça, Roguelike, Jogo de Mesa, Batalha com Cartas, Pôquer, Montagem de Decks Roguelike, 2D, Gráficos Pixelados, Voxel, Anos 90, Jogos de Azar, Velha-Guarda, Retrô, Montagem de Decks, Tática por Turnos"
Operation: Horumus,4º trimestre de 2026,,https://store.steampowered.com/app/4696260/Operation_Horumus/?snr=1_7_7_popularcomingsoon_150_10,"Tática em Tempo Real, Defesa de Torres, Jogador X Ambiente (PvE), Estratégia, 2D, Visão Superior, Humor Pesado, Combate Naval, Casual, Gráficos Pixelados, Guerra, Sátira, Gerenciamento de Recursos, Um Jogador, Indie"
Berserkers,"Oct 8, 2026",Indefinido,https://store.steampowered.com/app/5214980/Berserkers/?snr=1_7_7_popularcomingsoon_150_10,"Ação, Multijogador, Mitologia, Vikings, Jogador x Jogador (PvP), Jogador X Ambiente (PvE), Um Jogador, Ação / Aventura, Personalização de Personagem, Plataforma 3D, Exploração, Indie, 3D, Primeira Pessoa, Terceira Pessoa, Cooperativo On-line, Medieval, Estilizado"
Roll for Order: Sort Every Set! Demo,"Oct 8, 2026",Free,https://store.steampowered.com/app/5187630/Roll_for_Order_Sort_Every_Set_Demo/?snr=1_7_7_popularcomingsoon_150_10,"Organização, Casual, Simulação, Colete Tudo, Objetos Ocultos, Incremental, Primeira Pessoa, Aconchegante, Colorido, Realístico, Anos 80, Atmosférico, 3D, Limpeza, Indie, Mágica, Do Bem, Investigação, Mistério, Baseado em Classes"
Cake & Bake Demo,"Oct 8, 2026",Free,https://store.steampowered.com/app/4912740/Cake__Bake/?snr=1_7_7_popularcomingsoon_150_10,"Aconchegante, Simulação, Culinária, Gerenciamento de Lojas, Casual, 2D, Fofo, Do Bem, Um Jogador"
Idle Pixel Maids,"Oct 9, 2026",Indefinido,https://store.steampowered.com/app/5017140/Idle_Pixel_Maids/?snr=1_7_7_popularcomingsoon_150_10,"Progressão Ociosa, Incremental, Simulação, Casual, Gráficos Pixelados, Rico em Diálogos, Relaxante, Fofo, Ficção Interativa, Indie, Simulador de Vida Real, Simulador de Encontros, Um Jogador"
JOOCOURT,"Oct 8, 2026",Indefinido,https://store.steampowered.com/app/5277530/JOOCOURT/?snr=1_7_7_popularcomingsoon_150_10,"Simulação, RPG, Romance Visual, Progressão Ociosa, Escolha a sua Aventura, Gerenciamento de Lojas, Fofo, Atmosférico, Você Decide, Um Jogador"
Salt of the Earth Demo,"Oct 8, 2026",Free,https://store.steampowered.com/app/5127260/Salt_of_the_Earth/?snr=1_7_7_popularcomingsoon_150_10,"Construção de Cidades, Simulador de Colônias, Agricultura, Estratégia, Construção, Economia, Simulação, Gerenciamento, Medieval, Construção de Bases, Troca, Indie, Simulador Rural, 2D, Isométrico, Histórico, Geração Procedural, Estilizado, Gerenciamento de Recursos, Um Jogador"
Magical Girl Yusya-chan and the Labyrinth of Lust: Kanikama-sensei Collaboration Pack,"Oct 9, 2026",Free,https://store.steampowered.com/app/4880250/Magical_Girl_Yusyachan_and_the_Labyrinth_of_Lust_Kanikamasensei_Collaboration_Pack/?snr=1_7_7_popularcomingsoon_150_10,"Tática por Turnos, Roguelike Tradicional, Exploração, Calabouço Misterioso, RPG, Explorador de Calabouços, Roguelite, Em Turnos, JRPG, Roguelike, Protagonista Mulher, Ação, 3D, Fofo, Enredo Rico, Engraçado, Controle, Combate em Turnos, Geração Procedural, Anime"
Thank You Bus Driver,"Oct 14, 2026",Indefinido,https://store.steampowered.com/app/5067360/Thank_You_Bus_Driver/?snr=1_7_7_popularcomingsoon_150_10,"Transportes, Simulador de Emprego, Arcade, Surrealista, Direção, Primeira Pessoa, Gerenciamento de Tempo, Roguelite, Simulador Automobilístico, Um Jogador, Engraçado, Indie, Cartunizado, Estilizado, Comédia, Fofo, Controle, Ação, Destruição, Estrada de Terra"
"Beat, Heart, Beat","Oct 10, 2026",Indefinido,https://store.steampowered.com/app/3239360/Beat_Heart_Beat/?snr=1_7_7_popularcomingsoon_150_10,"Ritmo, Música, Plataforma, Boa Trama, Editor de Níveis, Surrealista, Acesso Antecipado, Psicodélico, Estilizado, Colorido, Abstrato, Fofo, Plataforma 2D, Comovente, Desenhado à Mão, Corredor, LGBTQIA+, Câmera Lateral, 2D, Protagonista Mulher"
Hazmat Simulator,"Oct 8, 2026",Indefinido,https://store.steampowered.com/app/5236060/Hazmat_Simulator/?snr=1_7_7_popularcomingsoon_150_10,"Simulação, Simulador de Emprego, Quebra-Cabeça, Limpeza, Um Jogador, Indie, Aventura"
"Zaehbet, Draad Demo","Oct 8, 2026",Free,https://store.steampowered.com/app/5156660/Zaehbet_Draad/?snr=1_7_7_popularcomingsoon_150_10,"Aprendizado de Idiomas, Jogo de Palavras, Ficção Interativa, Quebra-Cabeça, Mistério, Casual, Aventura, Romance Visual, Apontar e Clicar, 2D, Enredo Rico, Você Decide, Rico em Diálogos, Indie, Vários Finais, Desenhado à Mão, Ficção Científica, Um Jogador"
AEROPUNX Demo,"Oct 8, 2026",Free,https://store.steampowered.com/app/5292310/AEROPUNX_Demo/?snr=1_7_7_popularcomingsoon_150_10,"Corrida, Plataforma 3D, Cyberpunk, Ação, Estilizado, Distópico, Um Jogador, Arcade, 3D, Desenho Animado, Direção, Indie, Futurista, Relaxante, Colorido, Pontos, Pontos, Pontos!, Anime, Voo"
Worldrift: Unscripted Narrative RPG Demo,"Oct 8, 2026",Free,https://store.steampowered.com/app/4748660/Worldrift_Unscripted_Narrative_RPG/?snr=1_7_7_popularcomingsoon_150_10,"Romance Visual, Boa Trama, Você Decide, RPG, Escolha a sua Aventura, Romance, Fantasia, CRPG, Engraçado, Personalização de Personagem, RPG de Grupos, Aventura, Combate em Turnos, Vários Finais, Mistério, Atmosférico, Narração Dinâmica, Indie, Um Jogador, Combate"
Sealed Fortress,"Oct 9, 2026",Indefinido,https://store.steampowered.com/app/5210640/Sealed_Fortress/?snr=1_7_7_popularcomingsoon_150_10,"RPG, JRPG, Explorador de Calabouços, Gráficos Pixelados, Visão Superior, Fantasia Sombria, Elfos, Fantasia, LGBTQIA+, Combate, Movimento em Grade, Não Linear, Combate em Turnos, Um Jogador"
Resident Evil Veronica,2027,Indefinido,https://store.steampowered.com/app/4824610/Resident_Evil_Veronica/?snr=1_7_7_popularcomingsoon_150_10,"Ação, Terror de Sobrevivência, Tiro em Terceira Pessoa, Zumbis, Protagonista Mulher, Ação / Aventura, Terror, 3D, Cinematográfico, Realístico, Violência Detalhada, Um Jogador, Boa Trama, Sombrio, Violento, Gerenciamento de Inventário, Aventura, Anos 90, Metroidvania, Motocicletas"
Solo Cultivation 独修,"Oct 9, 2026",Indefinido,https://store.steampowered.com/app/3878440/Solo_Cultivation/?snr=1_7_7_popularcomingsoon_150_10,"Xianxia, Incremental, Hack and Slash, Simulação, Fabricação, Ação, Progressão Ociosa, Faça o que Quiser, Artes Marciais, Indie, Mágica, 2D, Gráficos Pixelados, Um Jogador, Casual"
Black Market Space Station Shop Simulator Demo,"Oct 8, 2026",Free,https://store.steampowered.com/app/4810420/Black_Market_Space_Station_Shop_Simulator_Demo/?snr=1_7_7_popularcomingsoon_150_10,"Simulação, Gerenciamento de Lojas, Baseado em Texto, Espacial, Troca, Ficção Científica, Rico em Diálogos, Gerenciamento de Inventário, Cyberpunk, Futurista, Incremental, Romance Visual, 2D, Velha-Guarda, Boa Trama, Um Jogador, Anos 90, Gerenciamento, Você Decide, Gerenciamento de Recursos"
THE DEAD WE KNEW: Open World Survival,"Oct 22, 2026",Indefinido,https://store.steampowered.com/app/4890760/THE_DEAD_WE_KNEW_Open_World_Survival/?snr=1_7_7_popularcomingsoon_150_10,"Acesso Antecipado, Mundo Aberto, Sobrevivência, Exploração, Zumbis, Tiro em Terceira Pessoa, Construção, Ação, Faça o que Quiser, Simulação, Multijogador, Jogador X Ambiente (PvE), Simulador Imersivo, Fabricação, Construção de Bases, Ação / Aventura, 3D, Terceira Pessoa, Pós-Apocalíptico, RPG"
Enchanted Blackjack,"Oct 9, 2026",Indefinido,https://store.steampowered.com/app/4859440/Enchanted_Blackjack/?snr=1_7_7_popularcomingsoon_150_10,"Estratégia, Montagem de Decks, Roguelite, Cartas, Incremental, Pôquer, 2D, Gráficos Pixelados, Economia, Mágica, Retrô, Indie, Casual, Simulação, Você Decide, Jogo de Mesa, Tática por Turnos, Um Jogador"
Haunted Heist,"Oct 12, 2026",Indefinido,https://store.steampowered.com/app/4024440/Haunted_Heist/?snr=1_7_7_popularcomingsoon_150_10,"Baseado em Equipes, Cooperativo, Jogador x Jogador (PvP), Ação, Tiro em Primeira Pessoa (FPS), Engraçado, Assalto, Furtivo, Humor Pesado, 3D, Cartunizado, Fofo, Primeira Pessoa, Indie, Estilizado, Multijogador, Tiro, Reúna a Galera, Cooperativo On-line, Saques"
FINITE JEST Demo,"Oct 8, 2026",Free,https://store.steampowered.com/app/4580990/FINITE_JEST/?snr=1_7_7_popularcomingsoon_150_10,"Ação, Simulação, Casual, Ação / Aventura, Simulador Imersivo, Primeira Pessoa, Terror de Sobrevivência, Vários Finais, Estratégia, Indie, Um Jogador, Paródia, Retrô, Jump Scare, Terror, Furtivo, Terror Psicológico"
尚武誌 Demo,"Oct 8, 2026",Free,https://store.steampowered.com/app/5182510/_Demo/?snr=1_7_7_popularcomingsoon_150_10,"Ação, Luta 2D, Luta 3D, Luta Espetacular, 2D, Indie, 3D, Anime, História em Quadrinhos, Artes Marciais, Jogador x Jogador (PvP), Combate, Multijogador, Um Jogador"
Tyto Demo,"Oct 8, 2026",Free,https://store.steampowered.com/app/5333300/Tyto_Demo/?snr=1_7_7_popularcomingsoon_150_10,"Metroidvania, Atmosférico, Voo, Aves, Aventura, Exploração, Indie, Ação, Plataforma 2D, Plataforma, 2D, Fofo, Boa Trama, Natureza, Combate, Um Jogador, Desenhado à Mão"
WildRoot,"Oct 9, 2026",Indefinido,https://store.steampowered.com/app/3446730/WildRoot/?snr=1_7_7_popularcomingsoon_150_10,"Simulador de Colônias, Construção de Bases, Gerenciamento de Recursos, Gerenciamento, Simulação, Aconchegante, Estratégia, Faça o que Quiser, Construção de Cidades, Construção, Jogo de Divindade, Fabricação, 3D, Minimalista, Um Jogador, Indie, Boa Trama, Fofo, Casual, Colorido"
Coloring Pixels - Halloween 8 Pack,"Oct 9, 2026",Indefinido,https://store.steampowered.com/app/5296050/Coloring_Pixels__Halloween_8_Pack/?snr=1_7_7_popularcomingsoon_150_10,"Gratuito para Jogar, Indie, Casual"
Legion Was Here,"Oct 13, 2026",Indefinido,https://store.steampowered.com/app/3492120/Legion_Was_Here/?snr=1_7_7_popularcomingsoon_150_10,"Investigação, Humor Ácido, Detetive, Quebra-Cabeça, Mistério, Lógica, Espionagem, Boa Trama, Você Decide, Ficção Interativa, Furtivo, Simulação, Aventura, Indie, Escolha a sua Aventura, Apontar e Clicar, Thriller, Noir, Estilizado, Um Jogador"
Cheeseonomics Deluxe,"Oct 9, 2026",Indefinido,https://store.steampowered.com/app/5268260/Cheeseonomics_Deluxe/?snr=1_7_7_popularcomingsoon_150_10,"Roguelike, Simulação, Automação, Estratégia, Casual, Um Jogador, Colorido, Capitalismo, Comédia, Engraçado, Anos 90, Gerenciamento de Recursos, Acesso Antecipado, Construção, Estilizado, Cartunizado, Gerenciamento de Tempo, Lógica, Velha-Guarda, Geração Procedural"
Harvest Moon®: Echoes of Teradea,"Oct 15, 2026",Indefinido,https://store.steampowered.com/app/3591180/Harvest_Moon_Echoes_of_Teradea/?snr=1_7_7_popularcomingsoon_150_10,"Aventura, Simulação, Simulador Rural, RPG, Anime, Fofo, Colorido, Boa Trama, Um Jogador, Mundo Aberto, Construção, Para Toda a Família, Fabricação, Comovente, Simulador de Encontros"
Sesame Street: Friends & Fun,"Oct 9, 2026",Indefinido,https://store.steampowered.com/app/3930330/Sesame_Street_Friends__Fun/?snr=1_7_7_popularcomingsoon_150_10,"Casual, Educativo, Desenho Animado, Colorido, Fofo, Visão Superior, Para Toda a Família, Relaxante, Personalização de Personagem, Controle, Cooperativo, Cooperativo Local, Multijogador, Um Jogador, Aconchegante, Rural"
QuackType 嘎嘎打字鸭,"Oct 9, 2026",Indefinido,https://store.steampowered.com/app/5266930/QuackType/?snr=1_7_7_popularcomingsoon_150_10,"Casual, Simulação, Utilitários, Digitação, 2D, Cartunizado, Colorido, Fofo, Minimalista, Gráficos Pixelados, Estilizado, Gatos, Aconchegante, Indie, Para Toda a Família, Engraçado, Relaxante, Do Bem, Um Jogador, Música"
Gloomy Tavern Stories Demo,"Oct 9, 2026",Free,https://store.steampowered.com/app/5057380/Gloomy_Tavern_Stories/?snr=1_7_7_popularcomingsoon_150_10,"Acesso Antecipado, Exploração, Tiro em Terceira Pessoa, Defesa de Torres, Jogador X Ambiente (PvE), Tiro, RPG de Estratégia, RPG de Ação, Estratégia, 3D, Terceira Pessoa, Fofo, Controle, Ação, Colorido, Fantasia, Construção, Fabricação, Aventura, Combate"
Dragon's Dogma 2: Dark Arisen,"Oct 9, 2026",$49.99,https://store.steampowered.com/sub/1686522/?snr=1_7_7_popularcomingsoon_150_10,Sem gênero
Space Manager,"Oct 12, 2026",Indefinido,https://store.steampowered.com/app/4229480/Space_Manager/?snr=1_7_7_popularcomingsoon_150_10,"Simulação, Estratégia, Simulador Espacial, Gerenciamento, Realístico, Espacial, Estratégia em Tempo Real (RTS), Exploração, Voo, Simulador Imersivo, 2D, 3D, Um Jogador, Inteligência Artificial, Gerenciamento de Recursos, Física, Atmosférico, Automação, Construção, Fabricação"
Meat Safari Demo,"Oct 9, 2026",Free,https://store.steampowered.com/app/5200400/Meat_Safari/?snr=1_7_7_popularcomingsoon_150_10,"Cooperativo On-line, Reúna a Galera, Culinária, Direção, Cooperativo, Física, Multijogador, Caça, Baseado em Equipes, Gerenciamento de Tempo, Ação, Mundo Aberto, Gerenciamento de Recursos, Cartunizado, Visão Superior, Colorido, Animais, 3D, Controle, Um Jogador"
Shelf-Employed,"Oct 9, 2026",Indefinido,https://store.steampowered.com/app/5038020/ShelfEmployed/?snr=1_7_7_popularcomingsoon_150_10,"Simulação, Relaxante, Casual, Organização, Gerenciamento, Colete Tudo, Quebra-Cabeça, Incremental, Mágica, Aconchegante, Um Jogador, 3D, Estilizado, Faça o que Quiser, Primeira Pessoa, Cartunizado, Inteligência Artificial, Limpeza, Indie, Objetos Ocultos"
Botlings,"Oct 9, 2026",Indefinido,https://store.steampowered.com/app/4139440/Botlings/?snr=1_7_7_popularcomingsoon_150_10,"Automação, Lemmings, Faça o que Quiser, Gerenciamento de Recursos, Construção de Bases, Inteligência Artificial, Simulação, Estratégia, Geração Procedural, Robôs, Isométrico, História em Quadrinhos, Ficção Científica, 3D, Alienígenas, Atmosférico, Construção, Economia, Gerenciamento, Mineração"
和男娘恋爱吧！ Demo,"Oct 9, 2026",Free,https://store.steampowered.com/app/5278980/love_with_femboy/?snr=1_7_7_popularcomingsoon_150_10,"RPG, Ficção Interativa, Simulador de Encontros, Romance Visual, Um Jogador, Casual"
AIR EMPIRE: Airline Tycoon Demo,"Oct 9, 2026",Free,https://store.steampowered.com/app/4959490/AIR_EMPIRE_Airline_Tycoon_Demo/?snr=1_7_7_popularcomingsoon_150_10,"Capitalismo, Economia, Gerenciamento, Transportes, Estratégia em Turnos, Estratégia, Histórico, Simulação, Gráficos Pixelados, Gerenciamento de Recursos, Um Jogador, Indie"
Buitopia DVD,"Oct 9, 2026",Indefinido,https://store.steampowered.com/app/4665960/Buitopia_DVD/?snr=1_7_7_popularcomingsoon_150_10,"Ficção Interativa, Surrealista, Terror, Nostalgia, Curta-Metragem, Casual, Experimental, Boa Trama, Humor Ácido, Psicodélico, Retrô, Vários Finais, Gráficos Pixelados, Escolha a sua Aventura, Estilizado, Um Jogador, 2D, Indie"
Bigger Brain,"Oct 9, 2026",Indefinido,https://store.steampowered.com/app/4878340/Bigger_Brain/?snr=1_7_7_popularcomingsoon_150_10,"Ação, Casual, Simulador de Caminhada, Plataforma, Simulador Automobilístico, Plataforma 3D, Corredor, 3D, Fofo, Realístico, Capivaras, Animais, Indie, Natureza, Combate com Veículos, Manipulação de Tempo, Física, Um Jogador"
Ghost hunter,"Oct 12, 2026",Indefinido,https://store.steampowered.com/app/2490960/Ghost_hunter/?snr=1_7_7_popularcomingsoon_150_10,"Acesso Antecipado, MMORPG, Mitologia, Tiro de Extração, Cooperativo On-line, Jogador X Ambiente (PvE), Baseado em Equipes, Ação / Aventura, Mundo Aberto, Protagonista Mulher, Tiro em Terceira Pessoa, Terceira Pessoa, Multijogador, Ação, Um Jogador, Fantasia, Impiedoso, Violência Detalhada, Violento, Zumbis"
Alpha Nomos,"Oct 12, 2026",Indefinido,https://store.steampowered.com/app/2529960/Alpha_Nomos/?snr=1_7_7_popularcomingsoon_150_10,"Ação, Ritmo, Hack and Slash, Roguelike de Ação, Aventura, Terceira Pessoa, Um Jogador, 3D, Estilizado, Indie, Pós-Apocalíptico, Musical Procedural, Roguelike, Roguelite, Cartunizado, Atmosférico, Música, Fantasia Sombria, Combate, Luta"
Bar Keeper,"Oct 10, 2026",Indefinido,https://store.steampowered.com/app/5176690/Bar_Keeper/?snr=1_7_7_popularcomingsoon_150_10,"Simulação, Relaxante, Casual, Organização, Aconchegante, Um Jogador, Primeira Pessoa, Colete Tudo, Atmosférico, Objetos Ocultos, Aventura, Indie, Quebra-Cabeça, Exploração, Incremental, Pontos, Pontos, Pontos!"
Foxi's Day & Night Kitchen Demo,"Oct 9, 2026",Free,https://store.steampowered.com/app/5290890/Foxis_Day__Night_Kitchen_Demo/?snr=1_7_7_popularcomingsoon_150_10,"Ação, Casual, Simulação, Culinária, Fofo, Reúna a Galera, Local para 4 Jogadores, Cooperativo, Cooperativo Local, Multijogador Local, Gerenciamento de Tempo, Multijogador, Cooperativo On-line, Um Jogador, Gerenciamento de Lojas, 3D, Natureza, Relaxante, Aconchegante, Jogador x Jogador (PvP)"
Penguin Colony,"Oct 16, 2026",Indefinido,https://store.steampowered.com/app/3695930/Penguin_Colony/?snr=1_7_7_popularcomingsoon_150_10,"Simulador de Caminhada, Lovecraftiano, Exploração, Terror Psicológico, Retrô, Narrativa, Um Jogador, Neve, Mundo Aberto, Plataforma 3D, Terror, Ficção Interativa, História Alternativa, Boa Trama, Natureza, Velha-Guarda, Terceira Pessoa, Aventura, Thriller, Histórico"
The Hat Man,"Oct 9, 2026",Free,https://store.steampowered.com/app/4347270/The_Hat_Man/?snr=1_7_7_popularcomingsoon_150_11,"Terror, Terror Psicológico, Atmosférico, Primeira Pessoa, Realístico, Sombrio, Sobrenatural, Mistério, Aventura, Thriller, Indie, Gratuito para Jogar, Ficção Interativa, Você Decide, Vários Finais, Boa Trama, Casual, Linear, Simulador Imersivo, Exploração"
Orbit Engineer,"Oct 9, 2026",Indefinido,https://store.steampowered.com/app/4775160/Orbit_Engineer/?snr=1_7_7_popularcomingsoon_150_11,"Simulação, Estratégia, Construção de Cidades, Simulador de Colônias, Simulador Espacial, Exploração, Simulador Imersivo, 3D, Terceira Pessoa, Atmosférico, Economia, Gerenciamento, Indie, Acesso Antecipado, Marte, Espacial, Construção de Bases, Fabricação, Gerenciamento de Recursos, Um Jogador"
Fenrir's Ragnarök,"Oct 9, 2026",Free,https://store.steampowered.com/app/5223810/Fenrirs_Ragnarok/?snr=1_7_7_popularcomingsoon_150_11,"Batalha com Cartas, Estratégia, Tática por Turnos, Casual, Jogador x Jogador (PvP), Jogo de Tabuleiro, Cartas, 2D, Combate em Turnos, Acesso Antecipado, Gratuito para Jogar, Desenhado à Mão, Estilizado, Fantasia, Mitologia, Indie, Tático, Vikings, Lobos, Um Jogador"
师姐别急，我抽卡就变强,"Oct 9, 2026",Indefinido,https://store.steampowered.com/app/4451790/_/?snr=1_7_7_popularcomingsoon_150_11,"Estratégia, Cartas, Tática por Turnos, Montagem de Decks, Batalha com Cartas, Hentai, 2,5D, 2D, Espada, RPG, Indie, Casual, Fantasia, Artes Marciais, Um Jogador"
The Anomalarian,"Oct 9, 2026",Indefinido,https://store.steampowered.com/app/5228330/The_Anomalarian/?snr=1_7_7_popularcomingsoon_150_11,"Terror, Terror Psicológico, Um Jogador, Mistério, Quebra-Cabeça, Objetos Ocultos, Colete Tudo, Ficção Interativa, Ação, Jogador X Ambiente (PvE), Ação / Aventura, 3D, Primeira Pessoa, Detetive, Linear, Abstrato, Demônios, Lógica, Thriller, Psicodélico"
Lenimals,"Oct 9, 2026",Indefinido,https://store.steampowered.com/app/4857230/Lenimals/?snr=1_7_7_popularcomingsoon_150_11,"Quebra-Cabeça, Lógica, Gráficos Pixelados, Animais, Fofo, Plataforma com Quebra-Cabeça, 2D, Casual, Estratégia, Um Jogador, Indie"
Podstakannik Rails,"Oct 9, 2026",Indefinido,https://store.steampowered.com/app/5112200/Podstakannik_Rails/?snr=1_7_7_popularcomingsoon_150_11,"Simulador de Caminhada, Trens, Cooperativo On-line, Aconchegante, Atmosférico, Aventura, Casual, Relaxante, Cooperativo, Indie, Anos 80, Multijogador, Primeira Pessoa, Exploração, Realístico, Simulação, Personalização de Personagem, Um Jogador, 3D"
The Aether Project TD,"Oct 9, 2026",Indefinido,https://store.steampowered.com/app/4459930/The_Aether_Project_TD/?snr=1_7_7_popularcomingsoon_150_11,"Defesa de Torres, Estratégia, Ação, Fantasia, Atmosférico, Tático, Indie, Construção de Bases, Tática em Tempo Real, Estilizado, Combate, Construção, Um Jogador, 3D"
Final Selection,"Oct 9, 2026",Indefinido,https://store.steampowered.com/app/4524500/Final_Selection/?snr=1_7_7_popularcomingsoon_150_11,"Violência Detalhada, Violento, Combate, Visão Superior, Gráficos Pixelados, Sombrio, Ação / Aventura, Você Decide, Gerenciamento de Inventário, Terror de Sobrevivência, Atmosférico, Exploração, Indie, Um Jogador, Ação, Aventura, Medieval, 2D, RPG"
Balloon Pop 9999,"Oct 9, 2026",Indefinido,https://store.steampowered.com/app/5204630/Balloon_Pop_9999/?snr=1_7_7_popularcomingsoon_150_11,"Casual, Colorido, Destruição, Simulação, Organização, Indie, Física, Limpeza, Relaxante, 3D, Simulador Imersivo, Realístico, Atmosférico, Primeira Pessoa, Tiro em Primeira Pessoa (FPS), Um Jogador"
Hack 'n' Stack,"Oct 9, 2026",Indefinido,https://store.steampowered.com/app/2228720/Hack_n_Stack/?snr=1_7_7_popularcomingsoon_150_11,"Multijogador, Física, Cooperativo On-line, Cooperativo Local, Construção, Engraçado, Para Toda a Família, Indie, Local para 4 Jogadores, 3D, Defesa de Torres, Desenho Animado, Ação, Estratégia, Fofo, Casual, Comédia, Tela Dividida, Reúna a Galera, Simulação"
Dreamer's Wake,"Oct 9, 2026",Indefinido,https://store.steampowered.com/app/4460640/Dreamers_Wake/?snr=1_7_7_popularcomingsoon_150_11,"Plataforma 3D, Colete Tudo, Plataforma, Cartunizado, Surrealista, Indie, Terceira Pessoa, 3D, Física, Fofo, Aventura, Não Linear, Ação, Abstrato, Colorido, Estilizado, Fantasia, Controle, Combate, Mitologia"
Micro Factory,"Oct 9, 2026",Indefinido,https://store.steampowered.com/app/3137400/Micro_Factory/?snr=1_7_7_popularcomingsoon_150_11,"Estratégia, Simulação, Apontar e Clicar, Quebra-Cabeça, Objetos Ocultos, Simulador Político, 2D, Atmosférico, Você Decide, Um Jogador, Alta Rejogabilidade, Indie, Casual, Grande Estratégia, Simulador de Emprego, Aconchegante, Automação, Fabricação"
The Matron of Ashes,"Oct 9, 2026",Indefinido,https://store.steampowered.com/app/4613010/The_Matron_of_Ashes/?snr=1_7_7_popularcomingsoon_150_11,"3D, Primeira Pessoa, Terror, Terror Psicológico, Linear, Ação, Realístico, Terror de Sobrevivência, Indie, Um Jogador"
Kleromancy Demo,"Oct 9, 2026",Free,https://store.steampowered.com/app/4968160/Kleromancy/?snr=1_7_7_popularcomingsoon_150_11,"Montagem de Decks, Dados, Roguelike, Tática por Turnos, Combate em Turnos, Cartas, Um Jogador, Batalha com Cartas, Aventura, Gráficos Pixelados, 2,5D, Atmosférico, Sombrio, Futurista, RPG, Casual"
Den-Den: Tokyo Horror,"Oct 12, 2026",Indefinido,https://store.steampowered.com/app/3301010/DenDen_Tokyo_Horror/?snr=1_7_7_popularcomingsoon_150_11,"Terror, RPG, Mundo Aberto, Simulador Imersivo, Impiedoso, Você Decide, Sobrevivência, Atmosférico, Gerenciamento de Inventário, Primeira Pessoa, CRPG, Distópico, Terror de Sobrevivência, Terror Psicológico, Sombrio, Detetive, Aventura, Sobrenatural, Um Jogador, Surrealista"
ROCK CORE,"Oct 9, 2026",Indefinido,https://store.steampowered.com/app/5343270/ROCK_CORE/?snr=1_7_7_popularcomingsoon_150_11,"Incremental, Progressão Ociosa, Automação, Atmosférico, Aconchegante, Indie, Relaxante, Faça o que Quiser, Simulação, Primeira Pessoa, Um Jogador, 3D, Casual"
Colorbound,"Oct 12, 2026",Indefinido,https://store.steampowered.com/app/3778610/Colorbound/?snr=1_7_7_popularcomingsoon_150_11,"Casual, Quebra-Cabeça, Colorido, Do Bem, Fofo, Plataforma, Aventura, Relaxante, Comovente, Boa Trama, Gráficos Pixelados, Lógica, Indie, 2D, Música, Plataforma com Quebra-Cabeça, Para Toda a Família, Um Jogador, Plataforma 2D, Câmera Lateral"
Shopping Center Simulator,"Oct 9, 2026",Indefinido,https://store.steampowered.com/app/5259810/Shopping_Center_Simulator/?snr=1_7_7_popularcomingsoon_150_11,"Simulação, Gerenciamento de Lojas, Simulador de Vida Real, Cooperativo On-line, Simulador Imersivo, 3D, Primeira Pessoa, Cooperativo, Campanha Cooperativa, Um Jogador, Fofo, Economia, Decoração, Organização, Moderno, Limpeza, Gerenciamento, Gerenciamento de Recursos, Inteligência Artificial, Fabricação"
TOBARI and the Vampire Alchemist Demo,"Oct 9, 2026",Free,https://store.steampowered.com/app/4308030/TOBARI_and_the_Vampire_Alchemist/?snr=1_7_7_popularcomingsoon_150_11,"Vampiros, Comovente, Gótico, Anime, Fantasia Sombria, Boa Trama, Atmosférico, Aventura, Mistério, Indie, Visão Superior, Psicológico, Exploração, Um Jogador, Vários Finais, Ficção Interativa, Escolha a sua Aventura, Sombrio, Medieval"
CHAINSPIRE,"Oct 9, 2026",Indefinido,https://store.steampowered.com/app/5007890/CHAINSPIRE/?snr=1_7_7_popularcomingsoon_150_11,"Soulslike, Mundo Aberto, Fantasia Sombria, RPG, Impiedoso, RPG de Ação, Multijogador, Terceira Pessoa, Fantasia, Um Jogador, Cooperativo On-line, Ação, Cooperativo, Atmosférico, Jogador x Jogador (PvP), Violento, 3D, Personalização de Personagem, Para Toda a Família, Engraçado"
Last Bottle,"Oct 9, 2026",Indefinido,https://store.steampowered.com/app/5208820/Last_Bottle/?snr=1_7_7_popularcomingsoon_150_11,"Casual, Incremental, Progressão Ociosa, Aconchegante, Natureza, 2D, Estilizado, Visão Superior, Indie, Um Jogador"
YumeGirl Original Soundtrack,"Oct 9, 2026",Indefinido,https://store.steampowered.com/app/5313150/YumeGirl_Original_Soundtrack/?snr=1_7_7_popularcomingsoon_150_11,Sem gênero
Two Minds One Car,"Oct 9, 2026",Indefinido,https://store.steampowered.com/app/4155350/Two_Minds_One_Car/?snr=1_7_7_popularcomingsoon_150_11,"Corrida, Casual, Parkour, Baseado em Equipes, Engraçado, Colorido, Estilizado, Cooperativo, Multijogador, Cooperativo On-line, Arcade, Reúna a Galera, 3D, Fofo, Direção, Para Toda a Família, Moderno, Controle, Física, Primeira Pessoa"
Ghost Justice Demo,"Oct 9, 2026",Free,https://store.steampowered.com/app/4173770/Ghost_Justice/?snr=1_7_7_popularcomingsoon_150_11,"Estratégia, Combate em Turnos, Tático, Estratégia em Turnos, Ação, Tática por Turnos, 3D, Isométrico, Visão Superior, Furtivo, Militar, Crime, Combate, Movimento em Grade, Um Jogador, Indie"
POMOLOGIA,"Oct 9, 2026",Indefinido,https://store.steampowered.com/app/5084850/POMOLOGIA/?snr=1_7_7_popularcomingsoon_150_11,"Quebra-Cabeça, Montagem de Decks, Casual, Roguelite, Gráficos Pixelados, Pontos, Pontos, Pontos!, Um Jogador, Combinar 3, Blocos que Caem, 2D, Relaxante, Indie, Acesso Antecipado, Retrô, Para Toda a Família, Aconchegante, Natureza"
Battle Bot Tactics Demo,"Oct 9, 2026",Free,https://store.steampowered.com/app/4967580/Battle_Bot_Tactics/?snr=1_7_7_popularcomingsoon_150_11,"Estratégia, Robôs, Gerenciamento de Inventário, Jogador x Jogador (PvP), Multijogador Assíncrono, Cooperativo On-line, Indie, Acesso Antecipado, Batalha Automática, RPG"
Частота 17 Герц Demo,"Oct 9, 2026",Free,https://store.steampowered.com/app/4940170/_17/?snr=1_7_7_popularcomingsoon_150_11,"Progressão Ociosa, Aventura, Romance Visual, 2D, Rico em Diálogos, Boa Trama, Não Linear, Vários Finais, Indie, Um Jogador, Escolha a sua Aventura, Baseado em Texto, Atmosférico, Detetive, Investigação, Mistério, Aconchegante, Comédia, Você Decide"
Catalyst of Quoralis Demo,"Oct 9, 2026",Free,https://store.steampowered.com/app/5148530/Catalyst_of_Quoralis/?snr=1_7_7_popularcomingsoon_150_11,"RPG, RPG de Ação, Boa Trama, RPG de Grupos, Isométrico, Aventura, Ação / Aventura, Exploração, Fantasia Sombria, 2D, Atmosférico, Ação, Combate, Estilizado, Um Jogador, Jogador X Ambiente (PvE), Indie"
Time To Wake Up,"Oct 12, 2026",Indefinido,https://store.steampowered.com/app/2509870/Time_To_Wake_Up/?snr=1_7_7_popularcomingsoon_150_11,"Boa Trama, Atmosférico, Mistério, Aventura, Exploração, Um Jogador, Psicológico, Thriller, Narração Dinâmica, Surrealista, Plataforma com Quebra-Cabeça, Plataforma 3D, Primeira Pessoa, Terror Psicológico, Terror, Quebra-Cabeça, Indie"
RaviWar 1: A Perfect Sonday,"Oct 9, 2026",Free,https://store.steampowered.com/app/5266980/RaviWar_1_A_Perfect_Sonday/?snr=1_7_7_popularcomingsoon_150_11,"Aventura, Primeira Pessoa, Plataforma com Quebra-Cabeça, Boa Trama, Comédia, Plataforma, Ação, Quebra-Cabeça, Distópico, Física, Parkour, Manipulação de Tempo, Sátira, Ficção Científica, Gratuito para Jogar, Indie, Surrealista, Narrativa, Humor Ácido, Cinematográfico"
MoooooN - The cow jumps over the moon,"Oct 9, 2026",Free,https://store.steampowered.com/app/5021380/MoooooN__The_cow_jumps_over_the_moon/?snr=1_7_7_popularcomingsoon_150_11,"Terceira Pessoa, Casual, Plataforma 3D, Colorido, Gráficos Pixelados, Quebra-Cabeça, Aventura, Escolha a sua Aventura, Exploração, Objetos Ocultos, Plataforma com Quebra-Cabeça, Ação, 3D, Plataforma, Abstrato, Fofo, Estilizado, Agricultura, Alienígenas, Animais"
Taskbar Quest,"Oct 9, 2026",Indefinido,https://store.steampowered.com/app/5286430/Taskbar_Quest/?snr=1_7_7_popularcomingsoon_150_11,"RPG, Progressão Ociosa, Casual, Companheiro de Área de Trabalho, Batalha Automática, Incremental, RPG de Grupos, Indie, Saques, Fantasia, Relaxante, Fofo, Colorido, 3D, Estilizado, Baseado em Classes, Gerenciamento de Inventário, Um Jogador, Para Toda a Família, Personalização de Personagem"
Chestnut's Idle Farm,"Oct 9, 2026",Indefinido,https://store.steampowered.com/app/5105310/Chestnuts_Idle_Farm/?snr=1_7_7_popularcomingsoon_150_11,"Companheiro de Área de Trabalho, Progressão Ociosa, Simulador Rural, Simulação, Aconchegante, Gatos, Relaxante, Gráficos Pixelados, Automação, Pesca, Indie, Acesso Antecipado, Casual, 2D, Um Jogador"
Companion OS,"Oct 9, 2026",Indefinido,https://store.steampowered.com/app/5204200/Companion_OS/?snr=1_7_7_popularcomingsoon_150_11,"Utilitários, Casual, Relaxante, Inteligência Artificial, Software, Rico em Diálogos, Companheiro de Área de Trabalho"
Imperionis Demo,"Oct 9, 2026",Free,https://store.steampowered.com/app/4998960/Imperionis_Demo/?snr=1_7_7_popularcomingsoon_150_11,"RPG, Aventura, Estratégia, Roma, Batalha Automática, Um Jogador, Histórico, Baseado em Texto, Em Turnos, Gerenciamento, Simulação, RPG Tático, Combate em Turnos, Estratégia em Turnos, Simulador Automobilístico"
Constriction,"Oct 9, 2026",Indefinido,https://store.steampowered.com/app/4482080/Constriction/?snr=1_7_7_popularcomingsoon_150_11,"Estratégia, Multijogador, Um Jogador, Estratégia em Turnos, Jogo de Palavras, Digitação, Sombrio, Atmosférico, Quebra-Cabeça, Gerenciamento de Tempo, Thriller, Terror, Indie, Violento, Tática por Turnos, 3D, Primeira Pessoa, Estilizado, Retrô, Tático"
Towering Tales,"Oct 9, 2026",Indefinido,https://store.steampowered.com/app/3722080/Towering_Tales/?snr=1_7_7_popularcomingsoon_150_11,"Ação, Casual, Plataforma, Plataforma 3D, Colete Tudo, 3D, Fofo, Estilizado, Terceira Pessoa, Para Toda a Família, Fantasia, Vampiros, Controle, Geração Procedural, Tutorial, Um Jogador"
The Candyman: Legacy,"Oct 9, 2026",Indefinido,https://store.steampowered.com/app/2830780/The_Candyman_Legacy/?snr=1_7_7_popularcomingsoon_150_11,"Aventura, Simulador de Caminhada, 3D, Quebra-Cabeça, Plataforma 3D, Exploração, Primeira Pessoa, Atmosférico, Sombrio, Terror, Retrô, Sobrenatural, Linear, Plataforma, Plataforma com Quebra-Cabeça, Estilizado, Memes, Um Jogador, Boa Trama, Indie"
Goalcrest: Club Management Tycoon Demo,"Oct 9, 2026",Free,https://store.steampowered.com/app/5019830/Goalcrest_Club_Management_Tycoon/?snr=1_7_7_popularcomingsoon_150_11,"Simulação, Esportes, Futebol, Tática por Turnos, Batalha Automática, Incremental, 2D, Baseado em Equipes, Um Jogador, Gráficos Pixelados, Construção de Bases, Gerenciamento de Inventário, Editor de Níveis, Jogador X Ambiente (PvE), Em Turnos, Gratuito para Jogar, Acesso Antecipado"
Wilgold's Playground,"Oct 9, 2026",Indefinido,https://store.steampowered.com/app/2287050/Wilgolds_Playground/?snr=1_7_7_popularcomingsoon_150_11,"Aventura, Física, Engraçado, Plataforma, Ficção Científica, Indie, Ação, Simulação, Corrida Contra o Tempo, Plataforma 3D, Terror Psicológico, Lovecraftiano, Sobrenatural, Terceira Pessoa, Controle, Corrida, Um Jogador, 3D"
Cozy Wallpaper,"Oct 9, 2026",Indefinido,https://store.steampowered.com/app/5234850/Cozy_Wallpaper/?snr=1_7_7_popularcomingsoon_150_11,"Design e Ilustração, Utilitários, Relaxante, Estilizado, Fofo, Aconchegante, Companheiro de Área de Trabalho"
Conquisterra Roguelie,"Oct 9, 2026",Indefinido,https://store.steampowered.com/app/4739210/Conquisterra_Roguelie/?snr=1_7_7_popularcomingsoon_150_11,"Roguelike de Ação, Exploração, Metroidvania, Plataforma 2D, RPG, Explorador de Calabouços, Roguelite, Jogador X Ambiente (PvE), Plataforma, Ação, Arcade, Ação / Aventura, Casual, Roguelike, 2D, Linear, Boa Trama, Desenhado à Mão, Estilizado, Assassinos"
Words of Power: Logos,"Oct 9, 2026",Indefinido,https://store.steampowered.com/app/5166730/Words_of_Power_Logos/?snr=1_7_7_popularcomingsoon_150_11,"Ação, Digitação, Arcade, Indie, 2D, Ficção Científica, Pontos, Pontos, Pontos!, Um Jogador, Duelo contra Chefões"
Wood Watch,"Oct 9, 2026",Free,https://store.steampowered.com/app/5249390/Wood_Watch/?snr=1_7_7_popularcomingsoon_150_11,"Terror, Apontar e Clicar, Ação, Terror de Sobrevivência, Estratégia, Demônios, Sobrenatural, Ciência, Um Jogador, Jogador X Ambiente (PvE), Boa Trama, Terror Psicológico, Gerenciamento de Tempo, Primeira Pessoa, Mistério, Gratuito para Jogar, Indie, Sombrio, Thriller, Gerenciamento de Recursos"
Hack Faster,"Oct 9, 2026",Indefinido,https://store.steampowered.com/app/5202720/Hack_Faster/?snr=1_7_7_popularcomingsoon_150_11,"Hacker, Incremental, Simulação, Estratégia, Apontar e Clicar, Cyberpunk, Você Decide, Boa Trama, 2D, Estilizado, Baseado em Texto, Atmosférico, Gerenciamento de Recursos, Um Jogador, Indie"
Football Ambition 27,"Oct 9, 2026",Indefinido,https://store.steampowered.com/app/5298300/Football_Ambition_27/?snr=1_7_7_popularcomingsoon_150_11,"Esportes, Simulador Imersivo, Ficção Interativa, Simulação, Economia, Futebol, Gerenciamento, eSports, 2D, Baseado em Texto, Boa Trama, Estratégia, Indie, Acesso Antecipado, Compatível com Mods, Um Jogador"
Dark Dice Dungeon,"Oct 9, 2026",Indefinido,https://store.steampowered.com/app/5248650/Dark_Dice_Dungeon/?snr=1_7_7_popularcomingsoon_150_11,"RPG Tático, RPG, Estratégia, Tática por Turnos, Explorador de Calabouços, Roguelite, RPG de Grupos, Roguelike, 2D, Combate em Turnos, Gráficos Pixelados, Estilizado, Demônios, Indie, Fantasia Sombria, Fantasia, Baseado em Classes, Atmosférico, Um Jogador, Multijogador Local"
COLORFALL,"Oct 9, 2026",Indefinido,https://store.steampowered.com/app/4551220/COLORFALL/?snr=1_7_7_popularcomingsoon_150_11,"Quebra-Cabeça, Combinar 3, Cooperativo, Ação, Arcade, Casual, 2D, Cooperativo On-line, Cooperativo Local, Gráficos Pixelados, Um Jogador, Multijogador Local, Local para 4 Jogadores, Colorido, Engraçado, Fofo, Animais, Para Toda a Família"
Kenomas,"Oct 9, 2026",Free,https://store.steampowered.com/app/5252510/Kenomas/?snr=1_7_7_popularcomingsoon_150_11,"Aventura, RPG, Explorador de Calabouços, Exploração, 2D, Isométrico, Psicodélico, Psicológico, Surrealista, Indie, Gratuito para Jogar, Combate em Turnos, Linear, Um Jogador"
Contract Terminated Demo,"Oct 9, 2026",Free,https://store.steampowered.com/app/4889010/Contract_Terminated/?snr=1_7_7_popularcomingsoon_150_12,"RPG, RPG de Grupos, Ficção Científica, RPG Tático, Gráficos Pixelados, Anos 80, Visão Superior, Explorador de Calabouços, Futurista, Tática por Turnos, Baseado em Texto, Cyberpunk, Velha-Guarda, Um Jogador, Minimalista, CRPG, Movimento em Grade, Combate em Turnos, Primeira Pessoa, Personalização de Personagem"
HYALOSFALL,"Oct 9, 2026",Indefinido,https://store.steampowered.com/app/5299030/HYALOSFALL/?snr=1_7_7_popularcomingsoon_150_12,"Ação, Casual, Arcade, 2,5D, Indie, 3D, Colorido, Ficção Científica, Física, Controle, Pontos, Pontos, Pontos!, Um Jogador"
Torreta,"Oct 9, 2026",Indefinido,https://store.steampowered.com/app/2998660/Torreta/?snr=1_7_7_popularcomingsoon_150_12,"Defesa de Torres, Estratégia, Visão Superior, Um Jogador, Multijogador, Roguelike, Casual, 2D, Plataforma 2D, SHMUP com Visão Superior, Alienígenas, Construção, Construção de Bases, Indie, Acesso Antecipado, Jogador x Jogador (PvP), 3D, Primeira Pessoa, Jogador X Ambiente (PvE), Cooperativo On-line"
Recycled,"Oct 9, 2026",Indefinido,https://store.steampowered.com/app/5310130/Recycled/?snr=1_7_7_popularcomingsoon_150_12,"Casual, Simulador de Emprego, Simulação, Fabricação, 3D, Primeira Pessoa, Um Jogador, Multijogador Local, Indie, Acesso Antecipado, Multijogador"
Beyond the 10th Demo,"Oct 9, 2026",Free,https://store.steampowered.com/app/5229310/Beyond_the_10th_Demo/?snr=1_7_7_popularcomingsoon_150_12,"Exploração, Quebra-Cabeça, Simulador de Caminhada, Terror, Ação, Simulador Imersivo, Primeira Pessoa, Linear, Mistério, 3D, Um Jogador, Terror Psicológico, Casual, Surrealista, Realístico, Psicológico, Violência Detalhada, Violento, Aventura, Zumbis"
Imperfect Balance Collection,"Oct 9, 2026",Indefinido,https://store.steampowered.com/app/5305250/Imperfect_Balance_Collection/?snr=1_7_7_popularcomingsoon_150_12,"Casual, Quebra-Cabeça, 2D, Atmosférico, Física, Um Jogador"
LOST & FOUND - Custom Interior,"Oct 9, 2026",Indefinido,https://store.steampowered.com/app/5044200/LOST__FOUND__Custom_Interior/?snr=1_7_7_popularcomingsoon_150_12,"Casual, Simulação, Simulador de Emprego, Organização, Gerenciamento de Tempo, Arcade, Um Jogador, Multijogador, Quebra-Cabeça, Simulador Imersivo, Gerenciamento de Recursos, Primeira Pessoa, Pontos, Pontos, Pontos!, Jogador x Jogador (PvP), Cooperativo On-line, Cooperativo, Narração Dinâmica, Gerenciamento, Objetos Ocultos, 3D"
LOST & FOUND - Random Ahh Items,"Oct 9, 2026",Indefinido,https://store.steampowered.com/app/5044210/LOST__FOUND__Random_Ahh_Items/?snr=1_7_7_popularcomingsoon_150_12,"Casual, Simulação, Simulador de Emprego, Organização, Gerenciamento de Tempo, Arcade, Um Jogador, Multijogador, Quebra-Cabeça, Simulador Imersivo, Gerenciamento de Recursos, Primeira Pessoa, Pontos, Pontos, Pontos!, Jogador x Jogador (PvP), Cooperativo On-line, Cooperativo, Narração Dinâmica, Gerenciamento, Objetos Ocultos, 3D"
Magnavale: Eternal Soul Demo,"Oct 9, 2026",Free,https://store.steampowered.com/app/5289460/Magnavale_Eternal_Soul_Demo/?snr=1_7_7_popularcomingsoon_150_12,"Ação, Metroidvania, Dragões, Plataforma 2D, RPG, Ação / Aventura, Aventura, Exploração, Fantasia Sombria, RPG de Ação, Gráficos Pixelados, 2D, Gótico, Demônios, Sombrio, Mágica, Controle, Retrô, Um Jogador, Combate"
LOST & FOUND - Extra Support,"Oct 9, 2026",Indefinido,https://store.steampowered.com/app/5232640/LOST__FOUND__Extra_Support/?snr=1_7_7_popularcomingsoon_150_12,"Casual, Simulação, Simulador de Emprego, Organização, Gerenciamento de Tempo, Arcade, Um Jogador, Multijogador, Quebra-Cabeça, Simulador Imersivo, Gerenciamento de Recursos, Primeira Pessoa, Pontos, Pontos, Pontos!, Jogador x Jogador (PvP), Cooperativo On-line, Cooperativo, Narração Dinâmica, Gerenciamento, Objetos Ocultos, 3D"
Where's WigglyJiggly,"Oct 9, 2026",Indefinido,https://store.steampowered.com/app/5250520/Wheres_WigglyJiggly/?snr=1_7_7_popularcomingsoon_150_12,"Quebra-Cabeça, Pontos, Pontos, Pontos!, Arcade, Apontar e Clicar, Impiedoso, Casual, Corrida Contra o Tempo, Indie, Ritmo Rápido, Minimalista, Só Mouse, 2D, Abstrato, Competitivo, Alta Rejogabilidade, Para Toda a Família, Um Jogador"
Memo,"Oct 9, 2026",Indefinido,https://store.steampowered.com/app/5047620/Memo/?snr=1_7_7_popularcomingsoon_150_12,"Batalha com Cartas, Cartas, Jogo de Mesa, Pôquer, Solitário, Jogador x Jogador (PvP), Eventos Rápidos, Casual, Multijogador, Indie, Um Jogador, Tutorial, 2D, Colorido, Estratégia, Minimalista, Engraçado, Moderno, Para Toda a Família, Psicológico"
Boiling Point,"Oct 9, 2026",Indefinido,https://store.steampowered.com/app/5178560/Boiling_Point/?snr=1_7_7_popularcomingsoon_150_12,"Ação, Casual, Cooperativo, Culinária, Reúna a Galera, Multijogador, Gerenciamento de Tempo, 3D, Arcade, Primeira Pessoa, Estilizado, Comédia, Cooperativo On-line, Indie, Para Toda a Família, Ação / Aventura, Engraçado, Linear, Física, Eventos Rápidos"
Cybernetic Strategy,"Oct 9, 2026",Free,https://store.steampowered.com/app/5226810/Cybernetic_Strategy/?snr=1_7_7_popularcomingsoon_150_12,"Acesso Antecipado, Estratégia, Batalha Automática, Gratuito para Jogar, Tático, Jogador x Jogador (PvP), Multijogador, Competitivo, Futurista, Robôs, Grade Hexagonal, Tática em Tempo Real, Economia, 3D, Visão Superior, Casual, Ficção Científica, Colorido, Anime, Espacial"
IWA Fighting Adventure Demo,"Oct 9, 2026",Free,https://store.steampowered.com/app/5307160/IWA_Fighting_Adventure/?snr=1_7_7_popularcomingsoon_150_12,"Batalha Automática, Combate, Casual, Construção de Bases, Estratégia, Gerenciamento de Recursos, Tático, 2D, Protagonista Mulher, Fantasia, Atmosférico, Indie, Gerenciamento, RPG Tático, Um Jogador"
Nightclub Security Demo,"Oct 9, 2026",Free,https://store.steampowered.com/app/5263970/Nightclub_Security_Demo/?snr=1_7_7_popularcomingsoon_150_12,"Simulação, Casual, Apontar e Clicar, Gerenciamento de Tempo, Arcade, Primeira Pessoa, 2,5D, 2D, Fofo, Indie, Comédia, Engraçado, Um Jogador"
Bet Shop Simulator Demo,"Oct 9, 2026",Free,https://store.steampowered.com/app/3863690/Bet_Shop_Simulator_Demo/?snr=1_7_7_popularcomingsoon_150_12,"Casual, Indie, 3D, Primeira Pessoa, Gratuito para Jogar, Gerenciamento de Lojas, Simulação, Economia, Gerenciamento de Inventário, Acesso Antecipado, Cooperativo, Realístico, Capitalismo, Gerenciamento de Recursos, Simulador Imersivo, Troca, Um Jogador, Simulador de Vida Real, Gerenciamento, Simulador Rural"
Indoor Shrimp Farming Simulator Demo,"Oct 9, 2026",Free,https://store.steampowered.com/app/5316810/Indoor_Shrimp_Farming_Simulator_Demo/?snr=1_7_7_popularcomingsoon_150_12,"Simulador de Passatempo, Incremental, Animais, Gerenciamento, Simulador de Caminhada, Ação / Aventura, Aventura, Skate, Simulação, Narrativa, Engraçado, 3D, Primeira Pessoa, Terceira Pessoa, Boa Trama, Cartunizado, Fantasia, Comédia, Física, Realístico"
The Missing Tail,To be announced,Indefinido,https://store.steampowered.com/app/4096780/The_Missing_Tail/?snr=1_7_7_popularcomingsoon_150_12,"Gatos, Campanha Cooperativa, Para Toda a Família, Cooperativo On-line, Arcade, Ação / Aventura, Personalização de Personagem, 3D, Fofo, Engraçado, Relaxante, Ação, Casual, Cartunizado, Colorido, Estilizado, Aventura, Medieval, Comovente, Mistério"
Time Dungeons Demo,"Oct 9, 2026",Free,https://store.steampowered.com/app/5134740/Time_Dungeons_Demo/?snr=1_7_7_popularcomingsoon_150_12,"Ação, Casual, Estratégia, Roguelike de Ação, Arcade, Roguelike, Defesa de Torres, 3D, Cartunizado, Terceira Pessoa, Fantasia, Mágica, Espacial, Sobrevivência, Combate, Jogador X Ambiente (PvE), Cooperativo, Multijogador, Cooperativo On-line, Um Jogador"
Siege Kitchen,"Oct 9, 2026",Indefinido,https://store.steampowered.com/app/5327530/Siege_Kitchen/?snr=1_7_7_popularcomingsoon_150_12,"Culinária, Estratégia, Gerenciamento de Recursos, Você Decide, Simulação, Gerenciamento, Medieval, Sobrevivência, 3D, Primeira Pessoa, Vários Finais, Indie, Estilizado, Atmosférico, Um Jogador"
Stupid Never Dies,"Oct 21, 2026",$49.99,https://store.steampowered.com/app/3486530/Stupid_Never_Dies/?snr=1_7_7_popularcomingsoon_150_12,Sem gênero
"Life, the Universe, and Restaurants","Oct 12, 2026",Indefinido,https://store.steampowered.com/app/3746950/Life_the_Universe_and_Restaurants/?snr=1_7_7_popularcomingsoon_150_12,"Gerenciamento, Culinária, Construção, Fofo, Construção de Bases, Casual, Estratégia, Automação, Montagem de Decks, Gerenciamento de Recursos, Um Jogador, Distópico, Humor Ácido, Desenhado à Mão, Simulação, Indie, Simulador de Colônias, Construção de Cidades, Visão Superior, Progressão Ociosa"
Hakurokuゲームコレクション Demo,"Oct 9, 2026",Free,https://store.steampowered.com/app/5133450/Hakuroku_Demo/?snr=1_7_7_popularcomingsoon_150_12,"Casual, Indie, Jogo de Tabuleiro, Tática por Turnos, Fantasia, Um Jogador, Jogador x Jogador (PvP), Multijogador"
Home Alone: The Invasion — Playable Teaser,"Oct 9, 2026",Free,https://store.steampowered.com/app/4891610/Home_Alone_The_Invasion__Playable_Teaser/?snr=1_7_7_popularcomingsoon_150_12,"Gratuito para Jogar, Indie"
AI-VJ - Cyber Punk Visuals,"Oct 9, 2026",Indefinido,https://store.steampowered.com/app/5243430/AIVJ__Cyber_Punk_Visuals/?snr=1_7_7_popularcomingsoon_150_12,"Animação e Modelagem, Indie, Gratuito para Jogar, Produção de Vídeo, Design e Ilustração, Utilitários, Produção de Áudio, Música, Psicodélico, Ritmo, Cyberpunk, Atmosférico, Colorido, Inteligência Artificial"
Shipping Store Simulator 2037,"Oct 14, 2026",Indefinido,https://store.steampowered.com/app/4098030/Shipping_Store_Simulator_2037/?snr=1_7_7_popularcomingsoon_150_12,"Simulação, Gerenciamento, Automação, Gerenciamento de Lojas, Gerenciamento de Recursos, Um Jogador, Economia, Simulador de Emprego, Robôs, Construção, Primeira Pessoa, Simulador Imersivo, Simulador de Vida Real, Futurista, Aventura, 3D, Estilizado, Ação, Casual, Ficção Científica"
Labyrinth of Reverie,"Oct 9, 2026",Indefinido,https://store.steampowered.com/app/5072920/Labyrinth_of_Reverie/?snr=1_7_7_popularcomingsoon_150_12,"Exploração, Objetos Ocultos, Surrealista, Terror Psicológico, Aventura, Plataforma 3D, Simulador de Caminhada, Quebra-Cabeça, Mistério, Comovente, Atmosférico, Primeira Pessoa, Sobrenatural, Indie, Mundo Aberto, Boa Trama, Estilizado, Um Jogador, Física, 3D"
Wilgold's Playground Soundtrack,"Oct 9, 2026",Indefinido,https://store.steampowered.com/app/4347760/Wilgolds_Playground_Soundtrack/?snr=1_7_7_popularcomingsoon_150_12,Sem gênero
BumpBall,"Oct 9, 2026",Free,https://store.steampowered.com/app/5170320/BumpBall/?snr=1_7_7_popularcomingsoon_150_12,"Casual, Multijogador, Futebol, Esportes, Reúna a Galera, Jogador x Jogador (PvP), Estratégia em Turnos, Física, Cooperativo On-line, Baseado em Equipes, Plataforma 3D, Tiro em Arena, Gratuito para Jogar, Tática por Turnos, 2,5D, Isométrico, Visão Superior, Personalização de Personagem, Você Decide"
Lost Camp Demo,"Oct 9, 2026",Free,https://store.steampowered.com/app/5227080/Lost_Camp_Demo/?snr=1_7_7_popularcomingsoon_150_12,"Aventura, Simulador de Caminhada, Exploração, 3D, Colorido, Atmosférico, Natureza, Thriller, Indie, Ação, Boa Trama, Mundo Aberto, Um Jogador"
Knightime,"Oct 9, 2026",Indefinido,https://store.steampowered.com/app/4983560/Knightime/?snr=1_7_7_popularcomingsoon_150_12,"Casual, Roguelike de Ação, Paraíso de Balas, Roguelite, 3D, Isométrico, Saques, Medieval, Indie, Jogador X Ambiente (PvE), Você Decide, Um Jogador"
Heritage Flipper Demo,"Oct 9, 2026",Free,https://store.steampowered.com/app/5120170/Heritage_Flipper_Demo/?snr=1_7_7_popularcomingsoon_150_12,"Casual, Simulação, Design e Ilustração, Simulador de Vida Real, Faça o que Quiser, 3D, Primeira Pessoa, Realístico, Atmosférico, Construção, Limpeza, Decoração, Indie, Destruição, Economia, Para Toda a Família, Histórico, Medieval, Moderno, Relaxante"
Blind Gavel Demo,"Oct 9, 2026",Free,https://store.steampowered.com/app/5120910/Blind_Gavel_Demo/?snr=1_7_7_popularcomingsoon_150_12,"Casual, Multijogador, Reúna a Galera, Engraçado, Dedução Social, Jogador x Jogador (PvP), Jogo de Tabuleiro, Jogo de Mesa, Cooperativo, Cooperativo On-line, Mistério, Detetive, Conspiração, Crime, Estratégia, Investigação, Você Decide, Humor Pesado, Indie, Psicológico"
Just 9 Lives,"Oct 9, 2026",Indefinido,https://store.steampowered.com/app/5244150/Just_9_Lives/?snr=1_7_7_popularcomingsoon_150_12,"Casual, Quebra-Cabeça, Objetos Ocultos, 2D, Gráficos Pixelados, Fofo, Gatos, Indie, Linear, Um Jogador"
Medium Rare Demo,"Oct 9, 2026",Free,https://store.steampowered.com/app/5300460/Medium_Rare_Demo/?snr=1_7_7_popularcomingsoon_150_12,"RPG, Aventura, Explorador de Calabouços, Terror de Sobrevivência, Terror, Combate em Turnos, 2D, Atmosférico, Gráficos Pixelados, Exploração, Violência Detalhada, Sombrio, Movimento em Grade, Terror Psicológico, Tática por Turnos, Estratégia em Turnos, Incremental, Calabouço Misterioso, RPG de Estratégia, Um Jogador"
GRIDMINE,"Oct 9, 2026",Indefinido,https://store.steampowered.com/app/5067390/GRIDMINE/?snr=1_7_7_popularcomingsoon_150_12,"Casual, Estratégia, Defesa de Torres, Incremental, Retrô, Ação, Simulação, 2D, Gráficos Pixelados, Combate, Jogador X Ambiente (PvE), Um Jogador, Indie"
Folded Fables: Tidy Up The Dragon Hoard,"Oct 15, 2026",Indefinido,https://store.steampowered.com/app/4995030/Folded_Fables_Tidy_Up_The_Dragon_Hoard/?snr=1_7_7_popularcomingsoon_150_12,"Desenhado à Mão, Simulação, Organização, Casual, Colete Tudo, Relaxante, Fantasia, Dragões, Quebra-Cabeça, Objetos Ocultos, Simulador Imersivo, Faça o que Quiser, 3D, Primeira Pessoa, Aconchegante, Cooperativo On-line, Um Jogador, Atmosférico, Limpeza, Mágica"
FishyFox Demo,"Oct 9, 2026",Free,https://store.steampowered.com/app/5245110/FishyFox/?snr=1_7_7_popularcomingsoon_150_12,"Simulação, Pesca, Casual, Aconchegante, Coleção de Criaturas, Relaxante, Colete Tudo, Fofo, Natureza, 2D, Desenhado à Mão, Animais, Raposas, Para Toda a Família, Atmosférico, Aventura, Indie, Do Bem, Colorido, Subaquático"
Bloom Inc Demo,"Oct 9, 2026",Free,https://store.steampowered.com/app/5237950/Bloom_Inc_Demo/?snr=1_7_7_popularcomingsoon_150_12,"Casual, Simulação, Estratégia, Progressão Ociosa, Incremental, Um Jogador, Aventura, Arcade, Aconchegante, Gerenciamento, Indie, Minimalista, Relaxante, Gerenciamento de Recursos"
Allogloom,"Oct 13, 2026",Indefinido,https://store.steampowered.com/app/2644100/Allogloom/?snr=1_7_7_popularcomingsoon_150_12,"Apontar e Clicar, Desenhado à Mão, Quebra-Cabeça, Atmosférico, Boa Trama, Humor Ácido, Aventura, Terror Psicológico, Terror, 2D, Casual, Objetos Ocultos, Cultos, Fantasia Sombria, Fofo, Um Jogador, Fantasia, Mistério, Psicológico, Sombrio"
Wrong Door Demo,"Oct 9, 2026",Free,https://store.steampowered.com/app/5238190/Wrong_Door/?snr=1_7_7_popularcomingsoon_150_12,"Casual, Reúna a Galera, Ação, Dedução Social, Multijogador, Jogador x Jogador (PvP), Competitivo, Física, Primeira Pessoa, Engraçado, Indie, Cartunizado, Comédia, 3D"
Tchenovstok,"Oct 10, 2026",Indefinido,https://store.steampowered.com/app/5198880/Tchenovstok/?snr=1_7_7_popularcomingsoon_150_12,"Simulação, Simulador Automobilístico, Aventura, Exploração, Noir, Anos 80, Compatível com Mods, Mundo Aberto, Um Jogador, Simulador de Caminhada, Atmosférico, Sombrio, Direção, Indie, Corrida, Terror, Psicológico, Experimental, Histórico, Software"
Soul of Dreamer,"Oct 10, 2026",Indefinido,https://store.steampowered.com/app/4562980/Soul_of_Dreamer/?snr=1_7_7_popularcomingsoon_150_12,"Ação, Casual, Ficção Interativa, Plataforma, Faça o que Quiser, Simulador de Caminhada, Plataforma 2D, Plataforma 3D, Exploração, Metroidvania, 2D, Gráficos Pixelados, Visão Superior, Atmosférico, Comovente, Terror, Psicológico, Surrealista, Protagonista Mulher, Boa Trama"
Tower Survivors: Fortress,"Oct 10, 2026",Indefinido,https://store.steampowered.com/app/5197160/Tower_Survivors_Fortress/?snr=1_7_7_popularcomingsoon_150_12,"Estratégia, Defesa de Torres, Batalha Automática, Roguelite, Ação, Paraíso de Balas, Roguelike, Gráficos Pixelados, Um Jogador, Roguelike de Ação, Fantasia, Indie, Medieval, 2D, Casual, Geração Procedural"
Nova Warp,"Oct 10, 2026",Free,https://store.steampowered.com/app/4843280/Nova_Warp/?snr=1_7_7_popularcomingsoon_150_12,"Multijogador Massivo, Gratuito para Jogar, MMORPG, Espacial, SHMUP com Visão Superior, Jogador x Jogador (PvP), Ação, Jogador X Ambiente (PvE), Cooperativo On-line, Mundo Aberto, Mandando Bala, Ficção Científica, Naves Espaciais, Multijogador, Acesso Antecipado, Baseado em Equipes, Arcade, Controle, Visão Superior, 2D"
Warrior Cats: Clans of the Forest,"Oct 23, 2026",$29.99,https://store.steampowered.com/app/3960600/Warrior_Cats_Clans_of_the_Forest/?snr=1_7_7_popularcomingsoon_150_12,"Aventura, RPG, Gatos, Ação, Ação / Aventura, RPG de Ação, Exploração, Tática por Turnos, 3D, Animais, Desenho Animado, Personalização de Personagem, Cartunizado, História em Quadrinhos, Fantasia, Um Jogador, Boa Trama, Combate, Multijogador, Combate em Turnos"
Bandit Simulator TD,"Oct 12, 2026",Indefinido,https://store.steampowered.com/app/4267800/Bandit_Simulator_TD/?snr=1_7_7_popularcomingsoon_150_12,"Progressão Ociosa, Defesa de Torres, Xianxia, Saques, 2D, Estratégia, RPG, Casual, Simulação, Um Jogador, Indie, Faça o que Quiser, Construção, História Alternativa, Construção de Bases, Gerenciamento"
Defilade,Coming soon,Indefinido,https://store.steampowered.com/app/5246700/Defilade/?snr=1_7_7_popularcomingsoon_150_12,"Estratégia, Estratégia em Tempo Real (RTS), Estratégia em Tempo Real com Ação, Velha-Guarda, Tático, Guerra, Construção de Bases, Gerenciamento de Recursos, Um Jogador, Isométrico, Tática em Tempo Real, Moderno"
Flipping is Hard,"Oct 16, 2026",Indefinido,https://store.steampowered.com/app/3826670/Flipping_is_Hard/?snr=1_7_7_popularcomingsoon_150_12,"Terror Psicológico, Ação, Impiedoso, Filosófico, Cooperativo On-line, Boa Trama, Simulação, Plataforma de Precisão, Física, Um Jogador, Parkour, Plataforma, Corrida com Combate, Humor Ácido, Aventura, Engraçado, Controle, Alta Rejogabilidade, Terceira Pessoa, Plataforma 3D"
Poly Fighter,"Oct 13, 2026",Indefinido,https://store.steampowered.com/app/3977340/Poly_Fighter/?snr=1_7_7_popularcomingsoon_150_13,"Roguelike, Luta, Um Jogador, 2,5D, Ação, Roguelite, Roguelike de Ação, Luta 2D, Retrô, Arcade, Luta Espetacular, Combate, Jogador X Ambiente (PvE), Controle, Indie, Acesso Antecipado"
The Boogeyman,"Oct 10, 2026",Indefinido,https://store.steampowered.com/app/5218490/The_Boogeyman/?snr=1_7_7_popularcomingsoon_150_13,"Aventura, Ação / Aventura, Exploração, 3D, Primeira Pessoa, Agricultura, Animais, Assassinos, Crime, Mistério, Natureza, Sombrio, Terror de Sobrevivência, Thriller, Terror, Terror Psicológico, Boa Trama, Você Decide, Mundo Aberto, Um Jogador"
Monkey Bizniz,"Oct 12, 2026",Indefinido,https://store.steampowered.com/app/4425550/Monkey_Bizniz/?snr=1_7_7_popularcomingsoon_150_13,"Cooperativo On-line, Multijogador, Ação / Aventura, Física, Faça o que Quiser, Ação, Indie, Engraçado, Comédia, Personalização de Personagem, Aventura, Estilizado, 3D, Plataforma 3D, Colete Tudo, Terceira Pessoa, Baseado em Equipes, Colorido, Plataforma com Quebra-Cabeça, Um Jogador"
Degen Idle,"Oct 10, 2026",Free,https://store.steampowered.com/app/4199970/Degen_Idle/?snr=1_7_7_popularcomingsoon_150_13,"Casual, RPG, Batalha Automática, MMORPG, Multijogador Massivo, Incremental, Progressão Ociosa, Anime, Gráficos Pixelados, Baseado em Texto, Fabricação, Gratuito para Jogar, Fantasia, Saques, Multijogador, Cooperativo On-line"
Bounty Hunter Horrors,"Oct 10, 2026",Indefinido,https://store.steampowered.com/app/3627560/Bounty_Hunter_Horrors/?snr=1_7_7_popularcomingsoon_150_13,"Terror de Sobrevivência, Ação, Aventura, Terror, Cooperativo On-line, Multijogador, Um Jogador, Explorador de Calabouços, Tiro, Plataforma 3D, Tiro em Primeira Pessoa (FPS), Tiro com Saques, Indie, 3D, Primeira Pessoa, Realístico, Terror Psicológico, Combate, Controle"
My Recycling Center 2,"Oct 14, 2026",Indefinido,https://store.steampowered.com/app/3343920/My_Recycling_Center_2/?snr=1_7_7_popularcomingsoon_150_13,"Simulação, Casual, Simulador Automobilístico, Economia, Simulador de Vida Real, Gerenciamento, Relaxante, Destruição, Física, Realístico, Transportes, Simulador Imersivo, Gerenciamento de Tempo, Direção, 3D, Primeira Pessoa, Construção, Controle, Fabricação, Editor de Níveis"
The Jackbox Party Pack 12,"Oct 15, 2026",Indefinido,https://store.steampowered.com/app/4199960/The_Jackbox_Party_Pack_12/?snr=1_7_7_popularcomingsoon_150_13,"Casual, Estratégia, Multijogador, Reúna a Galera, Perguntas e Respostas, Cartunizado, Para Toda a Família, Jogo de Palavras, Jogo de Tabuleiro, Comédia, Colorido, Engraçado, Indie, Em Grupos, Memes, Fofo, Relaxante"
Wheel Make It,"Oct 12, 2026",Indefinido,https://store.steampowered.com/app/4213320/Wheel_Make_It/?snr=1_7_7_popularcomingsoon_150_13,"Cooperativo, Plataforma 3D, Multijogador, Aventura, Engraçado, Física, Impiedoso, Cooperativo On-line, Plataforma de Precisão, Plataforma, Personalização de Personagem, Terceira Pessoa, Ação / Aventura, Cartunizado, 3D, Exploração, Cooperativo Local, Um Jogador, Ação, Direção"
BALL PICKER - Clean Up the Golf Yard,"Oct 15, 2026",Indefinido,https://store.steampowered.com/app/5035380/BALL_PICKER__Clean_Up_the_Golf_Yard/?snr=1_7_7_popularcomingsoon_150_13,"Casual, Limpeza, Relaxante, Simulação, Incremental, Simulador de Emprego, Colete Tudo, Golfe, Aconchegante, Simulador de Caminhada, Apontar e Clicar, Indie, 3D, Engraçado, Física, Um Jogador, Primeira Pessoa"
Within,"Oct 11, 2026",Indefinido,https://store.steampowered.com/app/3580070/Within/?snr=1_7_7_popularcomingsoon_150_13,"Primeira Pessoa, Simulador de Caminhada, Quebra-Cabeça, Um Jogador, Terror, 3D, Objetos Ocultos, Linear, Mistério, Atmosférico, Realístico, Aventura, Sombrio, Detetive, Anos 90, Exploração, Lógica, Comovente, Velha-Guarda, Investigação"
HYPERFIGHT 2,"Oct 12, 2026",Indefinido,https://store.steampowered.com/app/3032970/HYPERFIGHT_2/?snr=1_7_7_popularcomingsoon_150_13,"Acesso Antecipado, Luta 2D, Luta, Jogador x Jogador (PvP), Arcade, Gráficos Pixelados, Multijogador, Multijogador Local, Ação, 2D, Engraçado, Paródia, Anime, Colorido, Desenhado à Mão, Estilizado, Comédia, Fofo, Desenho Animado, Retrô"
Meow Garden,"Oct 12, 2026",Indefinido,https://store.steampowered.com/app/3530010/Meow_Garden/?snr=1_7_7_popularcomingsoon_150_13,"Simulador Rural, Agricultura, Rural, Relaxante, Fofo, Coleção de Criaturas, Gatos, Simulação, Casual, Fabricação, Cartunizado, 2D, Um Jogador, Indie"
Crownspat,"Oct 11, 2026",Indefinido,https://store.steampowered.com/app/5045630/Crownspat/?snr=1_7_7_popularcomingsoon_150_13,"Tática em Tempo Real, Casual, Jogador X Ambiente (PvE), Estratégia em Tempo Real (RTS), 2D, Fofo, Isométrico, Engraçado, Colorido, Cartunizado, Gráficos Pixelados, Tático, Medieval, Estratégia, Indie, Fantasia, Editor de Níveis, Guerra, Movimento em Grade, Combate"
Q-Rely: AI Friend,"Oct 11, 2026",Indefinido,https://store.steampowered.com/app/5132010/QRely_AI_Friend/?snr=1_7_7_popularcomingsoon_150_13,"Utilitários, Acesso Antecipado, Personalização de Personagem, Inteligência Artificial, Controle por Voz, Companheiro de Área de Trabalho"
Don't Give Up,"Oct 11, 2026",Free,https://store.steampowered.com/app/5138180/Dont_Give_Up/?snr=1_7_7_popularcomingsoon_150_13,"Arcade, Comovente, Filosófico, Incremental, Quebra-Cabeça, Casual, Um Jogador, Psicológico, Surrealista, 3D, Linear, Visão Superior, Gratuito para Jogar, Indie, Abstrato, Gerenciamento de Recursos, Controle, Aventura"
Dinerz,"Oct 12, 2026",Indefinido,https://store.steampowered.com/app/4513300/Dinerz/?snr=1_7_7_popularcomingsoon_150_13,"Simulação, Culinária, Multijogador, Cooperativo, Cooperativo On-line, Gerenciamento, Primeira Pessoa, Casual, 3D, Um Jogador, Indie"
Monster Hunter Wilds: Ascendance,2027,Indefinido,https://store.steampowered.com/app/4829700/Monster_Hunter_Wilds_Ascendance/?snr=1_7_7_popularcomingsoon_150_13,"Caça, Ação, Multijogador, Cooperativo On-line, Cooperativo, Personalização de Personagem, Dragões, Mundo Aberto, Simulador de Encontros, Terceira Pessoa, RPG de Ação, Aventura, Fantasia, RPG, Fofo, Um Jogador, Atmosférico, Trilha Sonora Boa, Subaquático, Soulslike"
SLAM TANK,To be announced,Indefinido,https://store.steampowered.com/app/5186030/SLAM_TANK/?snr=1_7_7_popularcomingsoon_150_13,"Luta Espetacular, Hack and Slash, Porradaria, Direção, Jogador X Ambiente (PvE), Ação, Arcade, Tanques, Terceira Pessoa, Inteligência Artificial, Combate com Veículos, Estilizado, Robôs, Física, Destruição, Um Jogador, 3D, Jogo de Ação Focado em Personagem, Personalização de Personagem, Ritmo Rápido"
Crimson Desert Enhanced: Charting the Unknown,"Oct 29, 2026",$24.99,https://store.steampowered.com/app/5001840/Crimson_Desert_Enhanced_Charting_the_Unknown/?snr=1_7_7_popularcomingsoon_150_13,"Mundo Aberto, Ação, Um Jogador, Aventura, Exploração, Combate, Fantasia, Medieval, RPG, Ação / Aventura, Terceira Pessoa, Dragões, Escolha a sua Aventura, Cavalos, Boa Trama, Jogador X Ambiente (PvE), Inteligência Artificial, 3D, Violência Detalhada, Soulslike"
Inspector Sommers in: Ouroborian Madness,"Oct 11, 2026",Free,https://store.steampowered.com/app/4894260/Inspector_Sommers_in_Ouroborian_Madness/?snr=1_7_7_popularcomingsoon_150_13,"Aventura, Investigação, Quebra-Cabeça, Exploração, Cinematográfico, Detetive, Mistério, Ação / Aventura, Anos 90, Viagem no Tempo, Terceira Pessoa, 3D, Crime, Realístico, Boa Trama, Objetos Ocultos, Um Jogador, Indie, Controle, Lógica"
Alice Nation,"Oct 16, 2026",Indefinido,https://store.steampowered.com/app/3755350/Alice_Nation/?snr=1_7_7_popularcomingsoon_150_13,"Cartas, Boa Trama, Protagonista Mulher, Aventura, Ficção Interativa, Tática por Turnos, Jogo de Mesa, Em Turnos, Exploração, Batalha com Cartas, Você Decide, Escolha a sua Aventura, Quebra-Cabeça, Investigação, Jogo de Tabuleiro, Desenhado à Mão, Estratégia, 2D, Fofo, LGBTQIA+"
Afternoon Paws,"Oct 11, 2026",Indefinido,https://store.steampowered.com/app/5309060/Afternoon_Paws/?snr=1_7_7_popularcomingsoon_150_13,"Simulação, Simulador de Vida Real, Gerenciamento de Lojas, Incremental, Progressão Ociosa, 2D, Anime, Fofo, Comédia, Relaxante, Indie, Engraçado, Do Bem, Aconchegante, Protagonista Mulher, Um Jogador"
Ward Off Evil,"Oct 12, 2026",Indefinido,https://store.steampowered.com/app/3422000/Ward_Off_Evil/?snr=1_7_7_popularcomingsoon_150_13,"RPG, Estratégia, Faça o que Quiser, Estratégia em Turnos, CRPG, RPG de Estratégia, Exploração, RPG Tático, Tática por Turnos, Isométrico, Fantasia Sombria, Guerra, Um Jogador, Boa Trama, Você Decide"
Desire's Burgers,"Oct 12, 2026",Indefinido,https://store.steampowered.com/app/3431760/Desires_Burgers/?snr=1_7_7_popularcomingsoon_150_13,"Ritmo, Romance Visual, Culinária, Casual, Gráficos Pixelados, Um Jogador, Indie, Conteúdo Sexual, Aventura, Hentai, Nudez"
SHADOW OF THE KINGDOM,"Oct 12, 2026",Indefinido,https://store.steampowered.com/app/5213290/SHADOW_OF_THE_KINGDOM/?snr=1_7_7_popularcomingsoon_150_13,"RPG de Ação, RPG de Grupos, Explorador de Calabouços, Roguelite, RPG, 2D, Visão Superior, Fantasia Sombria, Fantasia, Baseado em Classes, Geração Procedural, Um Jogador, Gerenciamento de Inventário, Indie, Movimento em Grade, Controle, Alta Rejogabilidade, Medieval, Tático, Exploração"
NeeNee Deskpals,"Oct 13, 2026",Indefinido,https://store.steampowered.com/app/3863740/NeeNee_Deskpals/?snr=1_7_7_popularcomingsoon_150_13,"Companheiro de Área de Trabalho, Personalização de Personagem, Progressão Ociosa, Casual, Utilitários, Simulador de Vida Real, Fofo, Anime, Relaxante, 2D, Um Jogador"
DISK-Y Demo,"Oct 11, 2026",Free,https://store.steampowered.com/app/5102310/DISKY_Demo/?snr=1_7_7_popularcomingsoon_150_13,"Romance Visual, Terror Psicológico, Psicológico, Terror, Gráficos Pixelados, Aventura, 2D, Retrô, Fofo, Psicodélico, Anos 90, Sombrio, Atmosférico, Indie, Escolha a sua Aventura, Baseado em Texto, Boa Trama, Um Jogador"
Heart of the Machine - Kinship,"Oct 12, 2026",Indefinido,https://store.steampowered.com/app/4565610/Heart_of_the_Machine__Kinship/?snr=1_7_7_popularcomingsoon_150_13,"Estratégia, Simulação, Grande Estratégia, Construção de Bases, Construção de Cidades, Gerenciamento, Histórico, Construção, Faça o que Quiser, Simulador de Colônias, Economia, Gerenciamento de Recursos, Mundo Aberto, Sobrevivência, Um Jogador, Compatível com Mods, Diplomacia, 4X, Alta Rejogabilidade, História Alternativa"
Idle Vapor Legends,"Oct 12, 2026",Indefinido,https://store.steampowered.com/app/4985520/Idle_Vapor_Legends/?snr=1_7_7_popularcomingsoon_150_13,"RPG, Progressão Ociosa, Apontar e Clicar, Plataforma 2D, Combate em Turnos, Colete Tudo, Velha-Guarda, 2D, Indie, Casual, Estratégia, Mágica, Um Jogador"
just volleyball,Q4 2026,Indefinido,https://store.steampowered.com/app/5037200/just_volleyball/?snr=1_7_7_popularcomingsoon_150_13,"Esportes, Ação, Multijogador, Arcade, Vôlei, Casual, Jogador x Jogador (PvP), Estilizado, Fofo, 3D, Colorido, Cooperativo, Cooperativo Local, Cooperativo On-line, Indie, Um Jogador, Personalização de Personagem, Terceira Pessoa, Reúna a Galera, Engraçado"
Doomed Otaku,"Oct 16, 2026",Indefinido,https://store.steampowered.com/app/3318210/Doomed_Otaku/?snr=1_7_7_popularcomingsoon_150_13,"Boa Trama, Humor Pesado, Romance Visual, Mistério, Gerenciamento de Tempo, Vários Finais, Terror Psicológico, Você Decide, Aventura, Protagonista Mulher, Simulação, Simulador de Encontros, Exploração, Desenho Animado, Gráficos Pixelados, Fofo, Um Jogador, Indie, Colorido, Cartunizado"
Next time... I'll work from home,"Oct 11, 2026",Indefinido,https://store.steampowered.com/app/5189940/Next_time_Ill_work_from_home/?snr=1_7_7_popularcomingsoon_150_13,"Ficção Interativa, Simulador de Caminhada, 3D, Estilizado, Casual, Atmosférico, Cultos, Sombrio, Terror Psicológico, Linear, Boa Trama, Um Jogador, Aventura, Indie, Primeira Pessoa, Crime, Psicológico, Thriller"
ONE PIECE: Grand Gourmet,"Oct 22, 2026",$19.99,https://store.steampowered.com/app/3905010/ONE_PIECE_Grand_Gourmet/?snr=1_7_7_popularcomingsoon_150_13,"Casual, Simulação, Simulador de Colônias, Construção de Cidades, Simulador Rural, Progressão Ociosa, Simulador Imersivo, 2D, Fofo, Anime, Gráficos Pixelados, Culinária, Gótico, Fantasia, Economia, Fabricação, Boa Trama, Um Jogador"
Sokoban: Ancient Ruins,"Oct 12, 2026",Indefinido,https://store.steampowered.com/app/5188710/Sokoban_Ancient_Ruins/?snr=1_7_7_popularcomingsoon_150_13,"Sokoban, Casual, Gatos, Estratégia, Quebra-Cabeça, Apontar e Clicar, Jogo de Tabuleiro, Perguntas e Respostas, Cartunizado, Fofo, Plataforma 3D, Calabouço Misterioso, Exploração, Explorador de Calabouços, 3D, Colorido, Minimalista, Estilizado, Física, Um Jogador"
SuperNatural Market: Sell or Die Demo,"Oct 11, 2026",Free,https://store.steampowered.com/app/5127640/SuperNatural_Market_Sell_or_Die_Demo/?snr=1_7_7_popularcomingsoon_150_13,"Simulação, Gerenciamento de Lojas, Sobrenatural, Humor Ácido, Primeira Pessoa, Gerenciamento, Simulador Imersivo, Mundo Aberto, Exploração, Economia, 3D, Um Jogador, Ação, Mistério, Robôs, Vampiros, Ação / Aventura, Zumbis, Indie, Faça o que Quiser"
The Traveller's Sight,"Oct 12, 2026",Indefinido,https://store.steampowered.com/app/3356000/The_Travellers_Sight/?snr=1_7_7_popularcomingsoon_150_13,"Aventura, Casual, Apontar e Clicar, Escolha a sua Aventura, Exploração, Tiro sobre Trilhos, Cinematográfico, FMV, Conspiração, Crime, Demônios, Detetive, Investigação, Noir, Indie, Sobrenatural, Thriller, Velha-Guarda, Você Decide, Rico em Diálogos"
Unwatching -The Seven Dolls-,"Oct 12, 2026",Indefinido,https://store.steampowered.com/app/5166790/Unwatching_The_Seven_Dolls/?snr=1_7_7_popularcomingsoon_150_13,"Terror, Terror Psicológico, Terror de Sobrevivência, Exploração, Sombrio, Indie, Ação / Aventura, Simulador de Caminhada, 3D, Primeira Pessoa, Mistério, Aventura, Ação, Um Jogador"
Warring States: Seven Hegemons,"Oct 12, 2026",Indefinido,https://store.steampowered.com/app/5234230/Warring_States_Seven_Hegemons/?snr=1_7_7_popularcomingsoon_150_13,"Estratégia, Estratégia em Turnos, Jogo de Guerra, Simulador Político, 2D, Militar, Histórico, Diplomacia, Guerra, Indie, Simulação, Economia, Gerenciamento de Recursos, Um Jogador"
Timber Knight,"Oct 11, 2026",Indefinido,https://store.steampowered.com/app/5318150/Timber_Knight/?snr=1_7_7_popularcomingsoon_150_13,"Ação, Casual, Arcade, Indie, Pontos, Pontos, Pontos!, 2D, Um Jogador, Alta Rejogabilidade"
Aethel Mine,"Oct 12, 2026",Indefinido,https://store.steampowered.com/app/2210950/Aethel_Mine/?snr=1_7_7_popularcomingsoon_150_13,"Ação, Estratégia, Casual, Arcade, Futurista, Um Jogador, Faça o que Quiser, Simulador de Colônias, Simulador de Caminhada, Grande Estratégia, 2D, Colorido, Gráficos Pixelados, Visão Superior, Indie, Acesso Antecipado, Automação, Construção, Cyberpunk, Gerenciamento"
Feudal Craft,"Oct 13, 2026",Indefinido,https://store.steampowered.com/app/3480890/Feudal_Craft/?snr=1_7_7_popularcomingsoon_150_13,"Estratégia, Simulador de Colônias, Medieval, Sobrevivência, Construção, Fabricação, Construção de Bases, Construção de Cidades, Estratégia em Tempo Real (RTS), Histórico, Economia, Gerenciamento de Inventário, Simulação, RPG de Estratégia, 2D, Defesa de Torres, Gerenciamento de Recursos, RPG Tático, Exploração, Um Jogador"
For The Cat! Sorcerer's Revenge,"Oct 12, 2026",Indefinido,https://store.steampowered.com/app/4773180/For_The_Cat_Sorcerers_Revenge/?snr=1_7_7_popularcomingsoon_150_13,"Ação, RPG, Paraíso de Balas, Roguelike de Ação, Inferno de Balas, 2,5D, Gatos, Um Jogador, Controle, Mágica, Retrô, Estilizado, Indie, Fantasia, Cartunizado, Colorido, Paródia, Saques"
NitroCore Synapse™,"Oct 12, 2026",Indefinido,https://store.steampowered.com/app/5049360/NitroCore_Synapse/?snr=1_7_7_popularcomingsoon_150_13,"Utilitários, Multijogador Massivo, Esportes, Software, Gerenciamento de Recursos, Gerenciamento, Automação"
Roguefort,"Oct 13, 2026",Indefinido,https://store.steampowered.com/app/4274730/Roguefort/?snr=1_7_7_popularcomingsoon_150_13,"Acesso Antecipado, Roguelike Tradicional, Tática por Turnos, Simulador Imersivo, Calabouço Misterioso, Explorador de Calabouços, Estratégia em Turnos, Roguelike, Personalização de Personagem, RPG, 2,5D, 2D, Visão Superior, 3D, Primeira Pessoa, Enredo Rico, Você Decide, Combate em Turnos, Vários Finais, Mundo Aberto"
ROLLA,"Oct 13, 2026",Indefinido,https://store.steampowered.com/app/3975830/ROLLA/?snr=1_7_7_popularcomingsoon_150_13,"Arcade, Terror, Inferno de Balas, Destruição, Pontos, Pontos, Pontos!, Protagonista Vilão, Alienígenas, Impiedoso, SHMUP com Visão Superior, Violento, Sobrevivência, Humor Ácido, Violência Detalhada, Sobrenatural, Militar, Ação, Anos 80, Estilizado, Retrô, Isométrico"
白线-原创曲 Soundtrack,"Oct 12, 2026",Indefinido,https://store.steampowered.com/app/5281560/_Soundtrack/?snr=1_7_7_popularcomingsoon_150_13,Sem gênero
PropHuntFPS,"Oct 12, 2026",Free,https://store.steampowered.com/app/5256770/PropHuntFPS/?snr=1_7_7_popularcomingsoon_150_13,"Ação, Tiro, Tiro em Primeira Pessoa (FPS), 3D, Engraçado, Jogador x Jogador (PvP), Multijogador, Gratuito para Jogar, Indie, Casual"
Food Truck Frenzy,"Oct 12, 2026",Indefinido,https://store.steampowered.com/app/3187340/Food_Truck_Frenzy/?snr=1_7_7_popularcomingsoon_150_13,"Casual, Culinária, Ritmo Rápido, Apontar e Clicar, Simulador de Emprego, Gerenciamento de Tempo, Fofo, Cartunizado, Colorido, Estilizado, Gerenciamento, Comédia, Engraçado, Gerenciamento de Recursos, Fabricação, Um Jogador, Indie"
Legends of the Pitch,"Oct 12, 2026",Indefinido,https://store.steampowered.com/app/5294190/Legends_of_the_Pitch/?snr=1_7_7_popularcomingsoon_150_13,"Aventura, Esportes, Luta 2D, Cartas, Roguelike, Estratégia em Turnos, Plataforma 2D, Montagem de Decks Roguelike, 2D, Estilizado, Simulação, Futebol, Montagem de Decks, Combate, Combate em Turnos, Um Jogador"
Trafficity,"Nov 16, 2026",Indefinido,https://store.steampowered.com/app/5185750/Trafficity/?snr=1_7_7_popularcomingsoon_150_13,"Transportes, Simulação, Construção de Cidades, Construção, Gerenciamento, Automação, Faça o que Quiser, 2D, Indie, Visão Superior, Geração Procedural, Um Jogador"
Poco Loco,"Oct 12, 2026",Free,https://store.steampowered.com/app/5262490/Poco_Loco/?snr=1_7_7_popularcomingsoon_150_14,"Corrida, Gratuito para Jogar, Casual, Simulação, Multijogador, Editor de Níveis, Personalização de Personagem, Colorido, 3D, Arcade, Acesso Antecipado, Para Toda a Família, Engraçado, Física, Multijogador Massivo, Um Jogador"
That's My Life,"Oct 12, 2026",Indefinido,https://store.steampowered.com/app/5285190/Thats_My_Life/?snr=1_7_7_popularcomingsoon_150_14,"Simulação, Simulador de Vida Real, RPG, Faça o que Quiser, Você Decide, Economia, Gerenciamento, Gerenciamento de Recursos, Não Linear, Simulador Político, 2D, Troca, Baseado em Texto, Visão Superior, Indie, Automação, Estilizado, Capitalismo, Crime, Moderno"
TIMBER! Idle Village Builder,"Oct 12, 2026",Indefinido,https://store.steampowered.com/app/5042740/TIMBER_Idle_Village_Builder/?snr=1_7_7_popularcomingsoon_150_14,"Casual, Progressão Ociosa, Construção de Cidades, Simulação, Gráficos Pixelados, Estratégia, Relaxante, Incremental, Simulador de Colônias, Gerenciamento de Recursos, Automação, Indie, 2D, Fofo, Visão Superior, Natureza, Construção, Medieval, Um Jogador, Aventura"
Dimenshot,"Oct 16, 2026",Indefinido,https://store.steampowered.com/app/3897080/Dimenshot/?snr=1_7_7_popularcomingsoon_150_14,"Acesso Antecipado, Ritmo Rápido, Tiro de Tiozão, Jogo de Ação Focado em Personagem, Tiro de Heróis, Um Jogador, Tiro, Primeira Pessoa, Ação, Estilizado, Atmosférico, Pontos, Pontos, Pontos!, Ação / Aventura, Jogador X Ambiente (PvE), Hack and Slash, Tiro em Arena, Mandando Bala, Porradaria, Arcade, Aventura"
Augment Mahjong Demo,"Oct 12, 2026",Free,https://store.steampowered.com/app/5104790/Augment_Mahjong/?snr=1_7_7_popularcomingsoon_150_14,"Casual, Estratégia, Mahjong, Jogo de Tabuleiro, Roguelike, Jogo de Mesa, Batalha com Cartas, Tática por Turnos, 2,5D, Fofo, Visão Superior, Inteligência Artificial, Cartas, Psicológico, Roguelite, Indie, Espacial, Você Decide, Montagem de Decks, Geração Procedural"
Metro Resonance Demo,"Oct 12, 2026",Free,https://store.steampowered.com/app/5007910/Metro_Resonance/?snr=1_7_7_popularcomingsoon_150_14,"Roguelike de Ação, Tiro de Heróis, Exploração, Tiro em Primeira Pessoa (FPS), Calabouço Misterioso, Aventura, Explorador de Calabouços, Ação, BMX, Tiro, Ação / Aventura, Um Jogador, Primeira Pessoa, Eventos Rápidos, Combate, Terror, Retrô, Pós-Apocalíptico, Terror de Sobrevivência, Anos 90"
Penny Potluck Demo,"Oct 12, 2026",Free,https://store.steampowered.com/app/4811620/Penny_Potluck/?snr=1_7_7_popularcomingsoon_150_14,"Roguelite, Culinária, Estratégia, Aconchegante, Montagem de Decks, Casual, Desenhado à Mão, Relaxante, Alta Rejogabilidade, Estratégia em Turnos, Um Jogador, Cartunizado, Roguelike, Fofo, Simulação, 2D, Fabricação, Montagem de Decks Roguelike, Indie, Em Turnos"
DinoSwarm,"Oct 12, 2026",Indefinido,https://store.steampowered.com/app/3393190/DinoSwarm/?snr=1_7_7_popularcomingsoon_150_14,"Inferno de Balas, Paraíso de Balas, Roguelite, Roguelike de Ação, Coleção de Criaturas, Dinossauros, Ação, Roguelike, Ação / Aventura, Roguelike Tradicional, Personalização de Personagem, RPG, Indie, Gráficos Pixelados, Fantasia, Um Jogador, Acesso Antecipado, Fantasia Sombria, Casual, Lovecraftiano"
Adventures of Mack,"Oct 12, 2026",Free,https://store.steampowered.com/app/4801520/Adventures_of_Mack/?snr=1_7_7_popularcomingsoon_150_14,"Casual, Exploração, Aventura, Quebra-Cabeça, Apontar e Clicar, 3D, Realístico, Atmosférico, Gratuito para Jogar, Indie, Um Jogador"
American Cooking Simulator: Multiplayer,"Oct 12, 2026",Indefinido,https://store.steampowered.com/app/3780530/American_Cooking_Simulator_Multiplayer/?snr=1_7_7_popularcomingsoon_150_14,"Culinária, Cooperativo, Multijogador, Engraçado, Tiro, Física, Indie, Cooperativo On-line, Tiro em Primeira Pessoa (FPS), Humor Ácido, Campanha Cooperativa, Memes, Humor Pesado, Cartunizado, Personalização de Personagem, Estilizado, Ação, Primeira Pessoa, Simulação, Simulador Imersivo"
Dub Night Live,"Oct 13, 2026",Indefinido,https://store.steampowered.com/app/5099290/Dub_Night_Live/?snr=1_7_7_popularcomingsoon_150_14,"Reúna a Galera, Multijogador, Engraçado, Música, Comédia, Casual, Memes, Compatível com Mods, Cooperativo On-line, Colorido, Paródia, Desenho Animado, Editor de Níveis, Indie, Um Jogador, Cooperativo, Trilha Sonora, Em Grupos, Estilizado, 2D"
Armament Inc,"Oct 12, 2026",Indefinido,https://store.steampowered.com/app/5241840/Armament_Inc/?snr=1_7_7_popularcomingsoon_150_14,"Casual, Estratégia, Simulação, Faça o que Quiser, Progressão Ociosa, Um Jogador, Indie"
Under Review,"Oct 12, 2026",Indefinido,https://store.steampowered.com/app/4836150/Under_Review/?snr=1_7_7_popularcomingsoon_150_14,"Terror, Terror Psicológico, Quebra-Cabeça, Mistério, Vários Finais, Aventura, Exploração, Estilizado, 3D, Primeira Pessoa, Atmosférico, Sombrio, Um Jogador, Casual, Surrealista"
商道逐权 Pursuit of Mercantile Power,"Oct 12, 2026",Indefinido,https://store.steampowered.com/app/4062990/_Pursuit_of_Mercantile_Power/?snr=1_7_7_popularcomingsoon_150_14,"Estratégia, Simulação, Gerenciamento, RPG, Economia, Capitalismo, Gerenciamento de Recursos, Troca, Gerenciamento de Lojas, 2D, Acesso Antecipado, Indie, Estilizado, Artes Marciais, Vários Finais, Combate, Um Jogador, RPG de Estratégia"
Daily Burden,"Oct 12, 2026",Indefinido,https://store.steampowered.com/app/4131650/Daily_Burden/?snr=1_7_7_popularcomingsoon_150_14,"Estratégia, Roguelite, Capitalismo, Montagem de Decks, Roguelike, Paródia, Um Jogador, Morte Permanente, Colorido, Cartunizado, Geração Procedural, Acesso Antecipado"
Overdue,"Oct 12, 2026",Indefinido,https://store.steampowered.com/app/4456180/Overdue/?snr=1_7_7_popularcomingsoon_150_14,"Cooperativo On-line, Ação, Terror, Primeira Pessoa, Engraçado, Geração Procedural, Jogador X Ambiente (PvE), Cooperativo, Exploração, Roguelike, Terror de Sobrevivência, Gráficos Pixelados, 3D, Aventura, Morte Permanente, Multijogador, Indie, Violento, Sombrio, Gerenciamento de Tempo"
Voxel Gambit Demo,"Oct 12, 2026",Free,https://store.steampowered.com/app/4897630/Voxel_Gambit/?snr=1_7_7_popularcomingsoon_150_14,"Um Jogador, Estratégia, Geração Procedural, Jogo de Tabuleiro, Estratégia em Turnos, Tática por Turnos, Movimento em Grade, Voxel, 3D, Fantasia Sombria, Acesso Antecipado, Casual, Fantasia, Medieval, Combate em Turnos, Tático, Jogo de Mesa"
Ghost Villa,"Oct 12, 2026",Indefinido,https://store.steampowered.com/app/2902780/Ghost_Villa/?snr=1_7_7_popularcomingsoon_150_14,"Acesso Antecipado, Ação, Tiro, Incremental, Tiro em Primeira Pessoa (FPS), Defesa de Torres, 3D, Colorido, Indie, Roguelike, Construção, Estilizado, Gerenciamento, Construção de Bases, Combate, Alta Rejogabilidade, Atmosférico, Primeira Pessoa, Sobrevivência, Um Jogador"
Refund This Game,"Oct 12, 2026",Indefinido,https://store.steampowered.com/app/5070190/Refund_This_Game/?snr=1_7_7_popularcomingsoon_150_14,"Terror Psicológico, Um Jogador, Capitalismo, Terror, Física, Aventura, Filosófico, Plataforma, Ação, Engraçado, Humor Ácido, Anos 90, Retrô, Casual, Paródia, Parkour, Espacial, Pontos, Pontos, Pontos!, Psicodélico, Plataforma 3D"
Demon God Story,"Oct 12, 2026",Indefinido,https://store.steampowered.com/app/4911970/Demon_God_Story/?snr=1_7_7_popularcomingsoon_150_14,"Ação, RPG, Ação / Aventura, Roguelike de Ação, RPG de Ação, Estratégia em Tempo Real (RTS), Porradaria, RPG de Estratégia, 3D, Terceira Pessoa, Corrida, Aventura, Medieval, Surrealista, Combate, Um Jogador"
Security Duty,"Oct 12, 2026",Indefinido,https://store.steampowered.com/app/5338230/Security_Duty/?snr=1_7_7_popularcomingsoon_150_14,"Terror, Casual, Primeira Pessoa, Ação, Atmosférico, Ação / Aventura, Combate, Um Jogador, 3D, Indie"
Skulls and Sweets,"Oct 12, 2026",Indefinido,https://store.steampowered.com/app/5239090/Skulls_and_Sweets/?snr=1_7_7_popularcomingsoon_150_14,"Casual, Quebra-Cabeça, Combinar 3, 2D, Humor Ácido, Para Toda a Família, Terror, Lógica, Relaxante, Indie, Romance, Protagonista Mulher, Um Jogador"
Trick or Eat,"Oct 12, 2026",Indefinido,https://store.steampowered.com/app/5283850/Trick_or_Eat/?snr=1_7_7_popularcomingsoon_150_14,"Ação, Roguelike de Ação, Porradaria, Hack and Slash, Tiro em Terceira Pessoa, 3D, Estilizado, Terceira Pessoa, Saques, Demônios, Sombrio, Humor Ácido, Um Jogador, Cooperativo On-line, Aconchegante, Multijogador, Terror, Comédia, Mágica, Casual"
PHOBOS: Rescue,"Oct 12, 2026",Indefinido,https://store.steampowered.com/app/5288280/PHOBOS_Rescue/?snr=1_7_7_popularcomingsoon_150_14,"Casual, Plataforma, Plataforma 2D, Câmera Lateral, 2D, Minimalista, Estilizado, Naves Espaciais, Espacial, Indie, Física, Um Jogador"
BrouHaHa Demo,"Oct 12, 2026",Free,https://store.steampowered.com/app/5103470/BrouHaHa_Demo/?snr=1_7_7_popularcomingsoon_150_14,"Casual, Estratégia, Battle Royale, Cartas, Reúna a Galera, Jogo de Palavras, Soletração, Digitação, Gráficos Pixelados, Jogador x Jogador (PvP), Indie, Montagem de Decks, Multijogador, Multijogador Local"
Dungeon Cleared!,"Oct 12, 2026",Indefinido,https://store.steampowered.com/app/5272800/Dungeon_Cleared/?snr=1_7_7_popularcomingsoon_150_14,"Estratégia, Explorador de Calabouços, Estratégia em Turnos, Combate em Turnos, Gráficos Pixelados, Anos 80, Anos 90, Indie, Um Jogador"
Doodle Steel,"Oct 12, 2026",Indefinido,https://store.steampowered.com/app/5318720/Doodle_Steel/?snr=1_7_7_popularcomingsoon_150_14,"Estratégia, Casual, Segunda Guerra Mundial, Simulação, Física, Defesa de Torres, Tanques, 2D, Guerra, Tática em Tempo Real"
Vicarius,"Oct 12, 2026",Indefinido,https://store.steampowered.com/app/3894540/Vicarius/?snr=1_7_7_popularcomingsoon_150_14,"Exploração, Hack and Slash, Mundo Aberto, Impiedoso, Visão Superior, Gráficos Pixelados, Metroidvania, Ação / Aventura, Controle com Alavanca Dupla, Tiro de Extração, Paraíso de Balas, Fabricação, Saques, Um Jogador, Atmosférico, 2D, Indie, Roguelite, Roguelike de Ação, Inferno de Balas"
BABEL: Invent a Way,"Oct 12, 2026",Indefinido,https://store.steampowered.com/app/5306000/BABEL_Invent_a_Way/?snr=1_7_7_popularcomingsoon_150_14,"Quebra-Cabeça, Aventura, Cooperativo On-line, Jogo de Palavras, Lógica, Cooperativo, Experimental, Fuja da Sala, 2D, Mágica, Atmosférico, Mistério, Indie, Estilizado, Colorido, Multijogador, Tutorial, Narrativa, Vários Finais"
"I Was Reincarnated as a Bosozoku Hamster, So I Became a Racing Champion to Return Home","Oct 12, 2026",Indefinido,https://store.steampowered.com/app/5278730/I_Was_Reincarnated_as_a_Bosozoku_Hamster_So_I_Became_a_Racing_Champion_to_Return_Home/?snr=1_7_7_popularcomingsoon_150_14,"Corrida, RPG, Aventura, Arcade, JRPG, Simulador Automobilístico, Corredor, CRPG, 3D, Anime, Estilizado, Indie, Psicodélico, Comédia, Esportes, Mistério, Um Jogador"
Myriad Gambit,"Oct 12, 2026",Indefinido,https://store.steampowered.com/app/5262940/Myriad_Gambit/?snr=1_7_7_popularcomingsoon_150_14,"Casual, Estratégia, RPG, Cartas, Estratégia em Turnos, Jogo de Tabuleiro, Batalha Automática, Plataforma 2D, Batalha com Cartas, Tática por Turnos, CRPG, 2D, Colorido, Histórico, Indie, Fantasia, Relaxante, História Alternativa, Atmosférico, Mágica"
Q's Curse,"Oct 12, 2026",Indefinido,https://store.steampowered.com/app/4373960/Qs_Curse/?snr=1_7_7_popularcomingsoon_150_14,"RPG de Ação, Hack and Slash, Fabricação, Jogador X Ambiente (PvE), Indie, Combate, RPG, Ação, Aventura, Exploração, Faça o que Quiser, Um Jogador, 2D, Visão Superior, Mundo Aberto, Gráficos Pixelados, Acesso Antecipado, Fantasia, Atmosférico, Ação / Aventura"
Dotty Bead: Wonders of the Brass Machine,"Oct 12, 2026",Indefinido,https://store.steampowered.com/app/5313190/Dotty_Bead_Wonders_of_the_Brass_Machine/?snr=1_7_7_popularcomingsoon_150_14,"Gratuito para Jogar, Casual, Simulação"
Mushroom Marketplace,"Oct 12, 2026",Indefinido,https://store.steampowered.com/app/5065920/Mushroom_Marketplace/?snr=1_7_7_popularcomingsoon_150_14,"Estratégia, Batalha com Cartas, Roguelite, Cartas, Roguelike, Casual, 2D, Fofo, Aconchegante, Relaxante, Do Bem, Montagem de Decks, Geração Procedural, Simulação, Indie, Cartunizado, Colorido, Desenhado à Mão, Atmosférico, Gerenciamento de Recursos"
Handle with Care!,"Oct 13, 2026",Indefinido,https://store.steampowered.com/app/4996960/Handle_with_Care/?snr=1_7_7_popularcomingsoon_150_14,"Cooperativo On-line, Multijogador, Engraçado, Cooperativo, 3D, Ação, Física, Comédia, Casual, Cartunizado, Primeira Pessoa, Personalização de Personagem, Indie, Colorido"
Time To Wake Up Soundtrack,"Oct 12, 2026",Indefinido,https://store.steampowered.com/app/5087730/Time_To_Wake_Up_Soundtrack/?snr=1_7_7_popularcomingsoon_150_14,Sem gênero
Breakaway,"Oct 12, 2026",Indefinido,https://store.steampowered.com/app/4632730/Breakaway/?snr=1_7_7_popularcomingsoon_150_14,"Acesso Antecipado, Esportes, Simulação, Futebol, Física, Robôs, Futurista, Ficção Científica, Estratégia em Tempo Real com Ação, Pós-Apocalíptico, eSports, Espacial, Primeira Pessoa, Terceira Pessoa, Atmosférico, Cyberpunk, Sombrio, Psicodélico, Ação, Baseado em Equipes"
Nothing to Report,"Oct 12, 2026",Indefinido,https://store.steampowered.com/app/5038370/Nothing_to_Report/?snr=1_7_7_popularcomingsoon_150_14,"Terror, Exploração, Colete Tudo, Quebra-Cabeça, Ação, Jogador X Ambiente (PvE), Ação / Aventura, Geração Procedural, 3D, Primeira Pessoa, Terror de Sobrevivência, Não Linear, Realístico, Investigação, Terror Psicológico, Mistério, Aventura, Sombrio, Um Jogador"
Pieps Fruit Fall,"Oct 12, 2026",Indefinido,https://store.steampowered.com/app/5045760/Pieps_Fruit_Fall/?snr=1_7_7_popularcomingsoon_150_14,"Aventura, Casual, Arcade, Plataforma 2D, 2D, Gráficos Pixelados, Atmosférico, Para Toda a Família, Fantasia, Indie, Controle, Linear, Um Jogador"
Airport Madness Evolution,"Oct 13, 2026",Indefinido,https://store.steampowered.com/app/5108650/Airport_Madness_Evolution/?snr=1_7_7_popularcomingsoon_150_14,"Simulação, Estratégia, Arcade, Voo, Gerenciamento de Tempo, 3D, Gerenciamento, Gerenciamento de Recursos, Um Jogador"
Contract Cooks,"Oct 12, 2026",Indefinido,https://store.steampowered.com/app/4301410/Contract_Cooks/?snr=1_7_7_popularcomingsoon_150_14,"Culinária, Cooperativo, Roguelite, Gerenciamento de Tempo, Simulação, Ação, Cooperativo On-line, Gerenciamento, Impiedoso, Casual, Estilizado, 3D, Acesso Antecipado, Primeira Pessoa, Terceira Pessoa, Um Jogador, Multijogador, Indie"
Rift Crashers,"Oct 12, 2026",Indefinido,https://store.steampowered.com/app/4838230/Rift_Crashers/?snr=1_7_7_popularcomingsoon_150_14,"Ação, Roguelike, Tiro, Paraíso de Balas, Explorador de Calabouços, Gráficos Pixelados, Visão Superior, Fantasia Sombria, Saques, Mágica, Baseado em Classes, Combate, Geração Procedural, RPG, Acesso Antecipado, Jogador X Ambiente (PvE), Baseado em Equipes, Cooperativo, Multijogador, Cooperativo On-line"
Spoofs Playland,"Oct 12, 2026",Indefinido,https://store.steampowered.com/app/2976330/Spoofs_Playland/?snr=1_7_7_popularcomingsoon_150_14,"Decoração, Minijogos, Casual, Relaxante, Desenhado à Mão, Para Toda a Família, Cartunizado, Do Bem, Indie, Educativo, Aconchegante, Colorido, Fofo, Pesca, Apontar e Clicar, Soletração, Desenho Animado, Animais, Um Jogador, Não Linear"
Hockey Coach Dynasty,"Oct 12, 2026",Indefinido,https://store.steampowered.com/app/5293350/Hockey_Coach_Dynasty/?snr=1_7_7_popularcomingsoon_150_14,"Esportes, Simulação, Estratégia, Gerenciamento, Baseado em Texto, Hóquei, Um Jogador, Faça o que Quiser, Indie, Compatível com Mods, Personalização de Personagem, Geração Procedural, Economia, Alta Rejogabilidade, Você Decide, Gerenciamento de Recursos, Troca, 2D"
Road to Verdant,"Oct 12, 2026",Indefinido,https://store.steampowered.com/app/5157000/Road_to_Verdant/?snr=1_7_7_popularcomingsoon_150_14,"Ação / Aventura, Paraíso de Balas, Fantasia, Incremental, Aventura, Ação, Tiro, RPG, Batalha Automática, Roguelike, Tiro com Saques, Roguelite, 3D, Colorido, Estilizado, Dragões, Baseado em Equipes, Medieval, Boa Trama, Eventos Rápidos"
Take Good Care of Your Cassava,"Oct 12, 2026",Indefinido,https://store.steampowered.com/app/5343830/Take_Good_Care_of_Your_Cassava/?snr=1_7_7_popularcomingsoon_150_14,"Casual, Progressão Ociosa, Incremental, Simulação, Gráficos Pixelados, Aconchegante, Engraçado, Fofo, Relaxante, Gerenciamento, Colorido, 2D, Indie, Cartunizado, Personalização de Personagem, Protagonista Mulher, Colete Tudo, Decoração, Gerenciamento de Recursos, Um Jogador"
Tomori: The Lampkeepers Demo,"Oct 12, 2026",Free,https://store.steampowered.com/app/5135910/Tomori_The_Lampkeepers_Demo/?snr=1_7_7_popularcomingsoon_150_14,"RPG, Aventura, JRPG, Romance Visual, Plataforma 2D, Tática por Turnos, Escolha a sua Aventura, 2D, Fofo, Gráficos Pixelados, Anos 90, Fantasia Sombria, Fantasia, Retrô, Comovente, Atmosférico, Mágica, Você Decide, Um Jogador"
smoke.exe,"Oct 12, 2026",Indefinido,https://store.steampowered.com/app/5203370/smokeexe/?snr=1_7_7_popularcomingsoon_150_14,"Estratégia, Roguelite, Batalha Automática, Quebra-Cabeça, Roguelike, 2D, Noir, Cyberpunk, Montagem de Decks, Manipulação de Tempo, Gráficos Pixelados, Ficção Científica, Indie, Simulação, Distópico, Fantasia, Gerenciamento, Futurista, Gerenciamento de Recursos, Um Jogador"
Desktop Charging Station,"Oct 12, 2026",Indefinido,https://store.steampowered.com/app/2528790/Desktop_Charging_Station/?snr=1_7_7_popularcomingsoon_150_14,"Casual, Simulação, Progressão Ociosa, Incremental, 2D, Construção, Relaxante, Gerenciamento, Indie, Gerenciamento de Recursos, Um Jogador"
Astrocraft Demo,"Oct 12, 2026",Free,https://store.steampowered.com/app/5021020/Astrocraft_Demo/?snr=1_7_7_popularcomingsoon_150_14,"Simulação, Construção de Bases, Gerenciamento, Espacial, Automação, Gerenciamento de Recursos, Robôs, Fabricação, Cooperativo On-line, Gerenciamento de Lojas, Mineração, Economia, Faça o que Quiser, Ficção Científica, Primeira Pessoa, Construção, 3D, Multijogador, Um Jogador, Cooperativo"
The Pass,"Oct 12, 2026",Indefinido,https://store.steampowered.com/app/5056410/The_Pass/?snr=1_7_7_popularcomingsoon_150_15,"Gerenciamento de Tempo, Incremental, Ficção Interativa, Jogo de Palavras, Capitalismo, Jogador X Ambiente (PvE), Apontar e Clicar, 2D, Humor Pesado, Humor Ácido, Engraçado, Paródia, Um Jogador, Surrealista, Gerenciamento de Recursos, Você Decide, Linear, Baseado em Texto, Indie, Casual"
Rhythm Animal Café,"Oct 13, 2026",Indefinido,https://store.steampowered.com/app/3859210/Rhythm_Animal_Cafe/?snr=1_7_7_popularcomingsoon_150_15,"Ritmo, Desenhado à Mão, Desenho Animado, Fofo, Relaxante, Música, Engraçado, Cachorros, Gatos, História em Quadrinhos, Casual, Anime, Memes, Um Jogador, Indie, Incremental, Boa Trama, Simulador Imersivo"
The Circus That Never Left,"Oct 12, 2026",Indefinido,https://store.steampowered.com/app/4829810/The_Circus_That_Never_Left/?snr=1_7_7_popularcomingsoon_150_15,"Terror, Terror Psicológico, Atmosférico, Indie, Curta-Metragem, Sombrio, Ação, Exploração, Um Jogador, Linear, Enredo Rico, Boa Trama, 3D, Simulador de Caminhada, Primeira Pessoa, Mistério, Investigação, Detetive, Realístico, Quebra-Cabeça"
Cyclics Demo Soundtrack,"Oct 12, 2026",Indefinido,https://store.steampowered.com/app/3783650/Cyclics_Demo_Soundtrack/?snr=1_7_7_popularcomingsoon_150_15,Sem gênero
Julio's Adventure 3,"Oct 12, 2026",Indefinido,https://store.steampowered.com/app/3670210/Julios_Adventure_3/?snr=1_7_7_popularcomingsoon_150_15,"Terror, Um Jogador, Terror de Sobrevivência, Primeira Pessoa, Ação / Aventura, Indie, Aventura, Ação, Atmosférico, Sombrio, Thriller, Sobrevivência, Terror Psicológico, Boa Trama, Exploração, Furtivo, 3D, Mistério, Impiedoso, Vários Finais"
CTS 2026 - Vienna Expansion,"Oct 13, 2026",Indefinido,https://store.steampowered.com/app/4399970/CTS_2026__Vienna_Expansion/?snr=1_7_7_popularcomingsoon_150_15,Simulação
First Principles: A Calculus Platformer,"Oct 12, 2026",Indefinido,https://store.steampowered.com/app/4570070/First_Principles_A_Calculus_Platformer/?snr=1_7_7_popularcomingsoon_150_15,"Casual, Educativo, Plataforma com Quebra-Cabeça, Cartunizado, Colorido, Gráficos Pixelados, Para Toda a Família, Programação, Relaxante, Retrô, Ciência, Controle, Indie, Linear, Física, Um Jogador, 2D, Plataforma 2D, Plataforma"
Iron Dogs Demo,"Oct 12, 2026",Free,https://store.steampowered.com/app/5330300/Iron_Dogs_Demo/?snr=1_7_7_popularcomingsoon_150_15,"Exploração, Voo, Mandando Bala, Tiro em Terceira Pessoa, Tutorial, Ação, Tiro, Ação / Aventura, Personalização de Personagem, 3D, Terceira Pessoa, Aventura, Engraçado, Controle, Linear, Colorido, Indie, Cachorros, Piratas, Animais"
One More Wave,"Oct 12, 2026",Free,https://store.steampowered.com/app/5303740/One_More_Wave/?snr=1_7_7_popularcomingsoon_150_15,"Ação, Casual, Arcade, Tiro, Mandando Bala, Câmera Lateral, 2D, Colorido, Para Toda a Família, Ficção Científica, Combate, Controle, Gratuito para Jogar, Indie, Cooperativo, Cooperativo Local, Multijogador Local, Multijogador, Cooperativo On-line, Um Jogador"
Terrible Lizards,"Oct 29, 2026",Indefinido,https://store.steampowered.com/app/2920220/Terrible_Lizards/?snr=1_7_7_popularcomingsoon_150_15,"Terror, Dinossauros, Plataforma, Atmosférico, Exploração, Anos 90, Terror Psicológico, Terror de Sobrevivência, Ação / Aventura, Plataforma com Quebra-Cabeça, Ritmo Rápido, Plataforma 3D, Um Jogador, 3D, Primeira Pessoa, Realístico, Aventura, Furtivo, Sobrenatural, Boa Trama"
The Extractors Demo,"Oct 12, 2026",Free,https://store.steampowered.com/app/5175840/The_Extractors/?snr=1_7_7_popularcomingsoon_150_15,"Terror, Multijogador, Primeira Pessoa, Terror de Sobrevivência, Aventura, Cooperativo On-line, Ação, Ficção Científica, Baseado em Equipes, Terror Psicológico, Cooperativo, Exploração, Tiro de Extração, Ação / Aventura, Jogador X Ambiente (PvE), Tiro em Primeira Pessoa (FPS), Indie, Violência Detalhada, Violento, Combate"
Tintoria Demo,"Oct 12, 2026",Free,https://store.steampowered.com/app/4516820/Tintoria/?snr=1_7_7_popularcomingsoon_150_15,"Aventura, Casual, Plataforma, Plataforma 2D, 2D, Fantasia, Linear, Controle, Um Jogador, Indie, Desenho Animado, Colorido"
One More Voyage Demo,"Oct 12, 2026",Free,https://store.steampowered.com/app/4567600/One_More_Voyage/?snr=1_7_7_popularcomingsoon_150_15,"4X, Incremental, Estratégia em Turnos, Exploração, Minimalista, Roguelite, Estratégia, Gerenciamento de Recursos, Grade Hexagonal, Anos 90, Geração Procedural, Um Jogador, Ficção Científica, Gráficos Pixelados, 2D, Roguelike"
Enrooted: Overture,"Oct 12, 2026",Free,https://store.steampowered.com/app/5134100/Enrooted/?snr=1_7_7_popularcomingsoon_150_15,"Ritmo, Inferno de Balas, RPG Tático, RPG, Gráficos Pixelados, Fantasia, 2D, Visão Superior, Retrô, Combate, Indie, Aventura, Um Jogador, Enredo Rico, Rico em Diálogos, Vários Finais, Engraçado, Velha-Guarda, Boa Trama, Combate em Turnos"
Subgloom Demo,"Oct 12, 2026",Free,https://store.steampowered.com/app/5192690/Subgloom/?snr=1_7_7_popularcomingsoon_150_15,"Metroidvania, Estratégia, Gráficos Pixelados, Atmosférico, Aventura, Plataforma 2D, Física, Mundo Aberto, Subterrâneo, Destruição, Plataforma, Ação, Quebra-Cabeça, Combate, Não Linear, Faça o que Quiser, Colorido, Um Jogador"
Frog Kick,"Oct 12, 2026",Indefinido,https://store.steampowered.com/app/5304270/Frog_Kick/?snr=1_7_7_popularcomingsoon_150_15,"Esportes, Ação, Casual, Física, Subaquático, Terceira Pessoa, Um Jogador, Indie"
Pop Star Life 2 Demo,"Oct 12, 2026",Free,https://store.steampowered.com/app/5306050/Pop_Star_Life_2_Demo/?snr=1_7_7_popularcomingsoon_150_15,"RPG, Simulação, RPG de Ação, Ação / Aventura, Ritmo, Simulador de Emprego, Escolha a sua Aventura, Exploração, Gerenciamento de Tempo, 3D, Colorido, Estilizado, Terceira Pessoa, Animais, Crime, Decoração, Direção, Economia, Jogos de Azar, Moderno"
Wolf Mate - School Date,"Oct 13, 2026",Indefinido,https://store.steampowered.com/app/5195300/Wolf_Mate__School_Date/?snr=1_7_7_popularcomingsoon_150_15,"Ação, Aventura, Conteúdo Sexual, Primeira Pessoa, Terror Psicológico, Hentai, Romance, Fantasia, Lobisomens, Quebra-Cabeça, 3D, Terror, Nudez, Um Jogador, Ação / Aventura, Plataforma 3D, Anime, Fofo"
LampMan!,"Oct 12, 2026",Indefinido,https://store.steampowered.com/app/4416850/LampMan/?snr=1_7_7_popularcomingsoon_150_15,"Câmera Lateral, Plataforma 2D, Ação, Plataforma, Arcade, Ação / Aventura, 2D, Fofo, Indie, Engraçado, Controle, Cartunizado, Gráficos Pixelados, Casual, Aventura, Para Toda a Família, Comédia, Um Jogador, Ritmo Rápido, Desenho Animado"
The Christmas Bakeshop Demo,"Oct 12, 2026",Free,https://store.steampowered.com/app/4101480/The_Christmas_Bakeshop/?snr=1_7_7_popularcomingsoon_150_15,"Gerenciamento de Lojas, Simulação, Simulador de Emprego, Simulador Imersivo, Gerenciamento, Gerenciamento de Inventário, Culinária, Troca, Neve, Aconchegante, Gerenciamento de Recursos, Realístico, Relaxante, Faça o que Quiser, Economia, Decoração, Organização, Limpeza, Construção, Um Jogador"
Yume Tenshi,"Oct 13, 2026",Indefinido,https://store.steampowered.com/app/5033710/Yume_Tenshi/?snr=1_7_7_popularcomingsoon_150_15,"Aventura, Casual, Indie, Violento, Exploração, Surrealista, Gráficos Pixelados, Retrô, Atmosférico, Simulador de Caminhada, Fofo, 2D, Mundo Aberto, Vários Finais, Fantasia, Abstrato, Anime, Um Jogador, Colorido, Visão Superior"
The Ramen Bar Demo,"Oct 12, 2026",Free,https://store.steampowered.com/app/4940980/The_Ramen_Bar/?snr=1_7_7_popularcomingsoon_150_15,"Simulação, Culinária, Terror, Terror Psicológico, Aconchegante, Casual, Atmosférico, Simulador Imersivo, Simulador de Emprego, Física, Limpeza, Boa Trama, Sombrio, Violência Detalhada, Primeira Pessoa, Um Jogador, Relaxante, Realístico, 3D, Ação / Aventura"
Soundway Demo,"Oct 12, 2026",Free,https://store.steampowered.com/app/4951630/Soundway/?snr=1_7_7_popularcomingsoon_150_15,"Voo, Musical Procedural, Arcade, Ritmo, 3D, Terceira Pessoa, Relaxante, Controle, Casual, Colorido, Ficção Científica, Espacial, Futurista, Retrô, Um Jogador, Música, Indie"
Arcade Park Islands: Rides & Minigames Demo,"Oct 12, 2026",Free,https://store.steampowered.com/app/4343650/Arcade_Park_Islands_Rides__Minigames/?snr=1_7_7_popularcomingsoon_150_15,"Arcade, Primeira Pessoa, 3D, Ação, Engraçado, Casual, Exploração, Indie, Relaxante, Colorido, Para Toda a Família, Atmosférico, Um Jogador, Ação / Aventura"
One More Wave - Three More Planes,"Oct 12, 2026",Indefinido,https://store.steampowered.com/app/5303750/One_More_Wave__Three_More_Planes/?snr=1_7_7_popularcomingsoon_150_15,"Ação, Casual, Arcade, Tiro, Mandando Bala, Câmera Lateral, 2D, Colorido, Para Toda a Família, Ficção Científica, Combate, Controle, Gratuito para Jogar, Indie, Cooperativo, Cooperativo Local, Multijogador Local, Multijogador, Cooperativo On-line, Um Jogador"
Chef Pinball Demo,"Oct 12, 2026",Free,https://store.steampowered.com/app/4824860/Chef_Pinball/?snr=1_7_7_popularcomingsoon_150_15,"Pinball, Roguelite, Física, Arcade, Culinária, Ação, Um Jogador, 3D, Visão Superior, Fofo, Colorido, Pontos, Pontos, Pontos!, Engraçado, Alta Rejogabilidade, Cartunizado, Ritmo Rápido, Personalização de Personagem, Gerenciamento, Indie, Simulação"
Altarguard: Demo,"Oct 12, 2026",Free,https://store.steampowered.com/app/4782880/Altarguard_Demo/?snr=1_7_7_popularcomingsoon_150_15,"Progressão Ociosa, Estratégia, Incremental, Casual, Simulação, Roguelite, Defesa de Torres, Natureza, 2D, Visão Superior, Colorido, Fantasia Sombria, Demônios, Fantasia, Atmosférico, Sombrio, Combate, Um Jogador"
Method in the Witchness Demo,"Oct 12, 2026",Free,https://store.steampowered.com/app/5238770/Method_in_the_Witchness_Demo/?snr=1_7_7_popularcomingsoon_150_15,"Casual, Simulação, Organização, Aconchegante, Relaxante, 2D, Colorido, Fofo, Um Jogador, Protagonista Mulher"
Benny's Backrooms Demo,"Oct 12, 2026",Free,https://store.steampowered.com/app/2562390/Bennys_Backrooms/?snr=1_7_7_popularcomingsoon_150_15,"Acesso Antecipado, Cooperativo On-line, Terror, Engraçado, Multijogador, Primeira Pessoa, Terror de Sobrevivência, Reúna a Galera, Cooperativo, Exploração, Atmosférico, Geração Procedural, Jogador X Ambiente (PvE), Humor Pesado, Terror Psicológico, Ação / Aventura, Física, Gerenciamento de Inventário, Cartunizado, Estilizado"
Keepshore: Hearth Seal,"Oct 12, 2026",Indefinido,https://store.steampowered.com/app/5104450/Keepshore_Hearth_Seal/?snr=1_7_7_popularcomingsoon_150_15,"Estratégia, Gratuito para Jogar, Casual, Simulação"
The Name Only She Knew,"Oct 13, 2026",Indefinido,https://store.steampowered.com/app/5279790/The_Name_Only_She_Knew/?snr=1_7_7_popularcomingsoon_150_15,"Romance Visual, Desenhado à Mão, Boa Trama, Protagonista Mulher, Ficção Interativa, Anime, Fantasia, Escolha a sua Aventura, 2D, Comovente, LGBTQIA+, Enredo Rico, Aventura, Rico em Diálogos, Mágica, Engraçado, Filosófico, Estilizado, Narrativa, Colorido"
Keepshore: Forgiveness Seal,"Oct 12, 2026",Indefinido,https://store.steampowered.com/app/5105270/Keepshore_Forgiveness_Seal/?snr=1_7_7_popularcomingsoon_150_15,"Estratégia, Gratuito para Jogar, Casual, Simulação"
Office Manager,"Oct 13, 2026",Indefinido,https://store.steampowered.com/app/4169060/Office_Manager/?snr=1_7_7_popularcomingsoon_150_15,"Acesso Antecipado, Simulação, Estratégia, Construção, Gerenciamento, Faça o que Quiser, Economia, Gerenciamento de Recursos, Gráficos Pixelados, Visão Superior, Indie, Relaxante, 2,5D, 2D, Um Jogador, Construção de Cidades, Gerenciamento de Lojas, Moderno, Casual, Capitalismo"
Allogloom - Original Soundtrack,"Oct 12, 2026",Indefinido,https://store.steampowered.com/app/5054560/Allogloom__Original_Soundtrack/?snr=1_7_7_popularcomingsoon_150_15,Sem gênero
Keepshore: Focus Seal,"Oct 12, 2026",Indefinido,https://store.steampowered.com/app/5104440/Keepshore_Focus_Seal/?snr=1_7_7_popularcomingsoon_150_15,"Estratégia, Gratuito para Jogar, Casual, Simulação"
Keepshore: Market Watch Seal,"Oct 12, 2026",Indefinido,https://store.steampowered.com/app/5104420/Keepshore_Market_Watch_Seal/?snr=1_7_7_popularcomingsoon_150_15,"Estratégia, Gratuito para Jogar, Casual, Simulação"
AXIOMA,"Oct 12, 2026",Indefinido,https://store.steampowered.com/app/5308770/AXIOMA/?snr=1_7_7_popularcomingsoon_150_15,"Estratégia, Cartas, Estratégia em Turnos, Roguelike, Batalha com Cartas, Montagem de Decks Roguelike, Roguelite, Gráficos Pixelados, Indie, Ciência, Montagem de Decks, Um Jogador"
Keepshore: Overseer Seal,"Oct 12, 2026",Indefinido,https://store.steampowered.com/app/5104410/Keepshore_Overseer_Seal/?snr=1_7_7_popularcomingsoon_150_15,"Estratégia, Gratuito para Jogar, Casual, Simulação"
FIRE AND ASHES,"Oct 14, 2026",Indefinido,https://store.steampowered.com/app/1751730/FIRE_AND_ASHES/?snr=1_7_7_popularcomingsoon_150_15,"Tiro em Primeira Pessoa (FPS), Terror Psicológico, Combate, Sobrevivência, Zumbis, Terror, Terror de Sobrevivência, Primeira Pessoa, Ação, Aventura, Boa Trama, Mistério, Ficção Científica, Um Jogador, Lógica, Thriller, Investigação, Luta Espetacular, Comovente, Mandando Bala"
PAO PAO,"Oct 26, 2026",Indefinido,https://store.steampowered.com/app/3024130/PAO_PAO/?snr=1_7_7_popularcomingsoon_150_15,"Acesso Antecipado, Simulador de Vida Real, Cooperativo, Culinária, Aconchegante, Gerenciamento, Simulador Rural, Cooperativo On-line, Exploração, Construção, Relaxante, Decoração, Pesca, Fabricação, Personalização de Personagem, Fofo, Faça o que Quiser, Gerenciamento de Recursos, Casual, Multijogador"
YumeGirl,"Oct 12, 2026",Indefinido,https://store.steampowered.com/app/5219030/YumeGirl/?snr=1_7_7_popularcomingsoon_150_15,"Acesso Antecipado, Boa Trama, Comovente, Romance, Música, Desenhado à Mão, Protagonista Mulher, Ritmo, Narrativa, Fofo, Relaxante, Ficção Interativa, Colete Tudo, Atmosférico, Casual, Um Jogador, Colorido, Fabricação, Aconchegante, Estilizado"
Liminal Desktop,"Oct 13, 2026",Indefinido,https://store.steampowered.com/app/4960590/Liminal_Desktop/?snr=1_7_7_popularcomingsoon_150_15,"Utilitários, Exploração, Simulador Imersivo, Romance Visual, Apontar e Clicar, Casual, Simulação, 2D, 3D, Fofo, Mundo Aberto, Aconchegante, Colorido, Estilizado, Fantasia, Atmosférico, Comovente, Anos 80, Anos 90, Um Jogador"
FLYBRAIN LAB,"Oct 13, 2026",Indefinido,https://store.steampowered.com/app/5331850/FLYBRAIN_LAB/?snr=1_7_7_popularcomingsoon_150_15,"Simulação, Jogo de Divindade, Simulador de Vida Real, Exploração, Simulador de Emprego, Simulador de Passatempo, 3D, Terceira Pessoa, Desenhado à Mão, Estilizado, Animais, Lógica, Memes, Ciência, Ficção Científica, Educativo, Paródia, Natureza, Programação, Engraçado"
Murder Castle,"Oct 13, 2026",Indefinido,https://store.steampowered.com/app/4624140/Murder_Castle/?snr=1_7_7_popularcomingsoon_150_15,"Quebra-Cabeça, Fuja da Sala, Terror, Primeira Pessoa, Exploração, Aventura, Terror Psicológico, Atmosférico, Protagonista Mulher, Lógica, Ficção Interativa, Controle, Gráficos Pixelados, Casual, Mistério, Comovente, Sobrevivência, Um Jogador, 3D, Violência Detalhada"
The Story Adam Left Behind,"Oct 13, 2026",Indefinido,https://store.steampowered.com/app/5255930/The_Story_Adam_Left_Behind/?snr=1_7_7_popularcomingsoon_150_15,"RPG, Escolha a sua Aventura, Romance Visual, 2D, História Alternativa, Você Decide, Vários Finais, Narrativa, Distópico, Filosófico, Um Jogador, Indie"
Bad Bunnies - Beyond Brackenridge,"Oct 12, 2026",Indefinido,https://store.steampowered.com/app/4841350/Bad_Bunnies__Beyond_Brackenridge/?snr=1_7_7_popularcomingsoon_150_15,"Ação, Plataforma, Plataforma 3D, 3D, Atmosférico, Fantasia Sombria, Fantasia, Mistério, Velha-Guarda, Retrô, Protagonista Mulher, Um Jogador, Aventura, Desenho Animado"
No exceptions,"Oct 16, 2026",Indefinido,https://store.steampowered.com/app/4581880/No_exceptions/?snr=1_7_7_popularcomingsoon_150_15,"Ação, Simulador de Caminhada, Quebra-Cabeça, Exploração, 3D, Primeira Pessoa, Realístico, Ficção Científica, Terror, Psicológico, Atmosférico, Indie, Furtivo, Morte Permanente, Inteligência Artificial, Física, Um Jogador"
Roll Pick Go!,"Oct 13, 2026",Free,https://store.steampowered.com/app/5306150/Roll_Pick_Go/?snr=1_7_7_popularcomingsoon_150_15,"Estratégia, Coleção de Criaturas, Batalha Automática, Jogador x Jogador (PvP), 2D, Fofo, Colorido, Gráficos Pixelados, Fantasia, Mágica, Tático, Gratuito para Jogar, Indie, Gerenciamento de Recursos, Multijogador, Um Jogador, Multijogador Assíncrono"
Tidy & Bright: Together at the Christmas Market,"Oct 14, 2026",Indefinido,https://store.steampowered.com/app/5137000/Tidy__Bright_Together_at_the_Christmas_Market/?snr=1_7_7_popularcomingsoon_150_15,"Colete Tudo, Reúna a Galera, Casual, Primeira Pessoa, Fofo, Do Bem, Relaxante, Neve, Aconchegante, Baseado em Equipes, Estilizado, Organização, Cooperativo, Cooperativo On-line, Um Jogador, Multijogador, Indie, Simulação"
The Mannequin Forest Demo,"Oct 12, 2026",Free,https://store.steampowered.com/app/5023250/The_Mannequin_Forest/?snr=1_7_7_popularcomingsoon_150_15,"Terror, Terror Psicológico, Ação, Jump Scare, Indie, 3D, Primeira Pessoa, Linear, Um Jogador"
Adventurer's Life,"Oct 13, 2026",Indefinido,https://store.steampowered.com/app/4691490/Adventurers_Life/?snr=1_7_7_popularcomingsoon_150_16,"Aventura, Mundo Aberto, Ação, Gráficos Pixelados, Exploração, Fantasia, Ação / Aventura, RPG de Ação, Visão Superior, Indie, Acesso Antecipado, Medieval, Um Jogador"
Galdr Inkblade,"Oct 13, 2026",Indefinido,https://store.steampowered.com/app/5312040/Galdr_Inkblade/?snr=1_7_7_popularcomingsoon_150_16,"Soletração, Montagem de Decks Roguelike, Estratégia, Jogo de Palavras, Educativo, Cartas, Casual, Roguelike, 2D, Controle, Combate em Turnos, Gráficos Pixelados, Multijogador Local, Multijogador, Um Jogador, Indie, Acesso Antecipado, Roguelite"
Fire and Water: Spirits of the Forest,"Oct 16, 2026",Indefinido,https://store.steampowered.com/app/4697950/Fire_and_Water_Spirits_of_the_Forest/?snr=1_7_7_popularcomingsoon_150_16,"Cooperativo, Plataforma com Quebra-Cabeça, Plataforma 3D, Cooperativo On-line, Cooperativo Local, Um Jogador, Fofo, Colorido, Para Toda a Família, Plataforma, Lógica, Tela Dividida, Relaxante, Controle, Casual, Estilizado, Fantasia, Jogador X Ambiente (PvE), Comovente, Ação"
Cats Bring Wealth And Prosperity,"Oct 13, 2026",Indefinido,https://store.steampowered.com/app/5283170/Cats_Bring_Wealth_And_Prosperity/?snr=1_7_7_popularcomingsoon_150_16,"Combinar 3, Defesa de Torres, Construção, 2D, Casual, Visão Superior, Gatos, Fofo, Do Bem, Relaxante, Animais, Desenho Animado, Gerenciamento de Recursos, Um Jogador, Indie"
JOCKEY RISING: BLOODLINE Demo,"Oct 13, 2026",Free,https://store.steampowered.com/app/4960280/JOCKEY_RISING_BLOODLINE/?snr=1_7_7_popularcomingsoon_150_16,"Simulação, Corrida, Cartas, Simulador de Vida Real, 2,5D, Estilizado, Gerenciamento, Cavalos, Esportes, Estratégia, Indie, Montagem de Decks, Um Jogador"
Bluey's Happy Snaps,"Oct 15, 2026",Indefinido,https://store.steampowered.com/app/3064040/Blueys_Happy_Snaps/?snr=1_7_7_popularcomingsoon_150_16,"Aventura, Casual, Educativo, Ação / Aventura, Quebra-Cabeça, Exploração, Colorido, Fofo, Para Toda a Família, Desenho Animado, Relaxante, Cachorros, Engraçado, Natureza, Multijogador, Um Jogador"
DESOLUS,"Oct 15, 2026",Indefinido,https://store.steampowered.com/app/1003460/DESOLUS/?snr=1_7_7_popularcomingsoon_150_16,"Quebra-Cabeça, Viagem no Tempo, Surrealista, Gótico, Exploração, Psicodélico, Um Jogador, Mistério, Pós-Apocalíptico, Cinematográfico, Atmosférico, Aventura, Física, Fantasia Sombria, Ficção Científica, Estilizado, Primeira Pessoa, Estratégia, Indie, Colorido"
The Wolf Among Us Remastered,"Oct 29, 2026",Indefinido,https://store.steampowered.com/app/3884860/The_Wolf_Among_Us_Remastered/?snr=1_7_7_popularcomingsoon_150_16,"Boa Trama, Você Decide, Detetive, Investigação, Escolha a sua Aventura, Mistério, Romance Visual, Noir, Ficção Interativa, Aventura, Apontar e Clicar, História em Quadrinhos, Vários Finais, Crime, Cinematográfico, Um Jogador, Ação / Aventura, Ação, Casual"
Atlantis Fantasy: Reborn,"Oct 13, 2026",Free,https://store.steampowered.com/app/4725520/Atlantis_Fantasy_Reborn/?snr=1_7_7_popularcomingsoon_150_16,"Simulação, Estratégia, Construção de Cidades, Gerenciamento de Tempo, 2,5D, Fofo, Economia, Fantasia, Relaxante, Gratuito para Jogar, Gerenciamento de Recursos, Cooperativo, Um Jogador"
Good Heavens!,"Oct 14, 2026",Indefinido,https://store.steampowered.com/app/1617120/Good_Heavens/?snr=1_7_7_popularcomingsoon_150_16,"Acesso Antecipado, Sobrevivência em Mundo Aberto, RPG, Cooperativo On-line, Construção de Bases, Ação, Mundo Aberto, Exploração, Fabricação, Aventura, Cooperativo, Faça o que Quiser, Comédia, Construção, Um Jogador, Fantasia, Boa Trama, 2D, Casual, Visão Superior"
Darkenstein 3D: Total Trampage,"Oct 14, 2026",Indefinido,https://store.steampowered.com/app/5224130/Darkenstein_3D_Total_Trampage/?snr=1_7_7_popularcomingsoon_150_16,"Ação, Aventura, Violento"
ICBM: Escalation - Assassin's Mace,"Oct 13, 2026",Indefinido,https://store.steampowered.com/app/4782620/ICBM_Escalation__Assassins_Mace/?snr=1_7_7_popularcomingsoon_150_16,"Jogo de Guerra, Jogador x Jogador (PvP), Estratégia, Estratégia em Tempo Real (RTS), Grande Estratégia, Um Jogador, Multijogador, Visão Superior, Guerra Fria, Gerenciamento, Terror Psicológico, Militar, Guerra, Destruição, Moderno, Cooperativo, Cooperativo On-line, Ação, Protagonista Mulher, Futurista"
Nursing Home Simulator,"Oct 13, 2026",Indefinido,https://store.steampowered.com/app/5176650/Nursing_Home_Simulator/?snr=1_7_7_popularcomingsoon_150_16,"Estratégia, Gerenciamento de Tempo, Simulação, Construção, Gerenciamento, 2D, Visão Superior, Gráficos Pixelados, Indie, Acesso Antecipado, Distópico, Um Jogador"
Race on Stream!,"Oct 13, 2026",Indefinido,https://store.steampowered.com/app/5317080/Race_on_Stream/?snr=1_7_7_popularcomingsoon_150_16,"Corrida, Progressão Ociosa, Casual, Incremental, Direção, Arcade, 3D, Geração Procedural, Colorido, Estilizado, Indie, Estrada de Terra, Física, Um Jogador, Personalização de Personagem, Editor de Níveis, Jogador x Jogador (PvP), Multijogador"
Not an NPC Game,"Oct 13, 2026",Indefinido,https://store.steampowered.com/app/5212280/Not_an_NPC_Game/?snr=1_7_7_popularcomingsoon_150_16,"Ação, Estratégia, 2D, Minimalista, Tático, Competitivo, Ritmo Rápido, Um Jogador, Cooperativo, Multijogador, Cooperativo On-line"
Evard The Hermit: Through Fears,"Oct 13, 2026",Indefinido,https://store.steampowered.com/app/2148120/Evard_The_Hermit_Through_Fears/?snr=1_7_7_popularcomingsoon_150_16,"Ação / Aventura, Atmosférico, Boa Trama, Desenhado à Mão, Câmera Lateral, Espada, Plataforma 2D, Medieval, Exploração, 2D, Combate, Indie, Aventura, Psicológico, Um Jogador, Colorido, Linear, Natureza, Controle, Ação"
Four Ways — Chapter 1,"Oct 13, 2026",Free,https://store.steampowered.com/app/5272920/Four_Ways__Chapter_1/?snr=1_7_7_popularcomingsoon_150_16,"Aventura, Ficção Interativa, Tática por Turnos, Baseado em Texto, Terror, Combate em Turnos, Um Jogador, Gratuito para Jogar"
Cuboy Adventure,"Oct 15, 2026",Indefinido,https://store.steampowered.com/app/4386400/Cuboy_Adventure/?snr=1_7_7_popularcomingsoon_150_16,"Aventura, Casual, Indie, Ação, Plataforma, Fofo, Arcade, Quebra-Cabeça, Plataforma 2D, Câmera Lateral, Plataforma com Quebra-Cabeça, Plataforma de Precisão, 2D, Um Jogador"
Orderfall,"Oct 13, 2026",Indefinido,https://store.steampowered.com/app/4958670/Orderfall/?snr=1_7_7_popularcomingsoon_150_16,"Culinária, Arcade, Pontos, Pontos, Pontos!, Corrida Contra o Tempo, Quebra-Cabeça, Ritmo, Ação, Gráficos Pixelados, Impiedoso, Um Jogador, Digitação, Retrô, Tutorial, Estratégia, Indie, Casual"
PHOBOS,"Oct 14, 2026",Indefinido,https://store.steampowered.com/app/4101750/PHOBOS/?snr=1_7_7_popularcomingsoon_150_16,"Acesso Antecipado, Cooperativo On-line, Terror, Multijogador, Dedução Social, Cooperativo, Engraçado, 3D, Terror Psicológico, Geração Procedural, Furtivo, Ficção Científica, Ação, Exploração, Comédia, Jogador X Ambiente (PvE), Morte Permanente, Reúna a Galera, Psicológico, Minijogos"
Cone & Crest,"Oct 13, 2026",Indefinido,https://store.steampowered.com/app/5179800/Cone__Crest/?snr=1_7_7_popularcomingsoon_150_16,"Corrida, Direção, Ação, Visão Superior, Física, Casual, 3D, Simulador Automobilístico, Esportes, Estilizado, Arcade, Corrida Contra o Tempo, Um Jogador, Multijogador Assíncrono, Indie"
War Footing,"Oct 15, 2026",Indefinido,https://store.steampowered.com/app/4727860/War_Footing/?snr=1_7_7_popularcomingsoon_150_16,"Estratégia, Jogo de Guerra, Estratégia em Turnos, Baseado em Texto, História Alternativa, Guerra Fria, Tanques, Combate em Turnos, Minimalista, Gerenciamento, Militar, Guerra, Anos 80, Anos 90, Gerenciamento de Inventário, Gerenciamento de Recursos, Um Jogador"
Bio Inc. Classic,"Oct 14, 2026",Free,https://store.steampowered.com/app/5164130/Bio_Inc_Classic/?snr=1_7_7_popularcomingsoon_150_16,"Simulação, Estratégia, Simulador de Epidemias, 2D, Atmosférico, Um Jogador, Progressão Ociosa, Gratuito para Jogar"
Yume Tenshi Artbook,"Oct 13, 2026",Free,https://store.steampowered.com/app/5316730/Yume_Tenshi_Artbook/?snr=1_7_7_popularcomingsoon_150_16,"Gráficos Pixelados, Exploração, Visão Superior, Mundo Aberto, Casual, Simulador de Caminhada, Colorido, Desenhado à Mão, Fofo, Estilizado, Vários Finais, Movimento em Grade, 2D, Lobisomens, Surrealista, Um Jogador, Anime, Neve, Abstrato, Relaxante"
Pixel Survivors: Defense,"Oct 13, 2026",Indefinido,https://store.steampowered.com/app/3878090/Pixel_Survivors_Defense/?snr=1_7_7_popularcomingsoon_150_16,"Inferno de Balas, Roguelite, Batalha Automática, Defesa de Torres, Jogador X Ambiente (PvE), Roguelike, Estratégia, 2D, Gráficos Pixelados, Mágica, Sobrevivência, Um Jogador, Indie, Acesso Antecipado, Casual"
Whispers Of The Lost Ticket,"Oct 13, 2026",Indefinido,https://store.steampowered.com/app/4703110/Whispers_Of_The_Lost_Ticket/?snr=1_7_7_popularcomingsoon_150_16,"Aventura, Casual, Exploração, 3D, Primeira Pessoa, Realístico, Sombrio, Terror, Terror Psicológico, Indie, Sobrenatural, Linear, Um Jogador"
Plow-A-Lot,"Oct 13, 2026",Indefinido,https://store.steampowered.com/app/5321030/PlowALot/?snr=1_7_7_popularcomingsoon_150_16,"Arcade, Neve, Direção, Simulador de Emprego, Controle com Alavanca Dupla, Fofo, Tela Dividida, Visão Superior, Controle, Combate com Veículos, Indie, Casual, Atmosférico, Anos 80, Cooperativo Local, Um Jogador"
Persona 6,To be announced,Indefinido,https://store.steampowered.com/app/2649560/Persona_6/?snr=1_7_7_popularcomingsoon_150_16,"RPG, Aventura, JRPG, Combate em Turnos, RPG de Grupos, Explorador de Calabouços, Anime, Boa Trama, Estratégia em Turnos, RPG de Estratégia, Tática por Turnos, Exploração, Sobrenatural, Sombrio, Gótico, Violento, Mistério, Casual, Terceira Pessoa, Investigação"
Attic Antiquities,"Oct 13, 2026",Free,https://store.steampowered.com/app/4823850/Attic_Antiquities/?snr=1_7_7_popularcomingsoon_150_16,"Casual, Apontar e Clicar, Quebra-Cabeça, Terror, Um Jogador, Estratégia, Gratuito para Jogar, Indie"
One Million Coins,"Oct 13, 2026",Indefinido,https://store.steampowered.com/app/5258340/One_Million_Coins/?snr=1_7_7_popularcomingsoon_150_16,"Casual, Roguelike de Ação, Exploração, Incremental, 3D, Cartunizado, Primeira Pessoa, Estilizado, Construção, Capivaras, Indie, Automação, Gerenciamento de Recursos, Um Jogador, Aconchegante"
Pickleball Tycoon,"Oct 13, 2026",Indefinido,https://store.steampowered.com/app/5304770/Pickleball_Tycoon/?snr=1_7_7_popularcomingsoon_150_16,"Progressão Ociosa, Esportes, Incremental, Simulador de Passatempo, Automação, Capitalismo, Casual, Simulação, Economia, Gerenciamento, Apontar e Clicar, 2D, Indie, Fofo, Engraçado, Relaxante, Cartunizado, Colorido, Para Toda a Família, Gerenciamento de Recursos"
BIO-SUBMARINER DX,"Oct 13, 2026",Indefinido,https://store.steampowered.com/app/5113860/BIOSUBMARINER_DX/?snr=1_7_7_popularcomingsoon_150_16,"Mandando Bala, Ação, Tiro, Arcade, 2D, Humor Ácido, Vários Finais, Gráficos Pixelados, Ficção Científica, Indie, Alienígenas, Velha-Guarda, Retrô, Um Jogador"
"THANKS, LIGHT.","Oct 14, 2026",Indefinido,https://store.steampowered.com/app/2544740/THANKS_LIGHT/?snr=1_7_7_popularcomingsoon_150_16,"Indie, Plataforma 3D, Plataforma com Quebra-Cabeça, Quebra-Cabeça, Estratégia, Primeira Pessoa, 3D, Surrealista, Terror Psicológico, Boa Trama, Casual, Minimalista, Ficção Científica, Thriller, Lógica, Atmosférico, Psicológico, Física, Aventura, Um Jogador"
Panchofobia,"Oct 15, 2026",Indefinido,https://store.steampowered.com/app/4568220/Panchofobia/?snr=1_7_7_popularcomingsoon_150_16,"Ação, Terror, Humor Ácido, Tiro em Primeira Pessoa (FPS), Terror Psicológico, Ação / Aventura, Ficção Científica, Sombrio, Aventura, Exploração, Boa Trama, 3D, Primeira Pessoa, Assassinos, Anos 90, Violência Detalhada, Violento, Humor Pesado, Psicológico, Terror de Sobrevivência"
The Vector,"Oct 13, 2026",Free,https://store.steampowered.com/app/5266600/The_Vector/?snr=1_7_7_popularcomingsoon_150_16,"Incremental, Progressão Ociosa, Ficção Científica, Casual, Automação, Um Jogador, 2D, Gratuito para Jogar"
Ember District,"Oct 13, 2026",Indefinido,https://store.steampowered.com/app/5063350/Ember_District/?snr=1_7_7_popularcomingsoon_150_16,"Estratégia, Cartas, Estratégia em Turnos, Roguelike, Plataforma 2D, Roguelike Tradicional, Solitário, Roguelite, 2D, Pós-Apocalíptico, Tático, Atmosférico, Ficção Científica, Tática por Turnos, Montagem de Decks, Um Jogador"
Lootkeeper: Tidy Up the Loot,"Oct 14, 2026",Indefinido,https://store.steampowered.com/app/5272190/Lootkeeper_Tidy_Up_the_Loot/?snr=1_7_7_popularcomingsoon_150_16,"Incremental, Organização, Objetos Ocultos, Colete Tudo, Quebra-Cabeça, Casual, Simulação, Gerenciamento, Gerenciamento de Inventário, Saques, 2D, Fofo, Aconchegante, Medieval, Relaxante, Indie, Colorido, Desenhado à Mão, Fantasia, Mágica"
A Light in the Gloam,"Oct 13, 2026",Indefinido,https://store.steampowered.com/app/5326380/A_Light_in_the_Gloam/?snr=1_7_7_popularcomingsoon_150_16,"Aventura, RPG, Explorador de Calabouços, Combate em Turnos, JRPG, RPG de Grupos, Exploração, Gráficos Pixelados, Primeira Pessoa, Atmosférico, Enredo Rico, Indie, Fantasia, Fantasia Sombria, Movimento em Grade, Vários Finais, Um Jogador, Retrô"
Loanwords: A Multilingual Library,"Oct 13, 2026",Indefinido,https://store.steampowered.com/app/4772880/Loanwords_A_Multilingual_Library/?snr=1_7_7_popularcomingsoon_150_16,"Aprendizado de Idiomas, Educativo, Casual, Jogo de Palavras, 2D, Baseado em Texto, Histórico, Indie, Controle, Boa Trama, Do Bem, Colorido, Violento, Para Toda a Família, Comovente, Atmosférico, Um Jogador"
SIGNAL LOST,"Oct 14, 2026",Indefinido,https://store.steampowered.com/app/3079180/SIGNAL_LOST/?snr=1_7_7_popularcomingsoon_150_16,"Terror Psicológico, Gerenciamento de Tempo, Simulador Espacial, Impiedoso, Digitação, Hacker, Ficção Científica, Baseado em Texto, Surrealista, Atmosférico, Espacial, Sobrevivência, Indie, Simulador Imersivo, Gerenciamento, Um Jogador, Linear, Simulação, Aventura, Mistério"
Subject 4471,"Oct 13, 2026",Free,https://store.steampowered.com/app/4982770/Subject_4471/?snr=1_7_7_popularcomingsoon_150_16,"Ação, Aventura, Ação / Aventura, Primeira Pessoa, Atmosférico, Terror, Furtivo, Gratuito para Jogar, Indie, Um Jogador"
Dungeon Drawlers Demo,"Oct 13, 2026",Free,https://store.steampowered.com/app/4484090/Dungeon_Drawlers/?snr=1_7_7_popularcomingsoon_150_16,"Estratégia, Roguelike, Tática por Turnos, Gráficos Pixelados, Tático, Ação, Estratégia em Turnos, Quebra-Cabeça, Roguelike Tradicional, Incremental, 2D, Visão Superior, Espada, Lógica, Medieval, Indie, Ninja, Sombrio, Combate, Combate em Turnos"
Hellternum,"Oct 13, 2026",Free,https://store.steampowered.com/app/5162260/Hellternum/?snr=1_7_7_popularcomingsoon_150_16,"Terror de Sobrevivência, Surrealista, Demônios, Terror Psicológico, Indie, Atmosférico, Protagonista Mulher, Narrativa, Boa Trama, Terror, Cinematográfico, Sombrio, Mistério, Gratuito para Jogar, Exploração, Morte Permanente, Ação / Aventura, Aventura, 3D, Terceira Pessoa"
Card Monarchy,"Oct 13, 2026",Indefinido,https://store.steampowered.com/app/5222500/Card_Monarchy/?snr=1_7_7_popularcomingsoon_150_16,"Montagem de Decks Roguelike, Estratégia, Montagem de Decks, Batalha com Cartas, Cartas, Roguelite, Estratégia em Turnos, Um Jogador, Multijogador, Multijogador Local, Jogador x Jogador (PvP), Indie, Acesso Antecipado, Medieval, Fantasia, 2D, Desenho Animado, Colorido"
Good Job,"Oct 15, 2026",Indefinido,https://store.steampowered.com/app/4596990/Good_Job/?snr=1_7_7_popularcomingsoon_150_16,"Gerenciamento de Tempo, Gerenciamento de Lojas, Faça o que Quiser, Direção, Simulador de Vida Real, RPG de Estratégia, Protagonista Mulher, Construção de Bases, 3D, Primeira Pessoa, LGBTQIA+, Engraçado, Humor Ácido, Humor Pesado, Mundo Aberto, Economia, Capitalismo, Gerenciamento, Fabricação, Crime"
Kaze No Doragon: Ascension,"Oct 13, 2026",Indefinido,https://store.steampowered.com/app/3833160/Kaze_No_Doragon_Ascension/?snr=1_7_7_popularcomingsoon_150_16,"RPG, RPG de Ação, Explorador de Calabouços, 2D, Fantasia, Combate, Um Jogador, Indie"
Concrete Polishing Simulator Demo,"Oct 13, 2026",Free,https://store.steampowered.com/app/5088640/Concrete_Polishing_Simulator_Demo/?snr=1_7_7_popularcomingsoon_150_16,"Simulação, Simulador de Emprego, Limpeza, Primeira Pessoa, Faça o que Quiser, Realístico, Casual, Um Jogador, Relaxante, Física, 3D, Indie, Atmosférico, Para Toda a Família, Moderno, Tutorial, Linear"
REUNITE!,"Oct 13, 2026",Free,https://store.steampowered.com/app/5277750/REUNITE/?snr=1_7_7_popularcomingsoon_150_16,"Ação, Ação / Aventura, Câmera Lateral, 2D, Anime, Desenhado à Mão, Visão Superior, Comovente, Fantasia, Combate, Gratuito para Jogar, Indie, Protagonista Mulher, Linear, Jogador X Ambiente (PvE), Um Jogador"
CyberSushi,"Oct 13, 2026",Indefinido,https://store.steampowered.com/app/3912720/CyberSushi/?snr=1_7_7_popularcomingsoon_150_16,"Roguelike de Ação, Roguelite, Impiedoso, Plataforma, Arcade, Roguelike, Personalização de Personagem, 2D, Fofo, Cyberpunk, Geração Procedural, Ação, Casual, Estilizado, Pontos, Pontos, Pontos!, Um Jogador, Alta Rejogabilidade, Indie, Ritmo, Música"
Operation MAGNO,"Oct 13, 2026",Indefinido,https://store.steampowered.com/app/5217560/Operation_MAGNO/?snr=1_7_7_popularcomingsoon_150_16,"Plataforma de Precisão, Aventura, Plataforma 2D, Plataforma, 2D, Linear, Gráficos Pixelados, Indie, Um Jogador"
Eidolophone MELODY エイドロフォン～旋律～,"Oct 13, 2026",Indefinido,https://store.steampowered.com/app/5233500/Eidolophone_MELODY/?snr=1_7_7_popularcomingsoon_150_17,Produção de Áudio
Alterum,"Oct 13, 2026",Indefinido,https://store.steampowered.com/app/4424420/Alterum/?snr=1_7_7_popularcomingsoon_150_17,"Ação, Dedução Social, Terror de Sobrevivência, Jogador x Jogador (PvP), Furtivo, Sombrio, 3D, Primeira Pessoa, Morte Permanente, Sobrevivência, Reúna a Galera, Comovente, Tática em Tempo Real, Combate, Realístico, Lógica, Investigação, Eventos Rápidos, Mágica, Detetive"
HYPERINFLATION,"Oct 13, 2026",Indefinido,https://store.steampowered.com/app/5277970/HYPERINFLATION/?snr=1_7_7_popularcomingsoon_150_17,"Paraíso de Balas, Roguelike de Ação, Roguelike, Espacial, Ação, SHMUP com Visão Superior, Aventura, Sobrevivência, Ficção Científica, Arcade, 2D, Jogador X Ambiente (PvE), Alta Rejogabilidade, Um Jogador, Indie"
The Last Summoner's Legacy,"Oct 13, 2026",Indefinido,https://store.steampowered.com/app/5186190/The_Last_Summoners_Legacy/?snr=1_7_7_popularcomingsoon_150_17,"RPG, Estratégia, Ação / Aventura, CRPG, Tática por Turnos, 2D, Gráficos Pixelados, Fantasia, Combate em Turnos, Personalização de Personagem, Jogador X Ambiente (PvE), Um Jogador"
Whispers Of The Shadow,"Oct 15, 2026",Indefinido,https://store.steampowered.com/app/3084700/Whispers_Of_The_Shadow/?snr=1_7_7_popularcomingsoon_150_17,"Terror, Terror de Sobrevivência, Boa Trama, Comovente, Ação, Terror Psicológico, Indie, Thriller, Mistério, Realístico, Sombrio, Atmosférico, Primeira Pessoa, Violência Detalhada, Violento, Quebra-Cabeça, Furtivo, Um Jogador"
Trampoline to Tomorrow,"Oct 13, 2026",Indefinido,https://store.steampowered.com/app/5228280/Trampoline_to_Tomorrow/?snr=1_7_7_popularcomingsoon_150_17,"Casual, Indie, Física, Roguelike, Arcade, Relaxante, Espacial, Progressão Ociosa, Pontos, Pontos, Pontos!, Um Jogador, 2D, Geração Procedural, Colorido, Minimalista, Atmosférico, Para Toda a Família"
Spiroshader,"Oct 13, 2026",Indefinido,https://store.steampowered.com/app/5044450/Spiroshader/?snr=1_7_7_popularcomingsoon_150_17,"Utilitários, Acesso Antecipado, Música, Relaxante, Psicodélico, Colorido"
ROOMKEEP,"Oct 13, 2026",Indefinido,https://store.steampowered.com/app/5322290/ROOMKEEP/?snr=1_7_7_popularcomingsoon_150_17,"Utilitários, Indie, Software, Gerenciamento, Automação"
Leg It: Don't Stop,"Oct 13, 2026",Indefinido,https://store.steampowered.com/app/5190210/Leg_It_Dont_Stop/?snr=1_7_7_popularcomingsoon_150_17,"Hack and Slash, Arcade, Pontos, Pontos, Pontos!, Isométrico, Ritmo Rápido, Sobrevivência, Jogador X Ambiente (PvE), Combate, Visão Superior, Personalização de Personagem, Alta Rejogabilidade, Colorido, Cartunizado, Estilizado, 2D, Ação, Controle, Um Jogador, Indie"
Cursed Gas Station Demo,"Oct 13, 2026",Free,https://store.steampowered.com/app/4348840/Cursed_Gas_Station_Demo/?snr=1_7_7_popularcomingsoon_150_17,"Terror Psicológico, Atmosférico, Boa Trama, Simulação, Primeira Pessoa, Terror, Aventura, Simulador de Emprego, Thriller, Indie, Gerenciamento de Lojas, Casual, Mistério, Exploração, Anos 90, Sombrio, Violência Detalhada, Narrativa, 3D, Um Jogador"
Demolition Empire,"Oct 13, 2026",Indefinido,https://store.steampowered.com/app/5139990/Demolition_Empire/?snr=1_7_7_popularcomingsoon_150_17,"Indie, Incremental, Progressão Ociosa, Relaxante, Casual, 2D, Destruição, Minimalista, Gerenciamento de Recursos, Um Jogador, Apontar e Clicar"
REUNITE! The Artbook,"Oct 13, 2026",Indefinido,https://store.steampowered.com/app/5278910/REUNITE_The_Artbook/?snr=1_7_7_popularcomingsoon_150_17,"Ação, Ação / Aventura, Câmera Lateral, 2D, Anime, Desenhado à Mão, Visão Superior, Comovente, Fantasia, Combate, Gratuito para Jogar, Indie, Protagonista Mulher, Linear, Jogador X Ambiente (PvE), Um Jogador"
Smiley Arena,"Oct 13, 2026",Indefinido,https://store.steampowered.com/app/5053510/Smiley_Arena/?snr=1_7_7_popularcomingsoon_150_17,"Paraíso de Balas, Defesa de Torres, Casual, Engraçado, Colorido, Fofo, Cartunizado, Tática em Tempo Real, Um Jogador, 2D, Ação, Para Toda a Família, Visão Superior, Tático, Estratégia, Combate, Indie, Jogador X Ambiente (PvE)"
恐怖夜話 第二夜,"Oct 14, 2026",Indefinido,https://store.steampowered.com/app/4981040/_/?snr=1_7_7_popularcomingsoon_150_17,"Romance Visual, Terror, Terror Psicológico, Ficção Interativa, Boa Trama, Você Decide, Vários Finais, Aventura, Baseado em Texto, Atmosférico, Anos 90, Thriller, Mistério, Sombrio, 2D, Um Jogador"
Quiet Bloom Demo,"Oct 13, 2026",Free,https://store.steampowered.com/app/5324830/Quiet_Bloom_Demo/?snr=1_7_7_popularcomingsoon_150_17,"Casual, Incremental, Progressão Ociosa, Natureza, Atmosférico, Um Jogador, 2D"
Devices Tycoon,"Oct 16, 2026",Indefinido,https://store.steampowered.com/app/2085660/Devices_Tycoon/?snr=1_7_7_popularcomingsoon_150_17,"Simulação, Estratégia, Faça o que Quiser, Capitalismo, Realístico, Simulador de Vida Real, Estratégia em Tempo Real (RTS), Gerenciamento de Tempo, 2D, Isométrico, Troca, Estilizado, Gerenciamento, Desenvolvimento de Jogos, Moderno, Economia, Jogador X Ambiente (PvE), Seis Graus de Liberdade, Inteligência Artificial, Pontos, Pontos, Pontos!"
Hero's Guild Demo,"Oct 13, 2026",Free,https://store.steampowered.com/app/4268730/Heros_Guild/?snr=1_7_7_popularcomingsoon_150_17,"Acesso Antecipado, Humor Pesado, RPG Tático, Explorador de Calabouços, RPG, Batalha Automática, Morte Permanente, Jogador X Ambiente (PvE), Tática por Turnos, Tutorial, RPG de Estratégia, Estratégia em Turnos, Roguelike, Engraçado, Atmosférico, Geração Procedural, Boa Trama, Colorido, Fantasia, Roguelite"
Chant Wizard,"Oct 15, 2026",Indefinido,https://store.steampowered.com/app/3955960/Chant_Wizard/?snr=1_7_7_popularcomingsoon_150_17,"Mágica, Estratégia, Cartas, Montagem de Decks, Controle por Voz, Jogador x Jogador (PvP), Multijogador, Roguelite, Batalha com Cartas, Fantasia, Jogador X Ambiente (PvE), Atmosférico, Cinematográfico, Indie, Reúna a Galera, Moderno, Combate, Surrealista, História Alternativa, FMV"
Pixel Washer,"Oct 15, 2026",Indefinido,https://store.steampowered.com/app/2572060/Pixel_Washer/?snr=1_7_7_popularcomingsoon_150_17,"Acesso Antecipado, Exploração, Mandando Bala, Controle com Alavanca Dupla, Animais, Tiro, Simulador de Vida Real, 2D, Fofo, Visão Superior, Aconchegante, Relaxante, Controle, Ação, Casual, Simulação, Gráficos Pixelados, Colorido, Para Toda a Família, Atmosférico"
NebulArena Demo,"Oct 13, 2026",Free,https://store.steampowered.com/app/4403050/NebulArena_Demo/?snr=1_7_7_popularcomingsoon_150_17,"Estratégia, Batalha Automática, Jogador x Jogador (PvP), Roguelike, 2D, Visão Superior, Desenhado à Mão, Gráficos Pixelados, Espacial, Indie, Ficção Científica, Automação, Um Jogador, Multijogador Assíncrono"
Nut Runner,"Oct 13, 2026",Indefinido,https://store.steampowered.com/app/5203580/Nut_Runner/?snr=1_7_7_popularcomingsoon_150_17,"Ação, Casual, Aventura, Plataforma 2D, Colorido, Cartunizado, Fofo, Para Toda a Família, 2D, Indie, Um Jogador, Controle, Ação / Aventura, Aconchegante"
ReGLOSS: CROSS,"Oct 15, 2026",Indefinido,https://store.steampowered.com/app/4808150/ReGLOSS_CROSS/?snr=1_7_7_popularcomingsoon_150_17,"Casual, Quebra-Cabeça, 2D, Fofo, Um Jogador, Indie"
Anomaly Watchout!,"Oct 13, 2026",Free,https://store.steampowered.com/app/5123480/Anomaly_Watchout/?snr=1_7_7_popularcomingsoon_150_17,"Aventura, Simulação, Apontar e Clicar, 3D, Atmosférico, Construção, Terror, Gratuito para Jogar, Indie, Thriller, Um Jogador"
A Psychopomp Besieged Demo,"Oct 13, 2026",Free,https://store.steampowered.com/app/4410280/A_Psychopomp_Besieged/?snr=1_7_7_popularcomingsoon_150_17,"Acesso Antecipado, Estratégia, Defesa de Torres, Sobrevivência, Tempo Real com Pausa, Fantasia Sombria, Gótico, Mágica, Construção de Bases, Estratégia em Tempo Real (RTS), Estratégia em Turnos, Gráficos Pixelados, Fantasia, 2D, Construção, Visão Superior, Sombrio, Tático, Lovecraftiano, Atmosférico"
Don't Let Him Cook,"Oct 14, 2026",Indefinido,https://store.steampowered.com/app/5043060/Dont_Let_Him_Cook/?snr=1_7_7_popularcomingsoon_150_17,"Casual, Indie, Acesso Antecipado, Cooperativo, Comédia, Cooperativo Local, Culinária, Um Jogador, 3D, Cartunizado, Estilizado, Reúna a Galera, Multijogador Local, Engraçado"
PENNANT: Baseball Owner,"Oct 14, 2026",Indefinido,https://store.steampowered.com/app/5234250/PENNANT_Baseball_Owner/?snr=1_7_7_popularcomingsoon_150_17,"Esportes, Simulação, Estratégia, Beisebol, Gerenciamento, Roguelike, Roguelite, 2D, Baseado em Texto, Capitalismo, Economia, Indie, Acesso Antecipado, Você Decide, Morte Permanente, Geração Procedural, Um Jogador, Impiedoso"
Dreadline Express,"Oct 16, 2026",Indefinido,https://store.steampowered.com/app/3327120/Dreadline_Express/?snr=1_7_7_popularcomingsoon_150_17,"Pós-Apocalíptico, Terror Psicológico, Exploração, Cartas, Trens, Primeira Pessoa, Detetive, Terror, Você Decide, Narração Dinâmica, Não Linear, Boa Trama, Estilizado, Lovecraftiano, Quebra-Cabeça, Atmosférico, Investigação, Mistério, Cultos, Aventura"
Tetrahedron,"Oct 13, 2026",Indefinido,https://store.steampowered.com/app/5239530/Tetrahedron/?snr=1_7_7_popularcomingsoon_150_17,"Tiro em Terceira Pessoa, Ação, Jogador X Ambiente (PvE), Física, Natureza, Plataforma, Estilizado, Aventura, Arcade, Tiro, 3D, Terceira Pessoa, Atmosférico, Um Jogador"
Moylo,To be announced,Indefinido,https://store.steampowered.com/app/4877950/Moylo/?snr=1_7_7_popularcomingsoon_150_17,"Cartunizado, Plataforma 2D, Desenhado à Mão, 2D, Duelo contra Chefões, Ação / Aventura, Hack and Slash, Ação, Metroidvania, Plataforma, Câmera Lateral, Combate, Indie, Gatos, Engraçado, Subterrâneo, Fantasia Sombria, Animais, Aventura, Desenho Animado"
My Recycling Center 2 - Wastepaper Collection Trucks,"Oct 14, 2026",Indefinido,https://store.steampowered.com/app/4566400/My_Recycling_Center_2__Wastepaper_Collection_Trucks/?snr=1_7_7_popularcomingsoon_150_17,"Simulação, Casual, Simulador Automobilístico, Economia, Simulador de Vida Real, Gerenciamento, Relaxante, Destruição, Física, Realístico, Transportes, Simulador Imersivo, Gerenciamento de Tempo, Direção, 3D, Primeira Pessoa, Construção, Controle, Fabricação, Editor de Níveis"
My Recycling Center 2 - Bulk Trash Collection Trucks,"Oct 14, 2026",Indefinido,https://store.steampowered.com/app/4876830/My_Recycling_Center_2__Bulk_Trash_Collection_Trucks/?snr=1_7_7_popularcomingsoon_150_17,"Simulação, Casual, Simulador Automobilístico, Economia, Simulador de Vida Real, Gerenciamento, Relaxante, Destruição, Física, Realístico, Transportes, Simulador Imersivo, Gerenciamento de Tempo, Direção, 3D, Primeira Pessoa, Construção, Controle, Fabricação, Editor de Níveis"
Tax Empire Demo,"Oct 13, 2026",Free,https://store.steampowered.com/app/5100120/Tax_Empire_Demo/?snr=1_7_7_popularcomingsoon_150_17,"Incremental, Progressão Ociosa, Capitalismo, Construção de Cidades, Casual, Estratégia, Simulação, Um Jogador, Construção, Economia, Diplomacia, Gerenciamento, Gerenciamento de Recursos, Isométrico, Arcade, Cartunizado, Minimalista, Relaxante, 3D"
Keysaster,"Oct 14, 2026",Indefinido,https://store.steampowered.com/app/4519510/Keysaster/?snr=1_7_7_popularcomingsoon_150_17,"Terror de Sobrevivência, Terror, Ação, Vários Finais, Sobrenatural, Terror Psicológico, Atmosférico, Primeira Pessoa, Um Jogador, Aventura, Indie, 3D"
Double Sixes,"Oct 14, 2026",Indefinido,https://store.steampowered.com/app/5164100/Double_Sixes/?snr=1_7_7_popularcomingsoon_150_17,"Tática por Turnos, Roguelite, Tutorial, Jogo de Tabuleiro, Jogo de Mesa, Roguelike, Estratégia, Indie, 2D, Montagem de Decks, Geração Procedural, Casual, Minimalista, Estilizado, Para Toda a Família, Tático, Atmosférico, Um Jogador, Alta Rejogabilidade, Montagem de Decks Roguelike"
箭无穷：Arrows Without End,"Oct 13, 2026",Indefinido,https://store.steampowered.com/app/5282350/Arrows_Without_End/?snr=1_7_7_popularcomingsoon_150_17,"Casual, Estratégia, Quebra-Cabeça, Sokoban, Explorador de Calabouços, 2D, Visão Superior, Fantasia, Relaxante, Atmosférico, Mitologia, Fantasia Sombria, Um Jogador"
Deunocta,"Oct 14, 2026",Indefinido,https://store.steampowered.com/app/4485350/Deunocta/?snr=1_7_7_popularcomingsoon_150_17,"Ação, Tiro, Tiro de Tiozão, 2,5D, Anos 90, Cyberpunk, Sombrio, Demônios, Distópico, Mágica, Velha-Guarda, Psicodélico, Estratégia, Aventura, Indie, Violência Detalhada, Violento, Retrô, Tático, Combate"
Escape from EloHell,"Oct 14, 2026",Indefinido,https://store.steampowered.com/app/4547860/Escape_from_EloHell/?snr=1_7_7_popularcomingsoon_150_17,"Roguelite, Estratégia, Casual, Batalha Automática, Jogos de Azar, MOBA, Roguelike, 2D, Indie, Tático, Um Jogador"
Shanwen,"Oct 15, 2026",Indefinido,https://store.steampowered.com/app/4327330/Shanwen/?snr=1_7_7_popularcomingsoon_150_17,"Mistério, Quebra-Cabeça, Exploração, Vários Finais, Detetive, Thriller, Anos 90, Ficção Interativa, Romance Visual, 2D, Desenhado à Mão, Enredo Rico, Cinematográfico, Terror Psicológico, RPG, Boa Trama, Terror, Investigação, Um Jogador, Apontar e Clicar"
BitWise,"Oct 14, 2026",Indefinido,https://store.steampowered.com/app/5195360/BitWise/?snr=1_7_7_popularcomingsoon_150_17,"Quebra-Cabeça, Hardware, Lógica, Programação, Simulação, Educativo, Ciência, Construção, Faça o que Quiser, Editor de Níveis, Steampunk, Atmosférico, Estilizado, 2D, Para Toda a Família, Automação, Um Jogador, Indie, Casual"
Team Frontress Demo,"Oct 14, 2026",Free,https://store.steampowered.com/app/5147380/Team_Frontress/?snr=1_7_7_popularcomingsoon_150_17,"Tiro de Heróis, Tiro em Primeira Pessoa (FPS), Jogador x Jogador (PvP), Jogador X Ambiente (PvE), Ação, Tiro, 3D, Primeira Pessoa, Boa Trama, Estilizado, Colorido, Multijogador, Gratuito para Jogar, Multijogador Massivo"
Gallery Organizer,"Oct 14, 2026",Indefinido,https://store.steampowered.com/app/4938790/Gallery_Organizer/?snr=1_7_7_popularcomingsoon_150_17,"Organização, Aconchegante, Relaxante, Casual, Colete Tudo, Simulação, Quebra-Cabeça, 3D, Um Jogador, Primeira Pessoa, Atmosférico, Alta Rejogabilidade, Construção, Gerenciamento, Objetos Ocultos"
Tales From Eternity - Interactive Preview,"Oct 14, 2026",Free,https://store.steampowered.com/app/5289970/Tales_From_Eternity__Interactive_Preview/?snr=1_7_7_popularcomingsoon_150_17,"Ficção Interativa, Romance Visual, Ficção Científica, Casual, Narrativa, Boa Trama, Baseado em Texto, Linear, Espacial, Atmosférico, Minimalista, Gratuito para Jogar, Indie, Fantasia, Ciência, Protagonista Mulher, Um Jogador, 2D"
Reason and Rhyme,"Oct 15, 2026",Indefinido,https://store.steampowered.com/app/4461870/Reason_and_Rhyme/?snr=1_7_7_popularcomingsoon_150_17,"Aventura, Quebra-Cabeça, Cooperativo, 3D, Colorido, Estilizado, Terceira Pessoa, Atmosférico, Mistério, Relaxante, Controle, Multijogador, Cooperativo On-line, Exploração, Desenho Animado, Para Toda a Família, Engraçado, Plataforma com Quebra-Cabeça, Cartunizado, Fofo"
Astrolite,"Oct 14, 2026",Indefinido,https://store.steampowered.com/app/3450850/Astrolite/?snr=1_7_7_popularcomingsoon_150_17,"Roguelite, Alta Rejogabilidade, Paraíso de Balas, Inferno de Balas, Gráficos Pixelados, Roguelike de Ação, Sobrevivência, Roguelike, Impiedoso, Saques, Tiro, Espacial, SHMUP com Visão Superior, 2D, Controle, Colorido, Ficção Científica, Retrô, Combate, Um Jogador"
Witch's Cottage,"Oct 14, 2026",Indefinido,https://store.steampowered.com/app/5264130/Witchs_Cottage/?snr=1_7_7_popularcomingsoon_150_17,"Simulação, Design e Ilustração, Casual, Indie, Construção, Relaxante, Faça o que Quiser, Aconchegante, Fofo, Simulador Imersivo, Atmosférico, Minimalista, 3D, Estilizado, Gerenciamento, Isométrico, Um Jogador, Colorido, Música, Alta Rejogabilidade"
Night Blood W : Cutthroat Wolf,"Oct 16, 2026",Indefinido,https://store.steampowered.com/app/3070450/Night_Blood_W__Cutthroat_Wolf/?snr=1_7_7_popularcomingsoon_150_17,"Cyberpunk, Gráficos Pixelados, Ação, Plataforma 2D, RPG de Ação, Parar o Tempo, 2D, Ação / Aventura, Plataforma, Combate, Hack and Slash, RPG, Tutorial, Montagem de Decks, Rico em Diálogos, Combate com Veículos, Colorido, Robôs, Um Jogador, Terceira Pessoa"
MORROWTAPE,"Oct 14, 2026",Indefinido,https://store.steampowered.com/app/5225470/MORROWTAPE/?snr=1_7_7_popularcomingsoon_150_17,"Terror Psicológico, Aventura, Atmosférico, Terror, Primeira Pessoa, Boa Trama, Indie, Um Jogador, Anos 80, 3D, Você Decide, Controle, Sombrio, Exploração, Investigação, Vários Finais, Mistério, Retrô, Furtivo, Estilizado"
Norroth® Online,"Oct 16, 2026",Free,https://store.steampowered.com/app/2503480/Norroth_Online/?snr=1_7_7_popularcomingsoon_150_17,"RPG, Casual, MMORPG, Tática por Turnos, Exploração, 2D, Colorido, Multijogador Massivo, Gráficos Pixelados, Visão Superior, Fantasia, Medieval, Mistério, Jogador x Jogador (PvP), Indie, Baseado em Classes, Movimento em Grade, Jogador X Ambiente (PvE), Multijogador, Cooperativo On-line"
FINAL FANTASY VII REVELATION,"Apr 8, 2027",$69.99,https://store.steampowered.com/app/4354570/FINAL_FANTASY_VII_REVELATION/?snr=1_7_7_popularcomingsoon_150_17,Sem gênero
W DoBark,"Oct 14, 2026",Indefinido,https://store.steampowered.com/app/5336140/W_DoBark/?snr=1_7_7_popularcomingsoon_150_17,"Casual, Estratégia, Jogo de Tabuleiro, Quebra-Cabeça, Colete Tudo, Combinar 3, 2,5D, 3D, Animais, Cachorros, Duelo contra Chefões, Um Jogador"
Wickling,"Oct 14, 2026",Indefinido,https://store.steampowered.com/app/5225460/Wickling/?snr=1_7_7_popularcomingsoon_150_18,"Aventura, Ação, Terror, Plataforma 2D, Plataforma, Câmera Lateral, 2D, Fofo, Gráficos Pixelados, Atmosférico, Sombrio, Surrealista, Controle, Jogador X Ambiente (PvE), Indie, Um Jogador, Música, Trilha Sonora"
Verity's Revenge,"Oct 14, 2026",Indefinido,https://store.steampowered.com/app/5323760/Veritys_Revenge/?snr=1_7_7_popularcomingsoon_150_18,"Um Jogador, Ação, Tática em Tempo Real, Defesa de Torres, 3D, Realístico, Estilizado, Anos 90, Atmosférico, Estratégia, Indie, Casual, Sombrio, Terror, Velha-Guarda, Linear"
PITCHFORK Demo,"Oct 14, 2026",Free,https://store.steampowered.com/app/5276540/PITCHFORK_Demo/?snr=1_7_7_popularcomingsoon_150_18,"Cooperativo On-line, Ação, Terror, Explorador de Calabouços, Geração Procedural, Primeira Pessoa, Aventura, Física, Engraçado, Multijogador, Cooperativo, Roguelike de Ação, Exploração, Um Jogador, Jogador X Ambiente (PvE), Comédia, Combate, Personalização de Personagem, Terror de Sobrevivência, Zumbis"
S.O.N.A.R. - Submarine Operators Not Actually Ready,"Oct 29, 2026",Indefinido,https://store.steampowered.com/app/4096830/SONAR__Submarine_Operators_Not_Actually_Ready/?snr=1_7_7_popularcomingsoon_150_18,"Multijogador, Cooperativo, Casual, Engraçado, Cooperativo On-line, Aventura, Comédia, Primeira Pessoa, Simulação, Submarino, Indie"
Tidy Up the Town,"Oct 16, 2026",Indefinido,https://store.steampowered.com/app/5190030/Tidy_Up_the_Town/?snr=1_7_7_popularcomingsoon_150_18,"Casual, Relaxante, Organização, Colete Tudo, Aconchegante, Medieval, Simulação, Mágica, Quebra-Cabeça, Fantasia, Objetos Ocultos, Primeira Pessoa, Do Bem, Física, Fofo, Faça o que Quiser, Um Jogador, Gerenciamento de Lojas, Simulador Imersivo, 3D"
WHERE THE SEA IS DEEP,"Oct 14, 2026",Indefinido,https://store.steampowered.com/app/3789730/WHERE_THE_SEA_IS_DEEP/?snr=1_7_7_popularcomingsoon_150_18,"Ação, Aventura, Ação / Aventura, 2D, Naval, Combate, Indie, Um Jogador"
Colors Of V,"Oct 14, 2026",Indefinido,https://store.steampowered.com/app/5214490/Colors_Of_V/?snr=1_7_7_popularcomingsoon_150_18,"Controle com Alavanca Dupla, Indie, Ação, Impiedoso, Arcade, Roguelike, Controle, Colorido, Minimalista, Estilizado, Retrô, Um Jogador, Ritmo Rápido"
Polandball: The Sixth Day - Destroy,"Oct 14, 2026",Indefinido,https://store.steampowered.com/app/5287750/Polandball_The_Sixth_Day__Destroy/?snr=1_7_7_popularcomingsoon_150_18,"Roguelike de Ação, Estratégia, SHMUP com Visão Superior, Paraíso de Balas, Ação, Tiro, Roguelike, Personalização de Personagem, 2D, Visão Superior, Personalização de Armas, Estilizado, Militar, Casual, Violência Detalhada, RPG, Indie, Violento, Ficção Científica, Sobrevivência"
Lotwick Hill,"Oct 16, 2026",Indefinido,https://store.steampowered.com/app/5288610/Lotwick_Hill/?snr=1_7_7_popularcomingsoon_150_18,"Simulação, Estratégia, Gerenciamento, Economia, Gerenciamento de Lojas, Construção de Cidades, Faça o que Quiser, Construção, Indie, Capitalismo, 3D, Isométrico, Histórico, Colorido, Estilizado, Atmosférico, Gerenciamento de Inventário, Gerenciamento de Recursos, Um Jogador"
Rescue the Hostages: Twenty Deadly Questions,"Oct 14, 2026",Indefinido,https://store.steampowered.com/app/5286150/Rescue_the_Hostages_Twenty_Deadly_Questions/?snr=1_7_7_popularcomingsoon_150_18,"FMV, Sombrio, Terror Psicológico, Terror, Casual, Reúna a Galera, Estratégia, Ficção Interativa, Thriller, Você Decide, Vários Finais, Violento, Indie, Narrativa, Um Jogador"
Horrorvania,"Oct 14, 2026",Indefinido,https://store.steampowered.com/app/4289590/Horrorvania/?snr=1_7_7_popularcomingsoon_150_18,"Terror, Ação, Tiro em Primeira Pessoa (FPS), Terror de Sobrevivência, Tiro, Indie, Violência Detalhada, Demônios, Zumbis, Terror Psicológico, Um Jogador, Calabouço Misterioso, Exploração, Tiro sobre Trilhos, 3D, Primeira Pessoa, Sombrio, Velha-Guarda, Aventura, Sobrenatural"
Sinners Please,"Oct 14, 2026",Indefinido,https://store.steampowered.com/app/5305580/Sinners_Please/?snr=1_7_7_popularcomingsoon_150_18,"Simulação, Casual, Apontar e Clicar, Sombrio, Terror, Velha-Guarda, Terror Psicológico, Um Jogador, Você Decide"
ORBIT: Bingo Roguelite,"Oct 14, 2026",Indefinido,https://store.steampowered.com/app/5248520/ORBIT_Bingo_Roguelite/?snr=1_7_7_popularcomingsoon_150_18,"Montagem de Decks Roguelike, Roguelite, Jogo de Tabuleiro, Montagem de Decks, Estratégia, Cartas, Pontos, Pontos, Pontos!, Roguelike, Alta Rejogabilidade, Estratégia em Turnos, Quebra-Cabeça, Casual, Jogo de Mesa, Você Decide, Relaxante, Geração Procedural, Estilizado, 2D, Um Jogador, Indie"
The WHEELJAM Collection,"Oct 14, 2026",Free,https://store.steampowered.com/app/5090350/The_WHEELJAM_Collection/?snr=1_7_7_popularcomingsoon_150_18,"Casual, Ação, Arcade, Escolha a sua Aventura, Colete Tudo, 2D, 3D, Abstrato, Comovente, Gratuito para Jogar, Engraçado, Não Linear, Um Jogador"
Halley's Big Catch,"Oct 14, 2026",Indefinido,https://store.steampowered.com/app/5128280/Halleys_Big_Catch/?snr=1_7_7_popularcomingsoon_150_18,"Esportes, Pesca, Jogador x Jogador (PvP), Arcade, Ação / Aventura, 3D, Terceira Pessoa, Fofo, Aconchegante, Relaxante, Boa Trama, Casual, Cartunizado, Estilizado, Gatos, Atmosférico, Natureza, Animais, Física, Aventura"
Madcar Multiplayer : Premium pack,"Oct 14, 2026",Indefinido,https://store.steampowered.com/app/5076060/Madcar_Multiplayer__Premium_pack/?snr=1_7_7_popularcomingsoon_150_18,"Ação, Gratuito para Jogar, Multijogador Massivo, Indie, Casual, Simulação, Corrida, Esportes"
Where It Happened,"Oct 14, 2026",Indefinido,https://store.steampowered.com/app/4631470/Where_It_Happened/?snr=1_7_7_popularcomingsoon_150_18,"Terror, Indie, Terror Psicológico, Simulador de Caminhada, Primeira Pessoa, Um Jogador, Atmosférico, Sombrio, Mistério, Quebra-Cabeça, Exploração, 3D, Sobrenatural, Linear, Curta-Metragem, Aventura"
Fatal Train,"Oct 15, 2026",Indefinido,https://store.steampowered.com/app/3193920/Fatal_Train/?snr=1_7_7_popularcomingsoon_150_18,"Detetive, Cooperativo On-line, Humor Ácido, Mistério, Trens, Multijogador, Estilizado, Investigação, Reúna a Galera, Jogador X Ambiente (PvE), Crime, Terror, 3D, Exploração, Primeira Pessoa, Cooperativo, Engraçado, Aventura, Alta Rejogabilidade, Humor Pesado"
Ghost//Root,"Oct 14, 2026",Indefinido,https://store.steampowered.com/app/5232860/GhostRoot/?snr=1_7_7_popularcomingsoon_150_18,"Digitação, Aventura, Ficção Interativa, Baseado em Texto, Ficção Científica, Thriller, Retrô, Indie, Um Jogador"
Ravenhill: Initiation,"Oct 14, 2026",Indefinido,https://store.steampowered.com/app/4845070/Ravenhill_Initiation/?snr=1_7_7_popularcomingsoon_150_18,"Aventura, Terror Psicológico, Terror, Comovente, Exploração, Boa Trama, Quebra-Cabeça, Terror de Sobrevivência, Anos 90, Cinematográfico, Investigação, Realístico, Terceira Pessoa, Sobrevivência, Narrativa, Atmosférico, Violência Detalhada, Psicológico, Thriller, Protagonista Mulher"
Brick by Brick: Tidy Up the Small Town!,"Oct 15, 2026",Indefinido,https://store.steampowered.com/app/5228920/Brick_by_Brick_Tidy_Up_the_Small_Town/?snr=1_7_7_popularcomingsoon_150_18,"Casual, Simulação, Colete Tudo, Organização, Cooperativo On-line, Relaxante, Limpeza, Incremental, 3D, Multijogador, Primeira Pessoa, Um Jogador, Cooperativo, Indie, Gerenciamento, Quebra-Cabeça, Desenho Animado, Aconchegante, Construção, Simulador Imersivo"
Parallel Park,"Oct 14, 2026",Indefinido,https://store.steampowered.com/app/3153450/Parallel_Park/?snr=1_7_7_popularcomingsoon_150_18,"Minimalista, Física, Simulação, Corrida, Direção, Arcade, Faça o que Quiser, Multijogador, Um Jogador, Simulador Automobilístico, 3D, Indie, Terceira Pessoa, Engraçado, Jogador x Jogador (PvP), Jogador X Ambiente (PvE), Fofo, Velha-Guarda"
Game of Fitna Vol. 1,"Oct 15, 2026",Indefinido,https://store.steampowered.com/app/2725340/Game_of_Fitna_Vol_1/?snr=1_7_7_popularcomingsoon_150_18,"Anime, Romance Visual, Detetive, Mistério, Boa Trama, Lógica, Psicológico, Aventura, Vários Finais, 2D, Um Jogador, Atmosférico, Escolha a sua Aventura, Violento, Colorido, Violência Detalhada, Indie, Casual"
Wolfsschanze – Operation Götterdämmerung,"Oct 15, 2026",Indefinido,https://store.steampowered.com/app/4249690/Wolfsschanze__Operation_Gotterdammerung/?snr=1_7_7_popularcomingsoon_150_18,"Ação, Tiro, Violento, Tiro em Primeira Pessoa (FPS), Segunda Guerra Mundial, Franco-Atirador, Guerra, Jogo de Guerra, Combate, Militar, Sobrevivência, Um Jogador, Primeira Pessoa, Realístico, 3D, Mundo Aberto, Histórico, Destruição, Jogador X Ambiente (PvE), Violência Detalhada"
Cheap Screamer,"Oct 14, 2026",Indefinido,https://store.steampowered.com/app/4404390/Cheap_Screamer/?snr=1_7_7_popularcomingsoon_150_18,"Ação, Terror Psicológico, Conspiração, Psicológico, Tiro em Primeira Pessoa (FPS), Tiro, 3D, Abstrato, Cinematográfico, Realístico, História Alternativa, Atmosférico, Terror, Indie, Simulação, Sobrenatural, Thriller, Zumbis, Linear, Um Jogador"
SuperTrucks Multiplayer Racing,"Oct 14, 2026",Free,https://store.steampowered.com/app/2967080/SuperTrucks_Multiplayer_Racing/?snr=1_7_7_popularcomingsoon_150_18,"Corrida, Esportes, Jogador x Jogador (PvP), Multijogador, Um Jogador, Física, Controle, Simulador Automobilístico, eSports, 3D, Gratuito para Jogar, Indie, Realístico, Moderno, Personalização de Personagem, Eventos Rápidos, Pontos, Pontos, Pontos!"
Cecilia Demo,"Oct 14, 2026",Free,https://store.steampowered.com/app/5080570/Cecilia/?snr=1_7_7_popularcomingsoon_150_18,"Ação / Aventura, Visão Superior, Gráficos Pixelados, Exploração, Quebra-Cabeça, RPG de Ação, Retrô, Protagonista Mulher, Aventura, Ação, RPG, 2D, Anos 90, Fantasia, Indie, Colorido, Fofo, Combate, Um Jogador"
Ferry Good Day,"Oct 14, 2026",Indefinido,https://store.steampowered.com/app/3701210/Ferry_Good_Day/?snr=1_7_7_popularcomingsoon_150_18,"Exploração, Faça o que Quiser, Naval, Transportes, Gerenciamento, Navegação, 3D, Fofo, Visão Superior, Aconchegante, Relaxante, Simulação, Gerenciamento de Inventário, Um Jogador, Indie"
Madcar Multiplayer,"Oct 14, 2026",Free,https://store.steampowered.com/app/1979510/Madcar_Multiplayer/?snr=1_7_7_popularcomingsoon_150_18,"Corrida, Ação, Casual, Simulação, Esportes, Multijogador, Multijogador Massivo, Arcade, Ação / Aventura, Simulador Automobilístico, eSports, Primeira Pessoa, Reúna a Galera, 3D, Indie, Gratuito para Jogar, Terceira Pessoa, Colorido, Fofo, Minimalista"
Dealer's Tell: All Bets Are Final,"Oct 14, 2026",Indefinido,https://store.steampowered.com/app/5198230/Dealers_Tell_All_Bets_Are_Final/?snr=1_7_7_popularcomingsoon_150_18,"Terror Psicológico, Cartas, Roguelite, Detetive, Jogos de Azar, Atmosférico, Sombrio, Mistério, Sobrenatural, Retrô, Estilizado, Noir, Primeira Pessoa, Vários Finais, Estratégia, Indie, Roguelike, 3D, Um Jogador, Jogador X Ambiente (PvE)"
Hypnostasis,"Oct 15, 2026",Indefinido,https://store.steampowered.com/app/3611760/Hypnostasis/?snr=1_7_7_popularcomingsoon_150_18,"Terror Psicológico, Tiro em Primeira Pessoa (FPS), Não Linear, Surrealista, Gerenciamento de Recursos, Vários Finais, Fabricação, Ação, Tiro, Atmosférico, Um Jogador, Primeira Pessoa, Terror, 3D, Violência Detalhada, Indie, Sombrio, Psicológico, Terror de Sobrevivência, Aventura"
Silent Wounds - The Doll,"Oct 15, 2026",Free,https://store.steampowered.com/app/4251070/Silent_Wounds__The_Doll/?snr=1_7_7_popularcomingsoon_150_18,"Terror, Gratuito para Jogar, Terror Psicológico, Simulador de Caminhada, Atmosférico, Episódico, Thriller, Boa Trama, Exploração, Sombrio, Quebra-Cabeça, Psicológico, Mistério, Um Jogador, Narrativa, Você Decide, Primeira Pessoa, Aventura, Indie, Cinematográfico"
SWORD FLINGER,"Oct 15, 2026",Indefinido,https://store.steampowered.com/app/4474400/SWORD_FLINGER/?snr=1_7_7_popularcomingsoon_150_18,"Plataforma 2D, Ação, Roguelite, Casual, Quebra-Cabeça, Jogador X Ambiente (PvE), Roguelike, 2D, Você Decide, Gráficos Pixelados, Fantasia Sombria, Um Jogador, Indie"
My Bookshop Dreams Demo,"Oct 14, 2026",Free,https://store.steampowered.com/app/5214640/My_Bookshop_Dreams_Demo/?snr=1_7_7_popularcomingsoon_150_18,"Casual, Simulação, Simulador de Vida Real, 3D, Colorido, Fofo, Primeira Pessoa, Gratuito para Jogar, Isométrico, Comédia, Indie, Economia, Gerenciamento, Relaxante, Você Decide, Gerenciamento de Recursos, Um Jogador, Aconchegante, Design e Ilustração, Simulador Imersivo"
SLOWBURN,"Oct 14, 2026",Indefinido,https://store.steampowered.com/app/2835080/SLOWBURN/?snr=1_7_7_popularcomingsoon_150_18,"Um Jogador, Ação, Indie, Arcade, Impiedoso, SHMUP com Visão Superior, Violento, Linear, Boa Trama, Pós-Apocalíptico, Você Decide, Atmosférico, 3D, Terceira Pessoa, Anime, Visão Superior"
mazaruwa,"Oct 14, 2026",Indefinido,https://store.steampowered.com/app/5326510/mazaruwa/?snr=1_7_7_popularcomingsoon_150_18,"Plataforma 3D, Ação, Plataforma com Quebra-Cabeça, Quebra-Cabeça, 3D, História em Quadrinhos, Minimalista, Retrô, Indie, Acesso Antecipado, Um Jogador"
Festival Inc.,"Oct 14, 2026",Indefinido,https://store.steampowered.com/app/3300530/Festival_Inc/?snr=1_7_7_popularcomingsoon_150_18,"Simulação, Construção de Cidades, Faça o que Quiser, Gerenciamento de Tempo, 3D, Cartunizado, Colorido, Visão Superior, Construção, Decoração, Economia, Engraçado, Acesso Antecipado, Gerenciamento, Gerenciamento de Recursos, Tutorial, Um Jogador, Indie, Música"
NIPH,"Oct 14, 2026",Indefinido,https://store.steampowered.com/app/3874160/NIPH/?snr=1_7_7_popularcomingsoon_150_18,"Plataforma 2D, Roguelite, RPG de Ação, Geração Procedural, Estilizado, Câmera Lateral, Morte Permanente, Colorido, Impiedoso, Hack and Slash, Explorador de Calabouços, Steampunk, Alta Rejogabilidade, Ação, Aventura, RPG, Jogador x Jogador (PvP), Cooperativo Local, Um Jogador, Multijogador Local"
Among the Trolls Soundtrack,"Oct 14, 2026",Indefinido,https://store.steampowered.com/app/5283060/Among_the_Trolls_Soundtrack/?snr=1_7_7_popularcomingsoon_150_18,Sem gênero
Eternally,"Oct 14, 2026",Indefinido,https://store.steampowered.com/app/4281030/Eternally/?snr=1_7_7_popularcomingsoon_150_18,"Estratégia em Turnos, Jogo de Tabuleiro, Cooperativo On-line, RPG Tático, Fantasia Sombria, Terceira Pessoa, Estratégia, Jogador x Jogador (PvP), Grade Hexagonal, Tático, RPG de Estratégia, Tática por Turnos, Mágica, RPG, Atmosférico, Combate, Movimento em Grade, Fantasia, Combate em Turnos, Estilizado"
SCP: Antimemetics Division,"Oct 15, 2026",Indefinido,https://store.steampowered.com/app/4385740/SCP_Antimemetics_Division/?snr=1_7_7_popularcomingsoon_150_18,"Terror Psicológico, Mistério, Indie, Terror de Sobrevivência, Realístico, Gerenciamento de Recursos, Thriller, Atmosférico, Ficção Científica, Um Jogador, Ação, Retrô, Anos 80, Psicológico, Aventura, Controle, Vários Finais, Terror, Exploração, Boa Trama"
VHS World '89,"Oct 16, 2026",Indefinido,https://store.steampowered.com/app/4935810/VHS_World_89/?snr=1_7_7_popularcomingsoon_150_18,"Casual, Relaxante, Simulação, Colete Tudo, Organização, Quebra-Cabeça, Anos 80, 3D, Objetos Ocultos, Indie, Simulador Imersivo, Limpeza, Simulador de Emprego, Um Jogador"
Magic Twinborn,"Oct 14, 2026",Indefinido,https://store.steampowered.com/app/4020120/Magic_Twinborn/?snr=1_7_7_popularcomingsoon_150_18,"Acesso Antecipado, RPG, Inferno de Balas, Roguelite, 2D, Visão Superior, Baseado em Equipes, Controle, Colorido, Fantasia, Para Toda a Família, Mágica, Um Jogador, Cooperativo, Casual, Cooperativo Local, Multijogador Local, Aventura, RPG de Grupos, Tiro"
"Motel 51: Papers, Keys & Aliens Demo","Oct 14, 2026",Free,https://store.steampowered.com/app/4747450/Motel_51_Papers_Keys__Aliens_Demo/?snr=1_7_7_popularcomingsoon_150_18,"Alienígenas, Gerenciamento de Lojas, Simulação, Gerenciamento, Simulador de Emprego, Você Decide, Investigação, Boa Trama, Gráficos Pixelados, Gerenciamento de Recursos, Economia, Vários Finais, Ficção Científica, Mistério, Sobrenatural, Humor Pesado, Retrô, 2D, Apontar e Clicar, Um Jogador"
Sourcebound,"Oct 14, 2026",Indefinido,https://store.steampowered.com/app/5324480/Sourcebound/?snr=1_7_7_popularcomingsoon_150_18,"Ação, Roguelite, Furtivo, Roguelike de Ação, Exploração, 2D, Abstrato, Minimalista, Visão Superior, Atmosférico, Sombrio, Indie, Subterrâneo, Controle, Geração Procedural, Morte Permanente, Um Jogador"
Le Tapis Vert,"Oct 14, 2026",Indefinido,https://store.steampowered.com/app/5307770/Le_Tapis_Vert/?snr=1_7_7_popularcomingsoon_150_18,"Cartas, Jogo de Tabuleiro, Casual, Estratégia, Solitário, 2D, Minimalista, Relaxante, Para Toda a Família, Aconchegante, Jogador x Jogador (PvP), Dados, Um Jogador, Indie, Multijogador, Multijogador Local, Quebra-Cabeça, Jogo de Palavras, Perguntas e Respostas, Estratégia em Turnos"
The drawing of the Genesis,"Oct 14, 2026",Indefinido,https://store.steampowered.com/app/5218900/The_drawing_of_the_Genesis/?snr=1_7_7_popularcomingsoon_150_18,"Fé, Educativo, Casual, Romance Visual, Sobrenatural, Histórico, Aprendizado de Idiomas, Boa Trama, Um Jogador, Indie, 2D"
Tidy Up with Friends: At the Supermarket,"Oct 15, 2026",Indefinido,https://store.steampowered.com/app/5137310/Tidy_Up_with_Friends_At_the_Supermarket/?snr=1_7_7_popularcomingsoon_150_18,"Simulação, Casual, Organização, Cooperativo On-line, Relaxante, Cooperativo, Aconchegante, Multijogador, Quebra-Cabeça, Indie, Objetos Ocultos, Colete Tudo, Reúna a Galera, 3D, Aventura, Primeira Pessoa, Estilizado, Engraçado, Para Toda a Família, Colorido"
Queen's Domain,"Oct 30, 2026",Indefinido,https://store.steampowered.com/app/1799840/Queens_Domain/?snr=1_7_7_popularcomingsoon_150_18,"RPG de Ação, Fantasia Sombria, Primeira Pessoa, Explorador de Calabouços, Exploração, 3D, RPG, Hack and Slash, Jogador X Ambiente (PvE), Ação / Aventura, Espada, Subterrâneo, Fantasia, Controle, Saques, Mágica, Medieval, Ação, Atmosférico, Aventura"
Chain Card,"Oct 14, 2026",Indefinido,https://store.steampowered.com/app/5252140/Chain_Card/?snr=1_7_7_popularcomingsoon_150_18,"Estratégia, Cartas, Montagem de Decks, Batalha com Cartas, Aventura, Estratégia em Turnos, Combate em Turnos, Um Jogador, 2D, Fantasia Sombria, Estilizado, Medieval, Sombrio, Combate"
港警成雙：來自城寨 Dual Fire Walled City,2026,Indefinido,https://store.steampowered.com/app/3918200/_Dual_Fire_Walled_City/?snr=1_7_7_popularcomingsoon_150_19,"Cooperativo, Tela Dividida, Aventura, Crime, Boa Trama, Cooperativo Local, Cooperativo On-line, 3D, Terceira Pessoa, Ação / Aventura, Indie, Multijogador, Multijogador Local"
EchoMon: Pack & Stack! Demo,"Oct 14, 2026",Free,https://store.steampowered.com/app/5349730/EchoMon_Pack__Stack_Demo/?snr=1_7_7_popularcomingsoon_150_19,"Simulação, Quebra-Cabeça, Faça o que Quiser, Colete Tudo, Objetos Ocultos, Simulador Imersivo, Incremental, Jogo de Cartas, 3D, Estilizado, Limpeza, Aconchegante, Organização, Relaxante, Gerenciamento de Inventário, Um Jogador"
FIND KITTENS 13: Cave Town Demo,"Oct 14, 2026",Free,https://store.steampowered.com/app/3986560/FIND_KITTENS_13_Cave_Town/?snr=1_7_7_popularcomingsoon_150_19,"Objetos Ocultos, Casual, Apontar e Clicar, 2D, Aventura, Fofo, Indie, Relaxante, Para Toda a Família, Desenhado à Mão, Colorido, Um Jogador"
One Wallpaper OwO,"Oct 14, 2026",Free,https://store.steampowered.com/app/2736730/One_Wallpaper_OwO/?snr=1_7_7_popularcomingsoon_150_19,"Design e Ilustração, Utilitários, Indie, Acesso Antecipado, Casual, Relaxante, Software"
Shelf Stacker: Toy Store,"Oct 15, 2026",Indefinido,https://store.steampowered.com/app/5232090/Shelf_Stacker_Toy_Store/?snr=1_7_7_popularcomingsoon_150_19,"Colete Tudo, Incremental, Gerenciamento de Lojas, Quebra-Cabeça, Simulação, Simulador de Caminhada, 3D, Primeira Pessoa, Aconchegante, Relaxante, Do Bem, Controle, Indie, Casual, Colorido, Realístico, Organização, Limpeza, Um Jogador"
Starjaunt,"Oct 15, 2026",Indefinido,https://store.steampowered.com/app/5104090/Starjaunt/?snr=1_7_7_popularcomingsoon_150_19,"Ação, Aventura, RPG, Simulação, Estratégia, RPG de Ação, Ação / Aventura, Simulador Espacial, Escolha a sua Aventura, Exploração, Simulador Imersivo, 2D, Um Jogador, Colorido, Boa Trama, Fofo, Gráficos Pixelados, Indie, Anos 90, Atmosférico"
Yatai 8,"Oct 15, 2026",Indefinido,https://store.steampowered.com/app/5080810/Yatai_8/?snr=1_7_7_popularcomingsoon_150_19,"Um Jogador, Terror Psicológico, Exploração, Simulação, Vários Finais, Simulador Imersivo, Objetos Ocultos, Quebra-Cabeça, 3D, Primeira Pessoa, Casual, Indie, Realístico, Atmosférico, Simulador de Caminhada"
Castellan Demo,"Oct 14, 2026",Free,https://store.steampowered.com/app/5299060/Castellan_Demo/?snr=1_7_7_popularcomingsoon_150_19,"Defesa de Torres, Roguelite, Estratégia, Montagem de Decks, Ação, Gráficos Pixelados, Roguelike de Ação, Indie, Fantasia Sombria, Medieval, Jogador X Ambiente (PvE), Cartas, Tática em Tempo Real, Batalha com Cartas, 2D, Visão Superior, Atmosférico, Fantasia, Mágica, Tático"
REAVEN WOOD HOTEL : ROOM 207 Demo,"Oct 14, 2026",Free,https://store.steampowered.com/app/4847950/REAVEN_WOOD_HOTEL__ROOM_207/?snr=1_7_7_popularcomingsoon_150_19,"Indie, Terror, Terror Psicológico, Boa Trama, Exploração, Primeira Pessoa, Atmosférico, Mistério, Simulador de Caminhada"
Red Chat Ritual – TSUMIMI TIME,"Oct 22, 2026",Indefinido,https://store.steampowered.com/app/4413070/Red_Chat_Ritual___TSUMIMI_TIME/?snr=1_7_7_popularcomingsoon_150_19,"Terror, Romance Visual, Mistério, Investigação, Escolha a sua Aventura, Detetive, Aventura, Boa Trama, Protagonista Mulher, Vários Finais, 2D, Gráficos Pixelados, Baseado em Texto, Fofo, Você Decide, Terror Psicológico, Indie, Anime, Um Jogador, Exploração"
A Bad Dream: Trypophobia,"Oct 15, 2026",Indefinido,https://store.steampowered.com/app/5165970/A_Bad_Dream_Trypophobia/?snr=1_7_7_popularcomingsoon_150_19,"Aventura, Quebra-Cabeça, Simulador de Caminhada, Exploração, Tiro em Primeira Pessoa (FPS), Objetos Ocultos, Cinematográfico, Primeira Pessoa, Realístico, Atmosférico, Comovente, Violência Detalhada, Violento, Psicológico, Indie, Terror, Terror Psicológico, Boa Trama, Linear, Um Jogador"
Orebital Dynamics Demo,"Oct 14, 2026",Free,https://store.steampowered.com/app/5347740/Orebital_Dynamics_Demo/?snr=1_7_7_popularcomingsoon_150_19,"Progressão Ociosa, Incremental, Roguelite, Quebra-Cabeça, Estratégia, Mineração, Simulação, Espacial, Gerenciamento, Roguelike, 2D, Relaxante, Geração Procedural, Casual, Ficção Científica, Estilizado, Limpeza, Destruição, Futurista, Gerenciamento de Recursos"
中华料理大王,"Oct 15, 2026",Indefinido,https://store.steampowered.com/app/5295630/_/?snr=1_7_7_popularcomingsoon_150_19,"Gerenciamento de Tempo, Multijogador, Cooperativo On-line, Cooperativo, Culinária, Casual, Simulador de Emprego, Baseado em Equipes, Gerenciamento, Primeira Pessoa, 3D, Simulação, Engraçado, Gerenciamento de Recursos, Desenho Animado, Fofo, Atmosférico, Para Toda a Família, Cartunizado, Do Bem"
Everything Must Go!,"Oct 15, 2026",Indefinido,https://store.steampowered.com/app/5302180/Everything_Must_Go/?snr=1_7_7_popularcomingsoon_150_19,"Casual, Simulação, Simulador de Vida Real, Reúna a Galera, Roguelike, Simulador de Emprego, Simulador Imersivo, Roguelite, 3D, Primeira Pessoa, Estratégia, Ação, Relaxante, Engraçado, Jogador x Jogador (PvP), Multijogador"
Double Check,"Oct 15, 2026",Indefinido,https://store.steampowered.com/app/5213360/Double_Check/?snr=1_7_7_popularcomingsoon_150_19,"Estratégia, Casual, Ação, Design e Ilustração, Edição de Fotos, Apontar e Clicar, Quebra-Cabeça, Reúna a Galera, Tiro em Primeira Pessoa (FPS), 3D, Fofo, Colorido, Estilizado, Primeira Pessoa, Desenhado à Mão, Decoração, Investigação, Engraçado, Lógica, Comédia"
创世遗志,"Oct 15, 2026",Indefinido,https://store.steampowered.com/app/4823600/_/?snr=1_7_7_popularcomingsoon_150_19,"RPG, Estratégia em Turnos, JRPG, RPG de Estratégia, Tática por Turnos, Exploração, Explorador de Calabouços, 2,5D, Voxel, Visão Superior, Estratégia, Aventura, Gráficos Pixelados, Surrealista, Mágica, Um Jogador"
The Little Land,"Oct 16, 2026",Indefinido,https://store.steampowered.com/app/4296120/The_Little_Land/?snr=1_7_7_popularcomingsoon_150_19,"Jogo de Divindade, Simulador de Colônias, Roguelite, Sobrevivência, Manipulação de Tempo, Simulação, Estratégia, Gerenciamento de Recursos, Automação, Fabricação, Visão Superior, 2,5D, Um Jogador, Fantasia, Fofo, Acesso Antecipado, Indie"
DogaakDogaak,"Oct 15, 2026",Indefinido,https://store.steampowered.com/app/4903350/DogaakDogaak/?snr=1_7_7_popularcomingsoon_150_19,Utilitários
EarthX 2,"Oct 15, 2026",Indefinido,https://store.steampowered.com/app/1486940/EarthX_2/?snr=1_7_7_popularcomingsoon_150_19,"Acesso Antecipado, Simulação, Simulador Espacial, Automação, Mineração, Estratégia, Construção de Bases, Simulador de Colônias, Gerenciamento de Recursos, Tática em Tempo Real, Casual, Gerenciamento de Tempo, Gerenciamento, 3D, Transportes, Marte, Minimalista, Gerenciamento de Inventário, Construção, Estilizado"
MOBA Manager,"Oct 15, 2026",Free,https://store.steampowered.com/app/4813930/MOBA_Manager/?snr=1_7_7_popularcomingsoon_150_19,"Simulação, Estratégia, MOBA, eSports, Baseado em Texto, Economia, Tático, Gerenciamento de Recursos, Tática por Turnos, Gratuito para Jogar, Um Jogador"
Thalia,"Oct 15, 2026",Indefinido,https://store.steampowered.com/app/3685410/Thalia/?snr=1_7_7_popularcomingsoon_150_19,"Aventura, Ação, Roguelite, Roguelike de Ação, Roguelike, Hack and Slash, 2D, Gráficos Pixelados, Mitologia, Porradaria, Indie, Combate, Um Jogador"
Loot Goblins,"Oct 15, 2026",Indefinido,https://store.steampowered.com/app/4240930/Loot_Goblins/?snr=1_7_7_popularcomingsoon_150_19,"Batalha Automática, Incremental, Gerenciamento, Saques, Progressão Ociosa, Estratégia, Gráficos Pixelados, Fantasia, Indie, RPG, RPG de Estratégia, Combate, Visão Superior, Construção de Bases, Um Jogador, 2D, Mágica, Gerenciamento de Recursos"
Star Trek: Outposts Unknown,"Oct 20, 2026",Indefinido,https://store.steampowered.com/app/3469910/Star_Trek_Outposts_Unknown/?snr=1_7_7_popularcomingsoon_150_19,"Estratégia, Simulador de Colônias, Gerenciamento de Recursos, Narrativa, Construção de Cidades, Ficção Científica, Construção, Construção de Bases, Gerenciamento, Futurista, Estratégia em Tempo Real (RTS), Um Jogador, Simulação, Tempo Real com Pausa, Espacial, Economia, Você Decide"
Sheep Go!,"Oct 15, 2026",Indefinido,https://store.steampowered.com/app/5247170/Sheep_Go/?snr=1_7_7_popularcomingsoon_150_19,"Acesso Antecipado, Roguelike de Ação, Hack and Slash, Roguelite, RPG de Ação, Roguelike, RPG, 2,5D, 2D, Visão Superior, Fofo, Surrealista, Humor Ácido, Ação, Animais, Aventura, Desenho Animado, Zoológico, Combate, Um Jogador"
ARC-9,"Oct 15, 2026",Indefinido,https://store.steampowered.com/app/4971790/ARC9/?snr=1_7_7_popularcomingsoon_150_19,"Roguelike de Ação, Corredor, Tiro em Primeira Pessoa (FPS), Cyberpunk, Tiro, Ação, Geração Procedural, Casual, Morte Permanente, Robôs, Ficção Científica, Pós-Apocalíptico, Primeira Pessoa, Indie, Atmosférico, Combate, 3D, Um Jogador"
RushGirl LUCA Demo,"Oct 15, 2026",Free,https://store.steampowered.com/app/5285450/RushGirl_LUCA_Demo/?snr=1_7_7_popularcomingsoon_150_19,"Ação, Roguelike de Ação, Roguelike, Tiro, SHMUP com Visão Superior, 2D, Gráficos Pixelados, Futurista, Ficção Científica, Espacial, Combate, Indie, Controle, Protagonista Mulher, Jogador X Ambiente (PvE), Um Jogador, Paraíso de Balas, Inferno de Balas"
GRID DEFENSE: GRID WAR,"Oct 15, 2026",Free,https://store.steampowered.com/app/5333290/GRID_DEFENSE_GRID_WAR/?snr=1_7_7_popularcomingsoon_150_19,"Estratégia, Defesa de Torres, Ficção Científica, Roguelike de Ação, Paraíso de Balas, Tática em Tempo Real, Jogador X Ambiente (PvE), 3D, Visão Superior, Gratuito para Jogar, Indie, Construção de Bases, Ação, Estilizado, Militar, Tático, Robôs, Futurista, Gerenciamento de Recursos, Um Jogador"
Toys Co.,"Oct 15, 2026",Indefinido,https://store.steampowered.com/app/5088930/Toys_Co/?snr=1_7_7_popularcomingsoon_150_19,"Casual, Quebra-Cabeça, Colete Tudo, Simulador Imersivo, 3D, Estilizado, Atmosférico, Simulação, Relaxante, Indie, Um Jogador"
Tokyo Canvas,"Oct 15, 2026",Indefinido,https://store.steampowered.com/app/5123950/Tokyo_Canvas/?snr=1_7_7_popularcomingsoon_150_19,"Faça o que Quiser, Simulação, Exploração, Relaxante, Colorido, 3D, Atmosférico, Personalização de Personagem, Terceira Pessoa, Casual, Primeira Pessoa, Cooperativo On-line, Multijogador, Indie, Cooperativo, Um Jogador, Manipulação de Tempo, Física, Não Linear, Controle"
Serious Bara,"Oct 15, 2026",Indefinido,https://store.steampowered.com/app/5237940/Serious_Bara/?snr=1_7_7_popularcomingsoon_150_19,"Casual, Estratégia, Quebra-Cabeça, 3D, Colorido, Fofo, Estilizado, Visão Superior, Atmosférico, Aconchegante, Educativo, Fantasia, Engraçado, Histórico, Natureza, Relaxante, Viagem no Tempo, Do Bem, Controle, Para Toda a Família"
WhoIsHe,"Oct 15, 2026",Indefinido,https://store.steampowered.com/app/4928910/WhoIsHe/?snr=1_7_7_popularcomingsoon_150_19,"Apontar e Clicar, Quebra-Cabeça, Mistério, Terror Psicológico, Desenhado à Mão, Objetos Ocultos, Exploração, Aventura, Primeira Pessoa, Terror, Boa Trama, 2D, Gerenciamento de Inventário, Thriller, Detetive, Psicológico, Atmosférico, Lógica, Indie, Anos 90"
The Hollowing,2026,Indefinido,https://store.steampowered.com/app/4882000/The_Hollowing/?snr=1_7_7_popularcomingsoon_150_19,"Voo, Aventura, Terror Psicológico, Simulador Automobilístico, Fantasia Sombria, Exploração, Simulação, Mistério, Cinematográfico, Simulador Imersivo, Plataforma 3D, Boa Trama, 3D, Gráficos Pixelados, Atmosférico, Linear, Ficção Interativa, Um Jogador, Terror"
Manager's Decision,"Oct 15, 2026",Indefinido,https://store.steampowered.com/app/5221440/Managers_Decision/?snr=1_7_7_popularcomingsoon_150_19,"Simulação, Estratégia, Gerenciamento, Gerenciamento de Recursos, Você Decide, Cartas, Vários Finais, Escolha a sua Aventura, Economia, Rico em Diálogos, Boa Trama, Comédia, Engraçado, Moderno, 2D, Um Jogador"
Provincial Player,"Oct 15, 2026",Indefinido,https://store.steampowered.com/app/4554440/Provincial_Player/?snr=1_7_7_popularcomingsoon_150_19,"Bilhar, Aventura, Comédia, Velha-Guarda, Simulação, Romance Visual, Apontar e Clicar, Engraçado, Baseado em Texto, Um Jogador, Casual, Esportes, Anos 90, Retrô, Rico em Diálogos, Violento"
HAUNT,"Oct 15, 2026",Indefinido,https://store.steampowered.com/app/3175590/HAUNT/?snr=1_7_7_popularcomingsoon_150_19,"Multijogador, Reúna a Galera, Terror, Engraçado, Ação, Casual, Personalização de Personagem, Jogador x Jogador (PvP), Objetos Ocultos, 3D, Primeira Pessoa, Terceira Pessoa, Estilizado, Thriller, Compatível com Mods, Atmosférico, Cooperativo, Cooperativo On-line, Indie"
Capitalize - Tech Industry,"Oct 15, 2026",Indefinido,https://store.steampowered.com/app/5226240/Capitalize__Tech_Industry/?snr=1_7_7_popularcomingsoon_150_19,"Casual, Simulação"
ARENA UNLEASHED,"Oct 15, 2026",Indefinido,https://store.steampowered.com/app/5045860/ARENA_UNLEASHED/?snr=1_7_7_popularcomingsoon_150_19,"Ação, Violento, Violência Detalhada, SHMUP com Visão Superior, Impiedoso, Gráficos Pixelados, Arcade, Espada, Ritmo Rápido, Um Jogador, 2D, Visão Superior, Combate, Linear"
FPS Performance Lab,"Oct 15, 2026",Indefinido,https://store.steampowered.com/app/5074880/FPS_Performance_Lab/?snr=1_7_7_popularcomingsoon_150_19,"Utilitários, Educativo, Software de Treinamento, Tiro em Primeira Pessoa (FPS), eSports, Teste de Desempenho, Jogos"
SpudFall,"Oct 15, 2026",Indefinido,https://store.steampowered.com/app/4924000/SpudFall/?snr=1_7_7_popularcomingsoon_150_19,"Estratégia, Tiro em Arena, Indie, Arcade, Ação, Plataforma 2D, 2D, Jogador x Jogador (PvP), Casual, Nostalgia, Tanques, Lemmings, Simulação, Combate, Local para 4 Jogadores, Multijogador Local, Multijogador, Um Jogador"
EmberQuest,"Oct 15, 2026",Free,https://store.steampowered.com/app/5328820/EmberQuest/?snr=1_7_7_popularcomingsoon_150_19,"Multijogador Massivo, MMORPG, Aconchegante, Relaxante, Mundo Aberto, Multijogador, RPG de Ação, Cooperativo, Furtivo, Mineração, Gerenciamento de Recursos, Jogador X Ambiente (PvE), Baseado em Classes, Gerenciamento de Inventário, Combate, Casual, Jogador x Jogador (PvP), Você Decide, Personalização de Personagem, Fantasia"
Service Equals Survival,"Oct 15, 2026",Free,https://store.steampowered.com/app/5073320/Service_Equals_Survival/?snr=1_7_7_popularcomingsoon_150_19,"Defesa de Torres, Ação, Estratégia, Estratégia em Tempo Real (RTS), Incremental, Guerra, Roguelike, Um Jogador, Jogo de Guerra, Gratuito para Jogar, Gráficos Pixelados, Visão Superior, Sobrevivência"
Hair Bug,"Oct 15, 2026",Indefinido,https://store.steampowered.com/app/5274400/Hair_Bug/?snr=1_7_7_popularcomingsoon_150_19,"Casual, Arcade, 2D, Fantasia Sombria, Linear, Um Jogador, Indie"
THE GUARDIANS,"Oct 16, 2026",Indefinido,https://store.steampowered.com/app/3025060/THE_GUARDIANS/?snr=1_7_7_popularcomingsoon_150_19,"Voo, Ação / Aventura, Realístico, Cinematográfico, Militar, Um Jogador, Simulação, Tiro em Primeira Pessoa (FPS), Inteligência Artificial, Ficção Científica, Combate Naval, Primeira Pessoa, Ação, Tiro, 3D, Futurista, Seis Graus de Liberdade, Controle, Combate, Combate com Veículos"
Tales of Twin Souls Demo,"Oct 15, 2026",Free,https://store.steampowered.com/app/5268520/Tales_of_Twin_Souls_Demo/?snr=1_7_7_popularcomingsoon_150_19,"Aventura, RPG, Ficção Interativa, Faça o que Quiser, RPG de Estratégia, 2D, Visão Superior, Estilizado, Xianxia, Boa Trama, Indie, Combate em Turnos, Protagonista Mulher, Rico em Diálogos, Um Jogador"
Area 37,"Oct 15, 2026",Indefinido,https://store.steampowered.com/app/2478820/Area_37/?snr=1_7_7_popularcomingsoon_150_19,"Retrô, Tiro, Ação, Gráficos Pixelados, Vários Finais, Indie, Arcade, Câmera Lateral, Mandando Bala, Ritmo Rápido, Plataforma 2D, Plataforma, 2D, Um Jogador, Impiedoso, Ficção Científica, Pós-Apocalíptico, Aventura, Robôs"
LaserWaves,"Oct 15, 2026",Indefinido,https://store.steampowered.com/app/5247290/LaserWaves/?snr=1_7_7_popularcomingsoon_150_19,"Tiro em Arena, Inferno de Balas, Roguelike, Ação, Espacial, Desenhado à Mão, Gráficos Pixelados, Ficção Científica, SHMUP com Visão Superior, Tiro, 2D, Controle, Indie, Combate, Um Jogador"
Survive Wasteland: Her & Me,"Oct 15, 2026",Indefinido,https://store.steampowered.com/app/4971130/Survive_Wasteland_Her__Me/?snr=1_7_7_popularcomingsoon_150_19,"Casual, Estratégia, Um Jogador, Inferno de Balas, Defesa de Torres, Roguelike, Jogo de Guerra, 2D, Aventura, Pós-Apocalíptico, Zumbis, Tanques, Desenho Animado, SHMUP com Visão Superior, Roguelite, Guerra, Relaxante, Sobrevivência"
Genesis - The Original LPMud,"Oct 15, 2026",Free,https://store.steampowered.com/app/4022530/Genesis__The_Original_LPMud/?snr=1_7_7_popularcomingsoon_150_19,"RPG, MMORPG, Escolha a sua Aventura, Baseado em Texto, Multijogador Massivo, Medieval, Personalização de Personagem, Combate, Mundo Aberto, Jogador X Ambiente (PvE), Gratuito para Jogar, Jogador x Jogador (PvP), Boa Trama, Multijogador"
Navy Island Confidential,"Oct 15, 2026",Indefinido,https://store.steampowered.com/app/4153730/Navy_Island_Confidential/?snr=1_7_7_popularcomingsoon_150_19,"Apontar e Clicar, Narrativa, Boa Trama, Relaxante, Paródia, Engraçado, Indie, Para Toda a Família, Exploração, 3D, Visão Superior, Rico em Diálogos, Casual, Linear, Colorido, Mistério, Um Jogador, Aventura"
Not My Son,"Oct 15, 2026",Indefinido,https://store.steampowered.com/app/4656560/Not_My_Son/?snr=1_7_7_popularcomingsoon_150_19,"Terror Psicológico, Terror, Sombrio, Atmosférico, Simulador de Caminhada, Sobrenatural, Mistério, Exploração, Thriller, Boa Trama, Primeira Pessoa, Realístico, Psicológico, Comovente, 3D, Surrealista, Linear, Um Jogador, Indie, Aventura"
Fossil Digger,"Oct 16, 2026",Indefinido,https://store.steampowered.com/app/5314050/Fossil_Digger/?snr=1_7_7_popularcomingsoon_150_20,"Mineração, Colete Tudo, Dinossauros, Objetos Ocultos, Saques, Casual, Exploração, Faça o que Quiser, Aventura, Ação / Aventura, 3D, Primeira Pessoa, Relaxante, Subterrâneo, Indie, Aconchegante, Controle, Realístico, Um Jogador"
Bathyscaphe,"Oct 15, 2026",Indefinido,https://store.steampowered.com/app/5308120/Bathyscaphe/?snr=1_7_7_popularcomingsoon_150_20,"Casual, Aventura, Plataforma, Objetos Ocultos, 2D, Estilizado, Atmosférico, Natureza, Combate, Indie, Física, Um Jogador"
A Game About Opening A Chest,"Oct 16, 2026",Indefinido,https://store.steampowered.com/app/4088850/A_Game_About_Opening_A_Chest/?snr=1_7_7_popularcomingsoon_150_20,"Saques, Incremental, Roguelike, Quebra-Cabeça, Apontar e Clicar, Gerenciamento de Inventário, Pontos, Pontos, Pontos!, Estratégia, Arcade, Fantasia, Dragões, Geração Procedural, Aventura, RPG, Jogos de Azar, Casual, 2D, Um Jogador, Colorido, Gráficos Pixelados"
Alveron - Withering Roots,"Oct 15, 2026",Indefinido,https://store.steampowered.com/app/2358540/Alveron__Withering_Roots/?snr=1_7_7_popularcomingsoon_150_20,"Exploração, Calabouço Misterioso, Jogador X Ambiente (PvE), RPG, RPG de Grupos, JRPG, 2D, Visão Superior, Relaxante, Romance, Espada, Controle, Boa Trama, Linear, Combate em Turnos, Baseado em Equipes, Anime, Desenhado à Mão, Gráficos Pixelados, Fantasia"
100 Cats Lost in Canada 2 Find & Color,"Oct 15, 2026",Indefinido,https://store.steampowered.com/app/3911820/100_Cats_Lost_in_Canada_2_Find__Color/?snr=1_7_7_popularcomingsoon_150_20,"Exploração, Gatos, Plataforma com Quebra-Cabeça, Colorido, Objetos Ocultos, Casual, Incremental, Quebra-Cabeça, Educativo, Romance Visual, 2D, Detetive, Relaxante, Fofo, Para Toda a Família, Indie, Desenhado à Mão, Furtivo, Mistério, Cooperativo"
Echo in the Lightless Deep,"Oct 15, 2026",Indefinido,https://store.steampowered.com/app/5293100/Echo_in_the_Lightless_Deep/?snr=1_7_7_popularcomingsoon_150_20,"Ação, RPG, Roguelike, Arcade, Roguelike de Ação, Inferno de Balas, Roguelite, Paraíso de Balas, 2D, Visão Superior, Atmosférico, Subaquático, Lovecraftiano, Indie, Sombrio, Boa Trama, Morte Permanente, Furtivo, Geração Procedural, Um Jogador"
DeepCorp Rescue Demo,"Oct 15, 2026",Free,https://store.steampowered.com/app/5136050/DeepCorp_Rescue_Demo/?snr=1_7_7_popularcomingsoon_150_20,"Ação, Aventura, Casual, Ação / Aventura, Roguelike de Ação, Exploração, Metroidvania, 2D, Cartunizado, Colorido, Alienígenas, Atmosférico, Medieval, Indie, Ficção Científica, Personalização de Personagem, Controle, Física, Jogador X Ambiente (PvE), Um Jogador"
Dominus Gladiatus,"Nov 5, 2026",Indefinido,https://store.steampowered.com/app/3572090/Dominus_Gladiatus/?snr=1_7_7_popularcomingsoon_150_20,"Gerenciamento, Batalha Automática, Simulação, Roma, Estratégia, Gerenciamento de Recursos, Histórico, Morte Permanente, Desenhado à Mão, Personalização de Personagem, Combate, 2D, Violência Detalhada, Violento, Um Jogador, Estilizado, Economia"
Ignite the Depths,2026,Indefinido,https://store.steampowered.com/app/4910490/Ignite_the_Depths/?snr=1_7_7_popularcomingsoon_150_20,"Cooperativo On-line, Explorador de Calabouços, Fantasia Sombria, Ação, RPG, RPG de Ação, Aventura, Multijogador, Exploração, Mágica, Atmosférico, Ação / Aventura, Roguelike, Hack and Slash, Primeira Pessoa, Fantasia, Um Jogador, Indie, Estilizado, 3D"
AMPANIC,"Oct 15, 2026",Indefinido,https://store.steampowered.com/app/4644170/AMPANIC/?snr=1_7_7_popularcomingsoon_150_20,"Apontar e Clicar, Casual, Gráficos Pixelados, Gerenciamento de Lojas, Fofo, Culinária, Pontos, Pontos, Pontos!, Fabricação, Gerenciamento de Recursos, Indie, Simulação, Cooperativo On-line, Um Jogador, Multijogador"
Gold Digger Demo,"Oct 15, 2026",Free,https://store.steampowered.com/app/5339810/Gold_Digger_Demo/?snr=1_7_7_popularcomingsoon_150_20,"Casual, Simulação, Estratégia, Um Jogador, 2D, Automação, Capitalismo, Aconchegante, Fofo, Economia, Progressão Ociosa, Indie, Incremental, Saques, Natureza, Relaxante, Gerenciamento de Recursos, Visão Superior"
Don Pepe & his Balloons,"Oct 15, 2026",Indefinido,https://store.steampowered.com/app/4079810/Don_Pepe__his_Balloons/?snr=1_7_7_popularcomingsoon_150_20,"Acesso Antecipado, Jogador x Jogador (PvP), Reúna a Galera, 2,5D, Arcade, Terceira Pessoa, Fofo, Engraçado, Controle, Trilha Sonora, Multijogador Local, Linear, Ação, Cartunizado, Desenhado à Mão, Colorido, Para Toda a Família, Combate, Local para 4 Jogadores, Multijogador"
Nullsec: Unauthorized Access Demo,"Oct 15, 2026",Free,https://store.steampowered.com/app/5263390/Nullsec_Unauthorized_Access/?snr=1_7_7_popularcomingsoon_150_20,"Simulação, Hacker, Cyberpunk, Programação, Faça o que Quiser, Simulador Imersivo, Automação, Espionagem, Geração Procedural, Não Linear, Sombrio, Tática em Tempo Real, Exploração, 2D, Minimalista, Estratégia, Estilizado, Baseado em Texto, Crime, Gerenciamento"
Incident 24 Demo,"Oct 15, 2026",Free,https://store.steampowered.com/app/5113410/Incident_24/?snr=1_7_7_popularcomingsoon_150_20,"Ação, Aventura, RPG, Luta 2D, Plataforma 2D, Exploração, Metroidvania, 2D, Desenhado à Mão, Estilizado, Enredo Rico, Futurista, Indie, Wuxia, Ficção Científica, Combate, Gerenciamento de Recursos, Um Jogador"
Isle Forge,"Oct 15, 2026",Indefinido,https://store.steampowered.com/app/2626980/Isle_Forge/?snr=1_7_7_popularcomingsoon_150_20,"Tática em Tempo Real, Estratégia, Simulador de Colônias, Jogo de Divindade, Faça o que Quiser, Natureza, Construção, Simulação, 3D, Visão Superior, Voxel, Relaxante, Colorido, Estilizado, Atmosférico, Um Jogador"
Hackebein's Object Tracking,"Oct 15, 2026",Free,https://store.steampowered.com/app/3140770/Hackebeins_Object_Tracking/?snr=1_7_7_popularcomingsoon_150_20,"Utilitários, Gratuito para Jogar, Animação e Modelagem, Software, RV, Acesso Antecipado"
Void Core,"Oct 16, 2026",Indefinido,https://store.steampowered.com/app/4429440/Void_Core/?snr=1_7_7_popularcomingsoon_150_20,"Progressão Ociosa, Incremental, Espacial, Casual, Gerenciamento, Simulação, Automação, Fabricação, Simulador Espacial, 2D, Relaxante, Linear, Indie, Minimalista, Ficção Científica, Atmosférico, Gerenciamento de Recursos, Um Jogador"
GO DUB YOURSELF!,"Oct 15, 2026",Indefinido,https://store.steampowered.com/app/5232060/GO_DUB_YOURSELF/?snr=1_7_7_popularcomingsoon_150_20,"Casual, Reúna a Galera, 2D, FMV, Engraçado, Editor de Níveis, Comédia, Memes, Cooperativo, Cooperativo Local, Multijogador Local, Multijogador, Cooperativo On-line, Um Jogador"
Melon Rally,"Oct 15, 2026",Indefinido,https://store.steampowered.com/app/4589340/Melon_Rally/?snr=1_7_7_popularcomingsoon_150_20,"Corrida, Física, Corrida Contra o Tempo, Plataforma, Gerenciamento de Tempo, Um Jogador, 3D, Minimalista, Indie, Direção, Simulador Automobilístico"
Giblings,"Oct 15, 2026",Indefinido,https://store.steampowered.com/app/5025950/Giblings/?snr=1_7_7_popularcomingsoon_150_20,"Tiro em Arena, Destruição, Jogador x Jogador (PvP), 2D, Física, Multijogador, Ritmo Rápido, Tiro, Cooperativo On-line, Jogador X Ambiente (PvE), Cooperativo, Engraçado, Baseado em Equipes, Zumbis, Battle Royale, Violento, Ação, Um Jogador, Desenho Animado, Violência Detalhada"
Invaders to Earth,"Oct 15, 2026",Indefinido,https://store.steampowered.com/app/5253480/Invaders_to_Earth/?snr=1_7_7_popularcomingsoon_150_20,"Ação, Tiro, Tiro de Heróis, Voo, 3D, RV, Alienígenas, Combate, Indie, Um Jogador"
らくがきスマッシュ / Doodle Smash,"Oct 15, 2026",Indefinido,https://store.steampowered.com/app/5329870/__Doodle_Smash/?snr=1_7_7_popularcomingsoon_150_20,"Ação, Casual, Luta 2D, Reúna a Galera, Luta Espetacular, 2,5D, Fofo, Colorido, Desenho Animado, Desenhado à Mão, Em Grupos, Para Toda a Família, Engraçado, Indie, Jogador x Jogador (PvP), Personalização de Personagem, Controle, Um Jogador, Multijogador, Local para 4 Jogadores"
Tribal Trouble: Resurrected,"Oct 16, 2026",Free,https://store.steampowered.com/app/3945720/Tribal_Trouble_Resurrected/?snr=1_7_7_popularcomingsoon_150_20,"Estratégia, Estratégia em Tempo Real (RTS), 3D, Multijogador, Tático, Gratuito para Jogar, Jogador x Jogador (PvP), Um Jogador, Visão Superior, Indie, Vikings, Engraçado"
Prey Island,"Oct 15, 2026",Indefinido,https://store.steampowered.com/app/5297390/Prey_Island/?snr=1_7_7_popularcomingsoon_150_20,"Ação, Dinossauros, Aventura, Sobrevivência, Terror de Sobrevivência, Tiro em Terceira Pessoa, Ação / Aventura, Realístico, Terceira Pessoa, Indie, Atmosférico, Combate, Um Jogador"
Vanisha,"Oct 16, 2026",Indefinido,https://store.steampowered.com/app/4555270/Vanisha/?snr=1_7_7_popularcomingsoon_150_20,"Controle com Alavanca Dupla, Mandando Bala, Inferno de Balas, Arcade, Ação, 2D, Indie, Tiro, Retrô, Gráficos Pixelados, Jogador X Ambiente (PvE), Visão Superior, Um Jogador, Controle, Linear, Casual, Estilizado, Ficção Científica, Sokoban, Espacial"
Factory Survival,"Oct 15, 2026",Indefinido,https://store.steampowered.com/app/2966240/Factory_Survival/?snr=1_7_7_popularcomingsoon_150_20,"Automação, Construção de Bases, Sobrevivência, Sobrevivência em Mundo Aberto, Fabricação, Simulação, Aventura, Mundo Aberto, Faça o que Quiser, Construção, Gerenciamento de Recursos, Exploração, Indie, Voxel, Primeira Pessoa, Mineração, Acesso Antecipado, Geração Procedural, Ficção Científica, 3D"
Auto Match Blast,"Oct 15, 2026",Indefinido,https://store.steampowered.com/app/5238540/Auto_Match_Blast/?snr=1_7_7_popularcomingsoon_150_20,"Casual, Combinar 3, Defesa de Torres, Progressão Ociosa, Automação, Apontar e Clicar, Incremental, 2D, Um Jogador, Fofo, Colorido, Estilizado"
Sonders: Beginning of an end,"Oct 15, 2026",Indefinido,https://store.steampowered.com/app/4566960/Sonders_Beginning_of_an_end/?snr=1_7_7_popularcomingsoon_150_20,"Um Jogador, Humor Ácido, 2D, RPG, Gráficos Pixelados, Comédia, Casual, Exploração, Explorador de Calabouços, Objetos Ocultos, Aventura, Luta 2D, Ação / Aventura, Combate em Turnos, Violência Detalhada, Violento, Vários Finais, Linear, Ficção Científica, Fantasia"
Astro beasts Demo,"Oct 15, 2026",Free,https://store.steampowered.com/app/4699150/Astro_beasts/?snr=1_7_7_popularcomingsoon_150_20,"Acesso Antecipado, Tiro em Arena, Roguelike de Ação, Mandando Bala, Inferno de Balas, Reúna a Galera, Multijogador, Roguelite, Porradaria, 2D, Jogador X Ambiente (PvE), Cooperativo On-line, Tiro, Ação, Roguelike, Animais, Um Jogador, Cooperativo, Fofo, Combate"
Angel Investor Simulator™ Demo,"Oct 15, 2026",Free,https://store.steampowered.com/app/5131960/Angel_Investor_Simulator_Demo/?snr=1_7_7_popularcomingsoon_150_20,"Simulação, Capitalismo, Estratégia, Troca, Gerenciamento, Economia, Simulador de Vida Real, Estratégia em Turnos, Incremental, 2D, Cartunizado, Colorido, Fofo, Minimalista, Indie, Estilizado, Gerenciamento de Inventário, Morte Permanente, Geração Procedural, Jogador X Ambiente (PvE)"
PROF-MAN,"Oct 15, 2026",Indefinido,https://store.steampowered.com/app/5300800/PROFMAN/?snr=1_7_7_popularcomingsoon_150_20,"Arcade, Ação, 2D, Visão Superior, Humor Ácido, Terror, Controle, Colorido, Gráficos Pixelados, Estilizado, Pontos, Pontos, Pontos!, Indie, Comédia, Anos 80, Velha-Guarda, Retrô, Um Jogador"
Come Inside It's Cold Out !,"Oct 15, 2026",Indefinido,https://store.steampowered.com/app/5134360/Come_Inside_Its_Cold_Out/?snr=1_7_7_popularcomingsoon_150_20,"Um Jogador, 3D, Indie, Aventura, Atmosférico, Exploração, Protagonista Mulher, Primeira Pessoa, Terror, Investigação, Linear, Mistério, Narrativa, Terror Psicológico, Boa Trama, Terror de Sobrevivência, Thriller, Simulador de Caminhada"
BigFooten,"Oct 15, 2026",Indefinido,https://store.steampowered.com/app/3998120/BigFooten/?snr=1_7_7_popularcomingsoon_150_20,"Aventura, Ação / Aventura, Plataforma 3D, 3D, Para Toda a Família, Ação, Linear, Um Jogador, Fantasia, Engraçado, Lógica, Indie, Quebra-Cabeça, Estilizado, Colete Tudo, Exploração"
Project RedTeam: Contract Offensive,"Oct 15, 2026",Indefinido,https://store.steampowered.com/app/4980910/Project_RedTeam_Contract_Offensive/?snr=1_7_7_popularcomingsoon_150_20,"Hacker, Roguelite, Montagem de Decks, Morte Permanente, RPG Tático, Tática por Turnos, Cartas, Crime, Colorido, Estratégia em Turnos, Jogador X Ambiente (PvE), 2D, Movimento em Grade, Geração Procedural, Batalha com Cartas, Simulação, Ciência, Gerenciamento de Recursos, Minimalista, Gráficos Pixelados"
Three Nights: Moonfall,"Oct 15, 2026",Indefinido,https://store.steampowered.com/app/5012890/Three_Nights_Moonfall/?snr=1_7_7_popularcomingsoon_150_20,"Dedução Social, Lobisomens, Estratégia, Reúna a Galera, Multijogador, Jogador x Jogador (PvP), Casual, Jogo de Tabuleiro, Multijogador Local, Jogo de Mesa, 2D, Detetive, Baseado em Equipes, Indie, Desenhado à Mão, Estilizado, Fantasia Sombria, Medieval, Atmosférico, Mistério"
Silent Wounds - The Doll : Soundtrack,"Oct 15, 2026",Indefinido,https://store.steampowered.com/app/5342610/Silent_Wounds__The_Doll__Soundtrack/?snr=1_7_7_popularcomingsoon_150_20,"Terror, Terror Psicológico, Mistério, Sombrio, Atmosférico, Exploração, Primeira Pessoa, Aventura, Um Jogador, Boa Trama, Trilha Sonora, Quebra-Cabeça, Indie, Thriller"
The Park Keeper Demo,"Oct 15, 2026",Free,https://store.steampowered.com/app/4962360/The_Park_Keeper_Demo/?snr=1_7_7_popularcomingsoon_150_20,"Exploração, Simulador Imersivo, Objetos Ocultos, Faça o que Quiser, Detetive, Gerenciamento, Ação, Simulação, Sobrevivência, Física, Ação / Aventura, 3D, Primeira Pessoa, Aventura, Humor Ácido, Terror, Vários Finais, Mundo Aberto, Indie, Estilizado"
Capybara Clash Demo,"Oct 15, 2026",Free,https://store.steampowered.com/app/4705590/Capybara_Clash/?snr=1_7_7_popularcomingsoon_150_20,"Combate em Turnos, Estratégia em Turnos, Ação, Voxel, Destruição, Multijogador, Multijogador Local, Um Jogador, Terceira Pessoa, Arcade, Engraçado, Fofo, Cartunizado, Combate, Estratégia, Retrô, Tiro, 3D, Reúna a Galera, Colorido"
An Archers Fate Demo,"Oct 15, 2026",Free,https://store.steampowered.com/app/2956780/An_Archers_Fate/?snr=1_7_7_popularcomingsoon_150_20,"2D, Arco e Flecha, Fantasia, Combate, Indie, Ação, Um Jogador, Tiro, Tiro em Arena, Roguelite, Roguelike de Ação, Gráficos Pixelados, Visão Superior"
4DEAD Demo,"Oct 15, 2026",Free,https://store.steampowered.com/app/4172750/4DEAD/?snr=1_7_7_popularcomingsoon_150_20,"Ação, Ação / Aventura, Roguelike de Ação, Fofo, Gráficos Pixelados, Ficção Científica, Alienígenas, Indie, Sobrevivência, Um Jogador"
Five Nights with Maids,"Oct 17, 2026",Indefinido,https://store.steampowered.com/app/4771580/Five_Nights_with_Maids/?snr=1_7_7_popularcomingsoon_150_20,"Conteúdo Sexual, Simulação, Hentai, Anime, Terror, Terror de Sobrevivência, Sobrevivência, 2D, Desenho Animado, Cartunizado, Gerenciamento de Recursos, Um Jogador, Atmosférico, Sombrio, Indie, Apontar e Clicar"
Reversi2048 Demo,"Oct 15, 2026",Free,https://store.steampowered.com/app/4813900/Reversi2048_Demo/?snr=1_7_7_popularcomingsoon_150_20,"Estratégia, Plataforma com Quebra-Cabeça, Quebra-Cabeça, Jogador x Jogador (PvP), Jogo de Tabuleiro, 3D, Fofo, Aconchegante, Indie, Um Jogador, Multijogador"
GreyWake: Project Somnium - Prelude,"Oct 15, 2026",Free,https://store.steampowered.com/app/5247820/GreyWake_Project_Somnium__Prelude/?snr=1_7_7_popularcomingsoon_150_20,"Quebra-Cabeça, Terror, Boa Trama, Indie, Atmosférico, Exploração, Aventura, 3D, Um Jogador, Tiro em Primeira Pessoa (FPS), Primeira Pessoa"
FIND KITTENS 12: Pirates Demo,"Oct 15, 2026",Free,https://store.steampowered.com/app/3989800/FIND_KITTENS_12_Pirates/?snr=1_7_7_popularcomingsoon_150_20,"Objetos Ocultos, Casual, Quebra-Cabeça, Apontar e Clicar, 2D, Aventura, Fofo, Relaxante, Aconchegante, Colorido, Gatos, Indie, Piratas, Medieval, Um Jogador"
Auryalis,"Oct 15, 2026",Indefinido,https://store.steampowered.com/app/4936870/Auryalis/?snr=1_7_7_popularcomingsoon_150_20,"Aventura, RPG, RPG de Ação, 2D, Colorido, Fantasia, Combate, Fabricação, Indie, Acesso Antecipado, Um Jogador"
Chobots - Your Family Game,"Oct 15, 2026",Free,https://store.steampowered.com/app/5196510/Chobots__Your_Family_Game/?snr=1_7_7_popularcomingsoon_150_20,"Educativo, Casual, MMORPG, Personalização de Personagem, Aventura, 2D, Controle, Combate em Turnos, Multijogador Massivo, Economia, Espacial, Robôs, Alienígenas, Indie, Gratuito para Jogar, Decoração, Combate, Gerenciamento de Inventário, Cooperativo On-line"
Three Nights: Moonfall - Blood Moon Edition,"Oct 15, 2026",Indefinido,https://store.steampowered.com/app/5332230/Three_Nights_Moonfall__Blood_Moon_Edition/?snr=1_7_7_popularcomingsoon_150_20,"Estratégia, Indie, Casual"
Rats Survivors Demo,"Oct 15, 2026",Free,https://store.steampowered.com/app/4925940/Rats_Survivors_Demo/?snr=1_7_7_popularcomingsoon_150_20,"Aventura, Ação, Casual, Roguelike, Roguelike de Ação, Roguelike Tradicional, Roguelite, 2D, Cartunizado, Colorido, Visão Superior, Animais, Atmosférico, Indie, Comovente, Comédia, Geração Procedural, Gerenciamento de Inventário, Não Linear, Rico em Diálogos"
Tactics Arena,"Oct 16, 2026",Free,https://store.steampowered.com/app/5255210/Tactics_Arena/?snr=1_7_7_popularcomingsoon_150_20,"Estratégia, Estratégia em Turnos, Tática por Turnos, Estilizado, Fantasia, Combate, Movimento em Grade, Jogador X Ambiente (PvE), Jogador x Jogador (PvP), Gratuito para Jogar, Indie, Combate em Turnos, Multijogador, Um Jogador"
Deadly Dimensions: First Expedition,"Oct 15, 2026",Free,https://store.steampowered.com/app/4342400/Deadly_Dimensions_First_Expedition/?snr=1_7_7_popularcomingsoon_150_20,"Aventura, Um Jogador, Primeira Pessoa, Terror de Sobrevivência, Atmosférico, Ação, Roguelite, Impiedoso, Gerenciamento de Recursos, Protagonista Mudo, 3D, Linear, Estilizado, Distópico, Indie, Ficção Científica, Pontos, Pontos, Pontos!, Futurista, Roguelike, Furtivo"
Supermarket Guard Simulator,"Oct 16, 2026",Indefinido,https://store.steampowered.com/app/3720580/Supermarket_Guard_Simulator/?snr=1_7_7_popularcomingsoon_150_21,"Simulação, Ação, Gerenciamento, Casual, Crime, Indie, Simulador de Vida Real, Exploração, Comédia, Ação / Aventura, Tiro em Primeira Pessoa (FPS), Automação, Engraçado, Simulador de Emprego, Primeira Pessoa, Combate, Faça o que Quiser, Gerenciamento de Lojas, Simulador Imersivo, Um Jogador"
Mr. Prepper - Mountaineer DLC,"Oct 17, 2026",Indefinido,https://store.steampowered.com/app/3864280/Mr_Prepper__Mountaineer_DLC/?snr=1_7_7_popularcomingsoon_150_21,"Sobrevivência, Simulação, Construção de Bases, Fabricação, Aventura, Gerenciamento, Gerenciamento de Recursos, Indie, RPG, Casual, Subterrâneo, Apontar e Clicar, Ação, 2,5D, Simulador de Vida Real, Um Jogador, Exploração, Economia, Atmosférico, Realístico"
A Dungeon Is You,"Oct 16, 2026",Indefinido,https://store.steampowered.com/app/2944490/A_Dungeon_Is_You/?snr=1_7_7_popularcomingsoon_150_21,"Progressão Ociosa, Incremental, Defesa de Torres, Batalha Automática, Gerenciamento, Estratégia, Gerenciamento de Recursos, Subterrâneo, Construção de Bases, RPG, Jogador X Ambiente (PvE), Construção, Fantasia, Fabricação, Simulação, 2D, Gráficos Pixelados, Visão Superior, Automação, Fantasia Sombria"
Burdock 2 Demo,"Oct 15, 2026",Free,https://store.steampowered.com/app/3802920/Burdock_2/?snr=1_7_7_popularcomingsoon_150_21,"Terror, Pós-Apocalíptico, Vários Finais, Exploração, Aventura, Terror Psicológico, Primeira Pessoa, Psicodélico, Saques, Quebra-Cabeça, Atmosférico, Sombrio, Futurista, Realístico, Espacial, História Alternativa, Natureza, Explorador de Calabouços, Roguelite, Tiro"
Solo Build Leveling,"Oct 16, 2026",Indefinido,https://store.steampowered.com/app/4351100/Solo_Build_Leveling/?snr=1_7_7_popularcomingsoon_150_21,"Ação, Roguelike de Ação, Inferno de Balas, Tiro, Combate, Zumbis, 2,5D, Aventura, RPG, Um Jogador, Tiro com Saques"
KAEBON,"Oct 16, 2026",Indefinido,https://store.steampowered.com/app/5245250/KAEBON/?snr=1_7_7_popularcomingsoon_150_21,"Terror, Apontar e Clicar, Terror Psicológico, Quebra-Cabeça, Boa Trama, Exploração, Aventura, Gerenciamento de Tempo, 2D, Você Decide, Vários Finais, Thriller, Investigação, Mistério, Sombrio, Gerenciamento de Recursos, Um Jogador, Indie"
Rock Hunter,"Oct 15, 2026",Indefinido,https://store.steampowered.com/app/5338290/Rock_Hunter/?snr=1_7_7_popularcomingsoon_150_21,"Incremental, Progressão Ociosa, Tiro, Primeira Pessoa, Simulação, Um Jogador, Destruição, Indie"
Catch the Octopus,"Oct 16, 2026",Indefinido,https://store.steampowered.com/app/4952840/Catch_the_Octopus/?snr=1_7_7_popularcomingsoon_150_21,"Casual, Reúna a Galera, Multijogador, Jogador x Jogador (PvP), Furtivo, Engraçado, Combate, Fofo, Desenho Animado, Animais, Ação, Indie, Para Toda a Família, Primeira Pessoa, Terceira Pessoa, Comédia"
Dynastia FC,"Oct 16, 2026",Free,https://store.steampowered.com/app/5199830/Dynastia_FC/?snr=1_7_7_popularcomingsoon_150_21,"Simulação, Esportes, Incremental, Futebol, 2D, Um Jogador, Gratuito para Jogar, Indie"
Sleep Walk,"Oct 16, 2026",Indefinido,https://store.steampowered.com/app/4904470/Sleep_Walk/?snr=1_7_7_popularcomingsoon_150_21,"Simulação, Simulador de Caminhada, Simulador Imersivo, Cinematográfico, Primeira Pessoa, Sombrio, Psicológico, Surrealista, Indie, Casual, Rico em Diálogos, Boa Trama, Um Jogador"
Tiny Monster Village,"Oct 16, 2026",Indefinido,https://store.steampowered.com/app/3450540/Tiny_Monster_Village/?snr=1_7_7_popularcomingsoon_150_21,"Acesso Antecipado, Casual, Indie, Progressão Ociosa, Construção, Relaxante, Natureza, Pesca, Mineração, Construção de Bases, Construção de Cidades, Gráficos Pixelados, Automação, Simulador Rural, Incremental, Cartunizado, Um Jogador, 2D, Plataforma 2D, Simulação"
Bonsai Life,"Oct 16, 2026",Indefinido,https://store.steampowered.com/app/5116050/Bonsai_Life/?snr=1_7_7_popularcomingsoon_150_21,"Simulador Imersivo, Gerenciamento de Lojas, Faça o que Quiser, Construção de Cidades, Construção, Economia, Gerenciamento, Natureza, Construção de Bases, Simulador Rural, Personalização de Personagem, 2D, Fofo, Visão Superior, Aconchegante, Casual, Simulação, Relaxante, Aventura, Gráficos Pixelados"
Deadlock,To be announced,Indefinido,https://store.steampowered.com/app/1422450/Deadlock/?snr=1_7_7_popularcomingsoon_150_21,"MOBA, Tiro em Terceira Pessoa, Multijogador, Tiro de Heróis, Baseado em Equipes, Competitivo, Tiro, Terceira Pessoa, Ação, Jogador x Jogador (PvP), Gratuito para Jogar, Acesso Antecipado, Estratégia, Cooperativo On-line, Tático, Cooperativo, Engraçado, Conteúdo Sexual, Fofo, LGBTQIA+"
SOLEMNFABLE,"Oct 16, 2026",Indefinido,https://store.steampowered.com/app/5007740/SOLEMNFABLE/?snr=1_7_7_popularcomingsoon_150_21,"RPG, Tática por Turnos, Quebra-Cabeça, RPG de Grupos, Aventura, Visão Superior, Escolha a sua Aventura, LGBTQIA+, Boa Trama, Combate em Turnos, Gráficos Pixelados, Espacial, Eventos Rápidos, Um Jogador"
Robot City: Delivery,"Oct 16, 2026",Indefinido,https://store.steampowered.com/app/5077250/Robot_City_Delivery/?snr=1_7_7_popularcomingsoon_150_21,"Casual, Aventura, Arcade, Plataforma, Plataforma 3D, Câmera Lateral, Corredor, 3D, Anime, Visão Superior, Fofo, Colorido, Futurista, Do Bem, Cyberpunk, Indie, Espacial, Ficção Científica, Relaxante, Robôs"
Platformino,"Oct 16, 2026",Indefinido,https://store.steampowered.com/app/5281430/Platformino/?snr=1_7_7_popularcomingsoon_150_21,"Plataforma com Quebra-Cabeça, Quebra-Cabeça, Lógica, Plataforma 2D, Impiedoso, Indie, Minimalista, Um Jogador, Plataforma, 2D, Ação, Casual"
PeeVPee,"Nov 3, 2026",Indefinido,https://store.steampowered.com/app/5086460/PeeVPee/?snr=1_7_7_popularcomingsoon_150_21,"Cooperativo On-line, Comédia, Cooperativo, Indie, Jogador X Ambiente (PvE), Faça o que Quiser, Estilizado, Ação, Reúna a Galera, Colorido, Física, Um Jogador, Atmosférico, Engraçado, Casual, Controle, Jogador x Jogador (PvP), 3D, Cartunizado, Combate"
Minus Zero,"Oct 16, 2026",Indefinido,https://store.steampowered.com/app/5293240/Minus_Zero/?snr=1_7_7_popularcomingsoon_150_21,"Aventura, Sobrevivência, Fabricação, Escolha a sua Aventura, Natureza, Ação, RPG, Faça o que Quiser, Construção, Exploração, 3D, Primeira Pessoa, Realístico, Mundo Aberto, Terceira Pessoa, Gerenciamento, Alienígenas, Indie, Inteligência Artificial, Rural"
TAKE MY BOMB,"Oct 16, 2026",Indefinido,https://store.steampowered.com/app/5134730/TAKE_MY_BOMB/?snr=1_7_7_popularcomingsoon_150_21,"Multijogador, Jogador x Jogador (PvP), Casual, Colorido, Ação, Reúna a Galera, Plataforma 3D, 3D, Cooperativo On-line, Terceira Pessoa, Cooperativo, Para Toda a Família, Indie, Acesso Antecipado"
Meowgic Laundry Demo,"Oct 16, 2026",Free,https://store.steampowered.com/app/5087800/Meowgic_Laundry/?snr=1_7_7_popularcomingsoon_150_21,"Roguelike Tradicional, Estratégia, Batalha com Cartas, Roguelite, Cartas, Casual, Roguelike, 2D, Visão Superior, Relaxante, Montagem de Decks, Você Decide, Fantasia, Gatos, Mágica, Desenho Animado, Limpeza, Eventos Rápidos, Um Jogador"
Clash of Crests - Dangers and Wonders,"Oct 16, 2026",Indefinido,https://store.steampowered.com/app/5304050/Clash_of_Crests__Dangers_and_Wonders/?snr=1_7_7_popularcomingsoon_150_21,"Estratégia, Ação, Aventura, Casual"
Video Store Chaos,"Oct 16, 2026",Indefinido,https://store.steampowered.com/app/5140100/Video_Store_Chaos/?snr=1_7_7_popularcomingsoon_150_21,"Quebra-Cabeça, Simulação, Colete Tudo, 3D, Relaxante, Organização, Um Jogador, Indie"
"Höllenburg, Hell Castle","Oct 16, 2026",Indefinido,https://store.steampowered.com/app/4796230/Hollenburg_Hell_Castle/?snr=1_7_7_popularcomingsoon_150_21,"Ação, Aventura, Ação / Aventura, Arcade, Plataforma 2D, Exploração, Metroidvania, 2D, Gráficos Pixelados, Demônios, Violência Detalhada, Indie, Fantasia Sombria, Segunda Guerra Mundial, Não Linear, Um Jogador"
Demon Face Punching Club,"Oct 16, 2026",Free,https://store.steampowered.com/app/5242290/Demon_Face_Punching_Club/?snr=1_7_7_popularcomingsoon_150_21,"Ação, Ritmo, Demônios, RV, Roguelike, Estilizado, Um Jogador, Primeira Pessoa, Gratuito para Jogar, Roguelite, Psicodélico"
Sparky Rush: Purrils in Pawsville!,"Oct 16, 2026",Indefinido,https://store.steampowered.com/app/3592020/Sparky_Rush_Purrils_in_Pawsville/?snr=1_7_7_popularcomingsoon_150_21,"Terror Psicológico, Boa Trama, Terror, Psicológico, Retrô, Anos 90, Plataforma 3D, Velha-Guarda, Cartunizado, Indie, História Alternativa, Mistério, Desenvolvimento de Jogos, Um Jogador, Narrativa, Atmosférico, Aventura, Surrealista, Quebra-Cabeça, Terceira Pessoa"
Gravity Vector,"Oct 16, 2026",Indefinido,https://store.steampowered.com/app/5213050/Gravity_Vector/?snr=1_7_7_popularcomingsoon_150_21,"Câmera Lateral, SHMUP com Visão Superior, Paraíso de Balas, Controle com Alavanca Dupla, Espacial, Ação, Simulação, Tutorial, Física, Simulador Espacial, Arcade, 2D, 3D, Visão Superior, Controle, Geração Procedural, Ficção Científica, Atmosférico, Velha-Guarda, Alienígenas"
Waste Your Time,"Oct 16, 2026",Indefinido,https://store.steampowered.com/app/5315480/Waste_Your_Time/?snr=1_7_7_popularcomingsoon_150_21,"Casual, Progressão Ociosa, Indie, Simulação, Incremental, Minimalista, Relaxante, 2D, Engraçado, Aconchegante, Atmosférico, Abstrato, Um Jogador, Sátira, Colorido, Pontos, Pontos, Pontos!, Experimental, Arcade, Estilizado, Colete Tudo"
Blue Ridge Hunting,"Oct 20, 2026",Indefinido,https://store.steampowered.com/app/2434930/Blue_Ridge_Hunting/?snr=1_7_7_popularcomingsoon_150_21,"Terror, Cooperativo On-line, Primeira Pessoa, Multijogador, Terror de Sobrevivência, Exploração, Jogador X Ambiente (PvE), Baseado em Equipes, Mitologia, Campanha Cooperativa, Cooperativo, Indie, Investigação, Ação / Aventura, Acesso Antecipado, Ação, 3D, Retrô, Caça, Estilizado"
TohoKids,"Oct 16, 2026",Indefinido,https://store.steampowered.com/app/3475450/TohoKids/?snr=1_7_7_popularcomingsoon_150_21,"Escolha a sua Aventura, Jogo de Cartas, RPG, Progressão Ociosa, Romance Visual, Simulador de Vida Real, 3D, Fofo, 2D, Casual, Voxel, Terceira Pessoa, Boa Trama, Vários Finais, Aventura, Abstrato, Atmosférico, Cinematográfico, Um Jogador, Indie"
Athanasia,"Oct 19, 2026",Indefinido,https://store.steampowered.com/app/1761910/Athanasia/?snr=1_7_7_popularcomingsoon_150_21,"Acesso Antecipado, Simulador Imersivo, Dinossauros, Tiro em Primeira Pessoa (FPS), Exploração, Protagonista Mulher, Ação, Tiro, Primeira Pessoa, Terror, Retrô, Terror de Sobrevivência, Ficção Científica, Viagem no Tempo, 3D, Inteligência Artificial, Combate, Gerenciamento de Inventário, Não Linear, Gerenciamento de Recursos"
Desklings,"Oct 16, 2026",Indefinido,https://store.steampowered.com/app/5327670/Desklings/?snr=1_7_7_popularcomingsoon_150_21,"Companheiro de Área de Trabalho, Progressão Ociosa, Coleção de Criaturas, Fofo, Casual, Aconchegante, Simulação, Relaxante, Colete Tudo, Simulador de Vida Real, Personalização de Personagem, 2D, Do Bem, Geração Procedural, Indie, Cartunizado, Colorido, Para Toda a Família, Decoração, Um Jogador"
Break Order,"Oct 16, 2026",Indefinido,https://store.steampowered.com/app/5240710/Break_Order/?snr=1_7_7_popularcomingsoon_150_21,"Estratégia, Tática por Turnos, Quebra-Cabeça, Jogo de Mesa, Indie, 2D, Combate em Turnos, Tático, Pontos, Pontos, Pontos!, Minimalista, Física, Um Jogador, Alta Rejogabilidade"
Mercenaries Of Vector,"Oct 16, 2026",Indefinido,https://store.steampowered.com/app/5202090/Mercenaries_Of_Vector/?snr=1_7_7_popularcomingsoon_150_21,"Tiro em Primeira Pessoa (FPS), Ação, Tiro em Terceira Pessoa, Tiro, Ação / Aventura, 3D, Anos 80, Retrô, Indie, Simulação, Combate, Um Jogador"
Dino Dome: Tidy Up!,"Oct 16, 2026",Indefinido,https://store.steampowered.com/app/5221770/Dino_Dome_Tidy_Up/?snr=1_7_7_popularcomingsoon_150_21,"Simulação, Casual, Organização, Aconchegante, Dinossauros, Colete Tudo, Inteligência Artificial, Relaxante, Limpeza, Para Toda a Família, Exploração, Colorido, Quebra-Cabeça, Indie, Física, 3D, Fofo, Primeira Pessoa, Do Bem, Estilizado"
Ducking Grenades,"Oct 16, 2026",Indefinido,https://store.steampowered.com/app/2934660/Ducking_Grenades/?snr=1_7_7_popularcomingsoon_150_21,"Plataforma de Precisão, Câmera Lateral, Plataforma 2D, Plataforma, Ação / Aventura, 2D, Ação, Controle, Não Linear, Gráficos Pixelados, Militar, Tutorial, Física, Destruição, Futurista, Combate, Um Jogador, Jogador X Ambiente (PvE), Aventura, Indie"
House Zero,"Oct 16, 2026",Free,https://store.steampowered.com/app/1825840/House_Zero/?snr=1_7_7_popularcomingsoon_150_21,"Casual, Estratégia, Multijogador, Progressão Ociosa, 2D, Arcade, Cartas, Pôquer, Jogos de Azar, Dados, Jogador X Ambiente (PvE), Jogador x Jogador (PvP), Um Jogador, Gratuito para Jogar"
Studs Up! Win Ugly,"Oct 16, 2026",Indefinido,https://store.steampowered.com/app/5281580/Studs_Up_Win_Ugly/?snr=1_7_7_popularcomingsoon_150_21,"Esportes, Porradaria, Futebol, Jogador x Jogador (PvP), Ação, Morte Permanente, Jogador X Ambiente (PvE), Arcade, 2D, Humor Ácido, Controle, Gráficos Pixelados, Violência Detalhada, Violento, Indie, Gerenciamento, Economia, Comédia, Retrô, Multijogador"
Coldline: Disconnect Demo,"Oct 16, 2026",Free,https://store.steampowered.com/app/4667970/Coldline_Disconnect/?snr=1_7_7_popularcomingsoon_150_21,"Simulação, Quebra-Cabeça, Apontar e Clicar, 2D, Gráficos Pixelados, Indie, Distópico, Retrô, Guerra Fria, Vários Finais, Boa Trama, Você Decide, Um Jogador, Alta Rejogabilidade, Gerenciamento de Tempo"
Midnight Flare Demo,"Oct 16, 2026",Free,https://store.steampowered.com/app/5325810/Midnight_Flare_Demo/?snr=1_7_7_popularcomingsoon_150_21,"Apontar e Clicar, Quebra-Cabeça, Objetos Ocultos, 2D, Atmosférico, Humor Ácido, Mistério, Surrealista, Casual, Cartunizado, Narração Dinâmica, Terror Psicológico, Psicológico, Primeira Pessoa, Um Jogador, Indie, Fofo, Aventura"
There is Cake in the Break Room,"Oct 16, 2026",Indefinido,https://store.steampowered.com/app/5114500/There_is_Cake_in_the_Break_Room/?snr=1_7_7_popularcomingsoon_150_21,"Casual, Objetos Ocultos, Aconchegante, Vários Finais, Cartunizado, Primeira Pessoa, Quebra-Cabeça, Simulador de Caminhada, Mistério, 3D, Minimalista, Aventura, Indie, Capitalismo, Relaxante, Controle, Um Jogador"
Manorbound,"Oct 16, 2026",Indefinido,https://store.steampowered.com/app/5175950/Manorbound/?snr=1_7_7_popularcomingsoon_150_21,"Exploração, Quebra-Cabeça, Aventura, Ação / Aventura, 3D, Isométrico, Controle, Vários Finais, Mistério, Indie, Combate, Um Jogador"
Spirit Gems - Supporter Pack,"Oct 16, 2026",Indefinido,https://store.steampowered.com/app/5307150/Spirit_Gems__Supporter_Pack/?snr=1_7_7_popularcomingsoon_150_21,"Estratégia, Gratuito para Jogar, RPG, Indie, Casual, Simulação"
Money Burner,"Oct 16, 2026",Indefinido,https://store.steampowered.com/app/5226760/Money_Burner/?snr=1_7_7_popularcomingsoon_150_21,"Incremental, Casual, Simulação, Arcade, 3D, Aconchegante, Engraçado, Relaxante, Indie, Estilizado, Um Jogador"
Country Walk Demo,"Oct 16, 2026",Free,https://store.steampowered.com/app/5076630/Country_Walk_Demo/?snr=1_7_7_popularcomingsoon_150_21,"Casual, Simulação, Simulador de Caminhada, Exploração, 3D, Estilizado, Atmosférico, Aconchegante, Comovente, Indie, Para Toda a Família, Mistério, Natureza, Relaxante, Retrô, Você Decide, Controle, Boa Trama, Um Jogador"
Diceminoes,"Oct 16, 2026",Indefinido,https://store.steampowered.com/app/4999210/Diceminoes/?snr=1_7_7_popularcomingsoon_150_21,"Estratégia, Roguelite, Jogo de Tabuleiro, Jogo de Mesa, Roguelike, Casual, Visão Superior, Aconchegante, Controle, Cartunizado, Estilizado, Lógica, Tático, Um Jogador, Dados"
Season Island,"Oct 16, 2026",Indefinido,https://store.steampowered.com/app/3046230/Season_Island/?snr=1_7_7_popularcomingsoon_150_21,"Apontar e Clicar, Romance Visual, Aventura, 2D, Ficção Interativa, Distópico, Boa Trama, Enredo Rico, Quebra-Cabeça, Fantasia Sombria, Casual, Colorido, Engraçado, Terror, Detetive, Fofo, Mágica, Linear, Cartunizado, Relaxante"
Brand Nacht,"Oct 16, 2026",Free,https://store.steampowered.com/app/4795560/Brand_Nacht/?snr=1_7_7_popularcomingsoon_150_21,"Simulador de Caminhada, Exploração, Atmosférico, Sátira, Comédia, Boa Trama, Simulação, Curta-Metragem, Humor Ácido, Estilizado, Investigação, 3D, Primeira Pessoa, Gratuito para Jogar, Psicológico, Um Jogador, Desenhado à Mão, Engraçado, Ficção Interativa"
Studs Up! Win Ugly Demo,"Oct 16, 2026",Free,https://store.steampowered.com/app/5281580/Studs_Up_Win_Ugly/?snr=1_7_7_popularcomingsoon_150_21,"Esportes, Porradaria, Futebol, Jogador x Jogador (PvP), Ação, Morte Permanente, Jogador X Ambiente (PvE), Arcade, 2D, Humor Ácido, Controle, Gráficos Pixelados, Violência Detalhada, Violento, Indie, Gerenciamento, Economia, Comédia, Retrô, Multijogador"
Baron,"Oct 20, 2026",Indefinido,https://store.steampowered.com/app/2679790/Baron/?snr=1_7_7_popularcomingsoon_150_21,"Acesso Antecipado, Crime, Boa Trama, Ação, Tiro em Terceira Pessoa, Exploração, Tiro em Primeira Pessoa (FPS), Direção, Tiro, RPG de Ação, Ação / Aventura, Personalização de Personagem, RPG, Primeira Pessoa, Terceira Pessoa, Noir, Você Decide, Realístico, Aventura, Colorido"
"I Was Summoned to Another World, but All I Do Is Organize a Run-Down Village","Oct 16, 2026",Indefinido,https://store.steampowered.com/app/5269420/I_Was_Summoned_to_Another_World_but_All_I_Do_Is_Organize_a_RunDown_Village/?snr=1_7_7_popularcomingsoon_150_21,"Simulação, JRPG, Gerenciamento de Lojas, Colete Tudo, 3D, Anime, Aconchegante, Comédia, Decoração, Engraçado, Aventura, Indie, Limpeza, Mágica, Boa Trama, Um Jogador"
DiceBeast Demo,"Oct 16, 2026",Free,https://store.steampowered.com/app/4859940/DiceBeasts/?snr=1_7_7_popularcomingsoon_150_22,"Estratégia, Batalha Automática, Cartas, Roguelike, Coleção de Criaturas, Roguelite, 2D, Gráficos Pixelados, Relaxante, Montagem de Decks, Combate em Turnos, Acesso Antecipado, Um Jogador, Dados, Jogo de Tabuleiro, Alta Rejogabilidade, Só Mouse"
Planet Forge,"Oct 16, 2026",Indefinido,https://store.steampowered.com/app/5285290/Planet_Forge/?snr=1_7_7_popularcomingsoon_150_22,"Exploração, Simulador Imersivo, Espacial, Simulação, Simulador Espacial, Jogo de Divindade, Simulador de Vida Real, 3D, Terceira Pessoa, Mundo Aberto, Realístico, Acesso Antecipado, Atmosférico, Multijogador, Um Jogador, Cooperativo, Cooperativo On-line"
SCRAPWAVE,"Oct 16, 2026",Indefinido,https://store.steampowered.com/app/5319290/SCRAPWAVE/?snr=1_7_7_popularcomingsoon_150_22,"Ação, Roguelike de Ação, Paraíso de Balas, Roguelite, 3D, Terceira Pessoa, Mechas, Robôs, Indie, Sobrevivência, Personalização de Personagem, Um Jogador"
Sparkle Mouse,"Oct 16, 2026",Indefinido,https://store.steampowered.com/app/5077340/Sparkle_Mouse/?snr=1_7_7_popularcomingsoon_150_22,"Utilitários, Design e Ilustração, Retrô, Fofo, Nostalgia, Companheiro de Área de Trabalho"
Purranoia,"Oct 16, 2026",Indefinido,https://store.steampowered.com/app/4103280/Purranoia/?snr=1_7_7_popularcomingsoon_150_22,"Roguelike de Ação, Paraíso de Balas, Roguelite, Jogador X Ambiente (PvE), Roguelike, 2D, História em Quadrinhos, Fofo, Controle, Ação, Casual, Desenhado à Mão, Gatos, Ficção Científica, Ciência, Pontos, Pontos, Pontos!, Sobrevivência, Animais, Robôs, Desenho Animado"
Whale Life Simulator Demo,"Oct 16, 2026",Free,https://store.steampowered.com/app/5053250/Whale_Life_Simulator_Demo/?snr=1_7_7_popularcomingsoon_150_22,"Simulação, Simulador de Vida Real, Simulador de Passatempo, Jogo de Guerra, Simulador Imersivo, 3D, Primeira Pessoa, Realístico, Guerra, Tático, Moderno, Gerenciamento, Indie, Sátira, Gerenciamento de Inventário, Mundo Aberto, Tutorial, Gerenciamento de Recursos, Um Jogador"
Mendicant Sea,"Oct 16, 2026",Indefinido,https://store.steampowered.com/app/5204680/Mendicant_Sea/?snr=1_7_7_popularcomingsoon_150_22,"Simulador Imersivo, Colete Tudo, Coleção de Criaturas, Progressão Ociosa, Batalha Automática, Economia, Gerenciamento, Jogador x Jogador (PvP), Troca, Simulador de Vida Real, Jogo de Divindade, 2D, 3D, Isométrico, Enredo Rico, Surrealista, Estratégia, Cyberpunk, Casual, Simulação"
Tin Can Escape Plan,"Oct 16, 2026",Indefinido,https://store.steampowered.com/app/4996760/Tin_Can_Escape_Plan/?snr=1_7_7_popularcomingsoon_150_22,"Roguelike, Ação, Inferno de Balas, Arcade, Espacial, Roguelike de Ação, Você Decide, Geração Procedural, Um Jogador, Gráficos Pixelados, Indie, 2D, Retrô, Ficção Científica, Futurista"
Punch Rush,"Oct 16, 2026",Indefinido,https://store.steampowered.com/app/5262650/Punch_Rush/?snr=1_7_7_popularcomingsoon_150_22,"Ação, Arcade, Plataforma 2D, Roguelite, Corredor, Câmera Lateral, 2D, Anime, Gráficos Pixelados, Cyberpunk, Combate, Um Jogador"
Dak Quest Demo,"Oct 16, 2026",Free,https://store.steampowered.com/app/5144110/Dak_Quest_Demo/?snr=1_7_7_popularcomingsoon_150_22,"Aventura, Casual, Arcade, Exploração, Corredor, 3D, Colorido, Fofo, Estilizado, História Alternativa, Construção, Indie, Para Toda a Família, Fantasia, Futurista, Ficção Científica, Linear, Um Jogador"
Hide & Swipe,"Oct 16, 2026",Indefinido,https://store.steampowered.com/app/5055370/Hide__Swipe/?snr=1_7_7_popularcomingsoon_150_22,"Reúna a Galera, Casual, Jogador x Jogador (PvP), Desenho Animado, Multijogador, Física, Objetos Ocultos, Terceira Pessoa, Engraçado, Comédia, Fofo, Cartunizado, 3D, Estilizado, Um Jogador, Indie"
Bathyscaphe,"Oct 16, 2026",Indefinido,https://store.steampowered.com/app/5332070/Bathyscaphe/?snr=1_7_7_popularcomingsoon_150_22,"Casual, Aventura, Roguelike, Exploração, Estilizado, Atmosférico, Lovecraftiano, Gerenciamento, Indie, Simulação, Gerenciamento de Recursos, Um Jogador"
Sparkle Mouse Demo,"Oct 16, 2026",Free,https://store.steampowered.com/app/5077340/Sparkle_Mouse/?snr=1_7_7_popularcomingsoon_150_22,"Utilitários, Design e Ilustração, Retrô, Fofo, Nostalgia, Companheiro de Área de Trabalho"
A Simple job 2 Demo,"Oct 16, 2026",Free,https://store.steampowered.com/app/5304940/A_Simple_job_2_Demo/?snr=1_7_7_popularcomingsoon_150_22,"Simulador de Caminhada, Casual, Vários Finais, Aventura, Comédia, Sátira, Exploração, 3D, Primeira Pessoa, Indie, Realístico, Atmosférico, Comovente, Inteligência Artificial, Mistério, Humor Pesado, Engraçado, Sobrenatural, Você Decide, Um Jogador"
Coin and Banner,"Oct 16, 2026",Indefinido,https://store.steampowered.com/app/5294660/Coin_and_Banner/?snr=1_7_7_popularcomingsoon_150_22,"RPG de Estratégia, Faça o que Quiser, Medieval, Mundo Aberto, Tempo Real com Pausa, Gerenciamento, RPG de Grupos, Morte Permanente, RPG, Gráficos Pixelados, Estratégia, Você Decide, Guerra, RPG Tático, Simulação, 2D, Um Jogador, Indie, Geração Procedural, Economia"
Nuclear Apocalypse Merchant Simulator Demo,"Oct 16, 2026",Free,https://store.steampowered.com/app/4396710/Nuclear_Apocalypse_Merchant_Simulator_Demo/?snr=1_7_7_popularcomingsoon_150_22,"Simulador Imersivo, Simulação, Pós-Apocalíptico, Simulador de Vida Real, Gerenciamento de Recursos, Aventura, Gerenciamento de Lojas, Primeira Pessoa, Psicodélico, Realístico, Atmosférico, Gerenciamento, Indie, Moderno, Surrealista, Sobrevivência, Você Decide, Um Jogador, Economia"
Dawn of Irkalla,"Oct 16, 2026",Indefinido,https://store.steampowered.com/app/3517330/Dawn_of_Irkalla/?snr=1_7_7_popularcomingsoon_150_22,"Acesso Antecipado, Explorador de Calabouços, Roguelite, Terror, Jogador X Ambiente (PvE), Ação / Aventura, Exploração, 3D, Primeira Pessoa, Você Decide, Boa Trama, Ação, Furtivo, Baseado em Classes, Saques, Atmosférico, Mistério, Sobrevivência, Aventura, Sombrio"
Terradune,"Oct 16, 2026",Indefinido,https://store.steampowered.com/app/3454780/Terradune/?snr=1_7_7_popularcomingsoon_150_22,"2D, RPG, Um Jogador, Jogador X Ambiente (PvE), Combate, Boa Trama, Indie, Aventura, Mistério, Controle, RPG de Ação, Ação / Aventura, Visão Superior, Exploração, Saques, Casual, Mágica, Ação"
Hallow,"Oct 16, 2026",Free,https://store.steampowered.com/app/4946250/Hallow/?snr=1_7_7_popularcomingsoon_150_22,"3D, Ação, Mistério, Casual, Quebra-Cabeça, Exploração, Atmosférico, Fofo, Controle, Gráficos Pixelados, Um Jogador, Gratuito para Jogar, Terceira Pessoa"
Flecto,"Oct 16, 2026",Indefinido,https://store.steampowered.com/app/4143420/Flecto/?snr=1_7_7_popularcomingsoon_150_22,"Estratégia, Casual, Quebra-Cabeça, 2D, Ficção Científica, Minimalista, Um Jogador, Futurista, Colorido, Abstrato, Para Toda a Família, Lógica, Linear, Só Mouse, Controle por Toque"
CountryClicker: The very good demo,"Oct 16, 2026",Free,https://store.steampowered.com/app/5058880/CountryClicker/?snr=1_7_7_popularcomingsoon_150_22,"Simulação, Incremental, Casual, Economia, 2D, Arcade, Apontar e Clicar, Cartunizado, Gráficos Pixelados, Colorido, Capitalismo, Indie, Linear, Um Jogador"
Spirit Gems,"Oct 16, 2026",Free,https://store.steampowered.com/app/5304340/Spirit_Gems/?snr=1_7_7_popularcomingsoon_150_22,"Progressão Ociosa, Incremental, Coleção de Criaturas, RPG, Estratégia, Colete Tudo, Automação, Casual, Simulação, Gerenciamento de Tempo, Economia, Gerenciamento, Medieval, 2D, Fofo, Aconchegante, Gratuito para Jogar, Indie, Anime, Colorido"
DEADLUCK V,"Oct 16, 2026",Indefinido,https://store.steampowered.com/app/5257920/DEADLUCK_V/?snr=1_7_7_popularcomingsoon_150_22,"Estratégia, Pôquer, Estratégia em Turnos, Roguelike, Gráficos Pixelados, Estilizado, Fantasia Sombria, Pontos, Pontos, Pontos!, Atmosférico, Retrô, Indie, Gerenciamento de Recursos, Um Jogador, Dados"
Et le grain mourut Demo,"Oct 16, 2026",Free,https://store.steampowered.com/app/5310290/Et_le_grain_mourut_Demo/?snr=1_7_7_popularcomingsoon_150_22,"Ficção Interativa, Romance Visual, Histórico, LGBTQIA+, Romance, Casual, Você Decide, Boa Trama, Desenhado à Mão, Baseado em Texto, Fofo, 2D, Colorido, Gratuito para Jogar, Indie, Estilizado, Fantasia, Comovente, Retrô, Sobrenatural"
Bloody Duke Demo,"Oct 16, 2026",Free,https://store.steampowered.com/app/4997900/Bloody_Duke_Demo/?snr=1_7_7_popularcomingsoon_150_22,"Exploração, RPG, Hack and Slash, Soulslike, Ficção Interativa, Jogador X Ambiente (PvE), RPG de Ação, Ação / Aventura, Ação, 2,5D, Aconchegante, Enredo Rico, Aventura, Pós-Apocalíptico, Controle, Rico em Diálogos, Vários Finais, Violento, Mundo Aberto, Indie"
Rogoz Fishing Demo,"Oct 16, 2026",Free,https://store.steampowered.com/app/4832370/Rogoz_Fishing/?snr=1_7_7_popularcomingsoon_150_22,"Simulação, Pesca, Relaxante, Natureza, Realístico, Esportes, Um Jogador, Simulador Imersivo, Exploração, Atmosférico, Para Toda a Família, Casual, Mundo Aberto, Simulador Rural, Simulador de Vida Real, Primeira Pessoa, 3D"
Astronomy3D: Artemis II,"Oct 16, 2026",Indefinido,https://store.steampowered.com/app/4637850/Astronomy3D_Artemis_II/?snr=1_7_7_popularcomingsoon_150_22,"Simulação, Aventura, Casual, Espacial, Simulador Espacial, Educativo, Software, Ciência, Exploração, Simulador Imersivo, Design e Ilustração, Natureza, Plataforma 3D, 3D, Indie, Cinematográfico, Primeira Pessoa, Realístico, Atmosférico, Futurista"
Village Invaders,"Oct 16, 2026",Indefinido,https://store.steampowered.com/app/5273150/Village_Invaders/?snr=1_7_7_popularcomingsoon_150_22,"Estratégia, Roguelite, Tática em Tempo Real, Batalha Automática, Tático, Ação, Indie, Medieval, Defesa de Torres, Gerenciamento de Recursos, 3D, Isométrico, Estilizado, Acesso Antecipado, Guerra, Um Jogador"
ANOMALITH,"Oct 28, 2026",Indefinido,https://store.steampowered.com/app/4017880/ANOMALITH/?snr=1_7_7_popularcomingsoon_150_22,"Terror de Sobrevivência, Ação, Anos 80, Psicológico, Terror Psicológico, Surrealista, Tiro, Sobrenatural, Tiro em Terceira Pessoa, RPG de Ação, Fantasia Sombria, Investigação, Sombrio, Sobrevivência, RPG, Protagonista Mulher, Exploração, Objetos Ocultos, Luta Espetacular, Anime"
Penguin Colony Soundtrack and Director's Commentary,"Oct 16, 2026",Indefinido,https://store.steampowered.com/app/5289930/Penguin_Colony_Soundtrack_and_Directors_Commentary/?snr=1_7_7_popularcomingsoon_150_22,Sem gênero
Inertia 2: Definitive Edition Demo,"Oct 16, 2026",Free,https://store.steampowered.com/app/4699990/Inertia_2_Definitive_Edition/?snr=1_7_7_popularcomingsoon_150_22,"Tiro em Primeira Pessoa (FPS), Parkour, Plataforma de Precisão, Plataforma 3D, Editor de Níveis, Ação, Ritmo Rápido, Pontos, Pontos, Pontos!, Competitivo, Plataforma, Arcade, Acesso Antecipado, 3D, Primeira Pessoa, Controle, Alta Rejogabilidade, Abstrato, Minimalista, Estilizado, Para Toda a Família"
Age of Borders: WW3,"Oct 16, 2026",Indefinido,https://store.steampowered.com/app/5338320/Age_of_Borders_WW3/?snr=1_7_7_popularcomingsoon_150_22,"Estratégia, Grande Estratégia, Jogo de Guerra, Visão Superior, História Alternativa, Militar, Histórico, Você Decide, Indie, Acesso Antecipado, Um Jogador, 3D"
Cozy Game Restoration,"Nov 4, 2026",Indefinido,https://store.steampowered.com/app/3581230/Cozy_Game_Restoration/?snr=1_7_7_popularcomingsoon_150_22,"Limpeza, Gerenciamento de Inventário, Casual, Aconchegante, Simulador de Vida Real, Relaxante, Simulação, Atmosférico, Colete Tudo, Organização, Um Jogador, Fabricação, Simulador Imersivo, Anos 90, Física, Simulador de Emprego, Primeira Pessoa, Saques, Visão Superior, 3D"
Super Cuber,"Oct 17, 2026",Indefinido,https://store.steampowered.com/app/4398300/Super_Cuber/?snr=1_7_7_popularcomingsoon_150_22,"Estratégia, Tática em Tempo Real, Quebra-Cabeça, Personalização de Personagem, Controle, Casual, Simulação, 3D, Colorido, Voxel, Lógica, Tático, Um Jogador"
Inkpress,"Oct 16, 2026",Indefinido,https://store.steampowered.com/app/4950180/Inkpress/?snr=1_7_7_popularcomingsoon_150_22,"Casual, Indie, Quebra-Cabeça, Minimalista, Lógica, Um Jogador, Atmosférico, Relaxante, Aconchegante, Movimento em Grade, Só Mouse, Impiedoso, 2D, Colorido, Abstrato, Estilizado, Do Bem, Para Toda a Família"
Bonds of Flame and Fate Demo,"Oct 16, 2026",Free,https://store.steampowered.com/app/5229210/Bonds_of_Flame_and_Fate_Demo/?snr=1_7_7_popularcomingsoon_150_22,"Casual, Simulação, Simulador de Encontros, Ficção Interativa, Romance Visual, Escolha a sua Aventura, 2D, Anime, Colorido, Fofo, Primeira Pessoa, Baseado em Texto, Dragões, Elfos, Comovente, Indie, Fantasia, LGBTQIA+, Mágica, Romance"
Trivasion Demo,"Oct 16, 2026",Free,https://store.steampowered.com/app/1782800/Trivasion/?snr=1_7_7_popularcomingsoon_150_22,"Ação, Arcade, Inferno de Balas, 2D, Abstrato, Colorido, Minimalista, Psicodélico, Ficção Científica, Espacial, Sobrevivência, Tático, Indie, Controle, Linear, Geração Procedural, Pontos, Pontos, Pontos!, Um Jogador"
For Our King Demo,"Oct 16, 2026",Free,https://store.steampowered.com/app/5152770/For_Our_King_Demo/?snr=1_7_7_popularcomingsoon_150_22,"Tática em Tempo Real, RPG, Estratégia, Roguelike, Roguelite, Batalha Automática, Ação, Defesa de Torres, Jogador X Ambiente (PvE), 2D, Fofo, Visão Superior, Indie, Colorido, Gráficos Pixelados, Fantasia, Mágica, Medieval, Tático, Baseado em Classes"
Grandpa Loves Trains Demo,"Oct 16, 2026",Free,https://store.steampowered.com/app/4967480/Grandpa_Loves_Trains_Demo/?snr=1_7_7_popularcomingsoon_150_22,"Progressão Ociosa, Incremental, Roguelite, Automação, Construção, Economia, Gerenciamento, Casual, Simulação, Trens, Simulador Automobilístico, Apontar e Clicar, Indie, Roguelike, 3D, Um Jogador, Fofo, Aconchegante, Relaxante, Cartunizado"
"Please, Tell Me Why? Demo","Oct 16, 2026",Free,https://store.steampowered.com/app/4860400/Please_Tell_Me_Why/?snr=1_7_7_popularcomingsoon_150_22,"Protagonista Mulher, Realístico, Terror, 3D, Anime, Investigação, Simulador Imersivo, Colorido, Vários Finais, Terror Psicológico, Atmosférico, Aventura, Simulador de Vida Real, Você Decide, Exploração, Boa Trama, Um Jogador, Primeira Pessoa, Indie, Violento"
One More Flight Demo,"Oct 16, 2026",Free,https://store.steampowered.com/app/4529770/One_More_Flight/?snr=1_7_7_popularcomingsoon_150_22,"Terror Psicológico, Vários Finais, Escolha a sua Aventura, Gerenciamento de Tempo, Quebra-Cabeça, Protagonista Mulher, 2D, Aventura, Fofo, Surrealista, Boa Trama, Não Linear, Manipulação de Tempo, Você Decide, Gráficos Pixelados, Colorido, Violência Detalhada, Violento, Indie, Atmosférico"
Belgo Odyssey,"Oct 16, 2026",Indefinido,https://store.steampowered.com/app/5296070/Belgo_Odyssey/?snr=1_7_7_popularcomingsoon_150_22,"Ação, Aventura, Indie, Sátira, Arcade, Tiro, 2D, Mandando Bala"
Sketch Defense,"Oct 16, 2026",Indefinido,https://store.steampowered.com/app/5342270/Sketch_Defense/?snr=1_7_7_popularcomingsoon_150_22,"Defesa de Torres, Estratégia, Desenhado à Mão, Tática em Tempo Real, Jogador x Jogador (PvP), Jogador X Ambiente (PvE), 2D, Visão Superior, Engraçado, Cartunizado, Pontos, Pontos, Pontos!, Indie, Casual, Comédia, Gerenciamento de Recursos, Multijogador, Um Jogador"
Backstabbers Demo,"Oct 16, 2026",Free,https://store.steampowered.com/app/4916640/Backstabbers/?snr=1_7_7_popularcomingsoon_150_22,"Estratégia, Cartas, Multijogador, Casual, Jogador x Jogador (PvP), Reúna a Galera, Jogo de Tabuleiro, Jogo de Mesa, Estratégia em Turnos, Tática por Turnos, 3D, Engraçado, Indie, Tático, Primeira Pessoa, Comédia, Thriller, Sombrio, Estilizado"
Harrowed World: Dracula Fallen Demo,"Oct 16, 2026",Free,https://store.steampowered.com/app/5263690/Harrowed_World_Dracula_Fallen_Demo/?snr=1_7_7_popularcomingsoon_150_22,"Vampiros, Ficção Interativa, Indie, RPG, Escolha a sua Aventura, Baseado em Texto, Gótico, Moderno, Terror, Boa Trama, Enredo Rico, RPG de Ação, Ação / Aventura, Atmosférico, Você Decide, Aventura, Distópico, Sobrenatural, Vários Finais, Fantasia Sombria"
Wizard: Goat To Hell Demo,"Oct 16, 2026",Free,https://store.steampowered.com/app/4866300/Wizard_Goat_To_Hell/?snr=1_7_7_popularcomingsoon_150_22,"Aventura, RPG, Plataforma, Plataforma 2D, 2D, Gráficos Pixelados, Fantasia Sombria, Fantasia, Personalização de Personagem, Combate, Indie, Controle, Cooperativo, Multijogador, Um Jogador"
How To Ride Elevator Like A Human Demo,"Oct 17, 2026",Free,https://store.steampowered.com/app/5274060/How_To_Ride_Elevator_Like_A_Human_Demo/?snr=1_7_7_popularcomingsoon_150_22,"Casual, Estratégia, Quebra-Cabeça, Sokoban, 3D, Cartunizado, Alienígenas, Espacial, Indie, Linear, Um Jogador"
Bruisers 2D Boxing,"Oct 21, 2026",Indefinido,https://store.steampowered.com/app/3740090/Bruisers_2D_Boxing/?snr=1_7_7_popularcomingsoon_150_22,"Acesso Antecipado, RPG, Boxe, Esportes, 2D, Gráficos Pixelados, Luta 2D, Crime, Jogos de Azar, Controle, Retrô, Arcade, Sombrio, Gerenciamento, Personalização de Personagem, Escolha a sua Aventura, Realístico, Combate, Cinematográfico, Você Decide"
A Sister's Journey,"Oct 20, 2026",Indefinido,https://store.steampowered.com/app/1730790/A_Sisters_Journey/?snr=1_7_7_popularcomingsoon_150_22,"Metroidvania, Ação, Exploração, Plataforma de Precisão, Mandando Bala, Impiedoso, Aventura, Gráficos Pixelados, Boa Trama, Atmosférico, Fantasia, Um Jogador, Colorido, Conspiração, Mundo Aberto, Ação / Aventura, 2D, Plataforma, Câmera Lateral, Mistério"
Folk-Tography,"Oct 20, 2026",Indefinido,https://store.steampowered.com/app/4941420/FolkTography/?snr=1_7_7_popularcomingsoon_150_22,"Aventura, Casual, Reúna a Galera, Coleção de Criaturas, Sobrevivência, Mistério, Fofo, Desenho Animado, Cartunizado, Colorido, 3D, Aconchegante, Primeira Pessoa, Estilizado, Atmosférico, Indie, Acesso Antecipado, Enredo Rico, Terror, Sobrenatural"
NumeNume,"Oct 17, 2026",Indefinido,https://store.steampowered.com/app/5186540/NumeNume/?snr=1_7_7_popularcomingsoon_150_23,"Casual, Reúna a Galera, Ação, Objetos Ocultos, Dedução Social, Jogador x Jogador (PvP), 2D, Fofo, Visão Superior, Indie, Para Toda a Família, Multijogador, Um Jogador"
Phantom Line: Prologue,"Oct 26, 2026",Free,https://store.steampowered.com/app/5088140/Phantom_Line_Prologue/?snr=1_7_7_popularcomingsoon_150_23,"Tiro em Primeira Pessoa (FPS), Cooperativo, Jogador X Ambiente (PvE), Tático, Terror Psicológico, Mundo Aberto, Exploração, Realístico, Simulador Imersivo, Faça o que Quiser, Terror, Tiro, Ação / Aventura, Ação, Terror de Sobrevivência, Primeira Pessoa, Pós-Apocalíptico, Personalização de Armas, Distópico, Militar"
Big Dig,"Oct 19, 2026",Indefinido,https://store.steampowered.com/app/4304900/Big_Dig/?snr=1_7_7_popularcomingsoon_150_23,"Incremental, Mineração, Narrativa, Progressão Ociosa, Casual, Relaxante, Animais, Simulação, Estratégia, Colete Tudo, Objetos Ocultos, 2D, Cartunizado, Boa Trama, Fofo, Minimalista, Indie, Gráficos Pixelados, Gerenciamento, Para Toda a Família"
Loop Dungeon - Incremental,"Oct 19, 2026",Indefinido,https://store.steampowered.com/app/4621970/Loop_Dungeon__Incremental/?snr=1_7_7_popularcomingsoon_150_23,"Simulação, Incremental, Casual, Progressão Ociosa, Gerenciamento, Um Jogador, Relaxante, Estratégia, Batalha Automática, Tático, Colorido, Gráficos Pixelados, Arcade, 2D, Combate, Gerenciamento de Tempo, Economia, Fofo, Indie, Saques"
Tidy Up the Royal Armory,October 2026,Indefinido,https://store.steampowered.com/app/5169440/Tidy_Up_the_Royal_Armory/?snr=1_7_7_popularcomingsoon_150_23,"Casual, Organização, Relaxante, Simulação, Quebra-Cabeça, Colete Tudo, 3D, Primeira Pessoa, Estilizado, Medieval, Gerenciamento de Inventário, Pontos, Pontos, Pontos!, Cooperativo, Um Jogador"
Fire Crew Simulator,"Oct 22, 2026",Indefinido,https://store.steampowered.com/app/4012160/Fire_Crew_Simulator/?snr=1_7_7_popularcomingsoon_150_23,"Ação, Simulação, Voo, Realístico, Direção, Casual, Terceira Pessoa, Indie, Natureza, Física, Estratégia, Controle, Um Jogador, Espacial, Mundo Aberto, Multijogador, Simulador Automobilístico, Moderno, Faça o que Quiser, Ação / Aventura"
Cielvia-Inherited By Defeat-,"Oct 19, 2026",Indefinido,https://store.steampowered.com/app/4835610/CielviaInherited_By_Defeat/?snr=1_7_7_popularcomingsoon_150_23,"Paraíso de Balas, Roguelite, Ação, Protagonista Mulher, Luta Espetacular, RPG, RPG de Ação, Fantasia Sombria, Ação / Aventura, Medieval, Controle, Visão Superior, 2D, Anime, Fantasia, Pontos, Pontos, Pontos!, Combate, Mágica, Um Jogador"
AS ABOVE SO BELOW,"Oct 18, 2026",Indefinido,https://store.steampowered.com/app/1709330/AS_ABOVE_SO_BELOW/?snr=1_7_7_popularcomingsoon_150_23,"Acesso Antecipado, Exploração, Tiro em Primeira Pessoa (FPS), Tiro em Terceira Pessoa, Ficção Interativa, Faça o que Quiser, Jogador X Ambiente (PvE), Jogador x Jogador (PvP), Tutorial, Personalização de Personagem, Protagonista Mulher, 3D, Primeira Pessoa, Terceira Pessoa, História Alternativa, Guerra Fria, Detetive, Histórico, Enredo Rico, Pós-Apocalíptico"
Sort Inc.,"Oct 21, 2026",Indefinido,https://store.steampowered.com/app/4989530/Sort_Inc/?snr=1_7_7_popularcomingsoon_150_23,"Casual, Simulação, Organização, Relaxante, Aconchegante, Simulador de Emprego, Do Bem, Fofo, Gerenciamento de Lojas, Decoração, Apontar e Clicar, Indie, 2D, Para Toda a Família, Gerenciamento de Inventário, Jogo de Mesa, Quebra-Cabeça, Colorido, Simulador de Passatempo, Desenhado à Mão"
Laid-Back Camp All -in -one!! Chill Time,"Oct 22, 2026",Indefinido,https://store.steampowered.com/app/5063150/LaidBack_Camp_All_in_one_Chill_Time/?snr=1_7_7_popularcomingsoon_150_23,"Casual, Simulação, Colete Tudo, 3D, Fofo, Anime, Aconchegante, Natureza, Atmosférico, Personalização de Personagem, Fabricação, Um Jogador, Multijogador, Cooperativo On-line, Cooperativo, Faça o que Quiser, Utilitários, Gerenciamento de Tempo, Relaxante"
METRO 2039,"Feb 4, 2027",Indefinido,https://store.steampowered.com/app/2590240/METRO_2039/?snr=1_7_7_popularcomingsoon_150_23,"Ação, Aventura, Pós-Apocalíptico, Tiro em Primeira Pessoa (FPS), Tiro, Primeira Pessoa, Sombrio, Ação / Aventura, Um Jogador, Boa Trama, Cinematográfico, Terror, Sobrevivência, História Alternativa, Violência Detalhada, Distópico, Violento, Mundo Aberto, Linear, Terror Psicológico"
DEMONS' NIGHT FEVER,"Oct 22, 2026",$39.99,https://store.steampowered.com/app/3502620/DEMONS_NIGHT_FEVER/?snr=1_7_7_popularcomingsoon_150_23,"RPG, JRPG, RPG Tático, Anime, Tática por Turnos, Um Jogador, Simulação, Estratégia"
Studio Sim,"Oct 19, 2026",Indefinido,https://store.steampowered.com/app/4516210/Studio_Sim/?snr=1_7_7_popularcomingsoon_150_23,"Simulação, Gerenciamento, Baseado em Texto, Gerenciamento de Tempo, Faça o que Quiser, Economia, Capitalismo, Não Linear, Você Decide, Gerenciamento de Inventário, Gerenciamento de Recursos, Casual, Simulador Político, Compatível com Mods, Indie, Estratégia, Simulador Imersivo, Minimalista, Estilizado, Anos 80"
Corpo Dog Demo,"Oct 18, 2026",Free,https://store.steampowered.com/app/5092620/Corpo_Dog/?snr=1_7_7_popularcomingsoon_150_23,"Ação, Defesa de Torres, Roguelike, Tiro em Primeira Pessoa (FPS), Primeira Pessoa, 3D, Cyberpunk, Jogador X Ambiente (PvE), Estratégia, Indie, Combate, Um Jogador"
DECISIVE DECKS,"Oct 18, 2026",Indefinido,https://store.steampowered.com/app/5324490/DECISIVE_DECKS/?snr=1_7_7_popularcomingsoon_150_23,"Montagem de Decks Roguelike, Montagem de Decks, Combate em Turnos, Segunda Guerra Mundial, Combate Naval, Batalha com Cartas, Roguelite, Cartas, Estratégia em Turnos, Gerenciamento de Recursos, Estratégia, Militar, Histórico, Naval, Um Jogador"
ZONE L.O.S.T.,"Oct 30, 2026",Indefinido,https://store.steampowered.com/app/4420660/ZONE_LOST/?snr=1_7_7_popularcomingsoon_150_23,"Terror, Cooperativo On-line, Ação, Multijogador, Comédia, Baseado em Equipes, Cooperativo, Física, Primeira Pessoa, 3D, Reúna a Galera, Ação / Aventura, Geração Procedural, Exploração, Aventura, Objetos Ocultos, Indie, Ficção Científica, Sobrevivência, Terror de Sobrevivência"
Kings Call 2,"Oct 19, 2026",Free,https://store.steampowered.com/app/4491130/Kings_Call_2/?snr=1_7_7_popularcomingsoon_150_23,"Estratégia, Luta 2D, Cartas, Estratégia em Turnos, Plataforma 2D, Batalha com Cartas, Tática em Tempo Real, Jogo de Cartas, 2D, Medieval, Retrô, Fantasia, Jogador x Jogador (PvP), Gratuito para Jogar, RPG, Multijogador Massivo, Tática por Turnos, Montagem de Decks, Um Jogador, Cooperativo"
BALL x PIT: Risen Ballbylon,"Nov 12, 2026",Indefinido,https://store.steampowered.com/app/4008250/BALL_x_PIT_Risen_Ballbylon/?snr=1_7_7_popularcomingsoon_150_23,"Ação, Roguelite, Arcade, Roguelike, Inferno de Balas, Roguelike de Ação, Mandando Bala, SHMUP com Visão Superior, Gráficos Pixelados, 2D, Visão Superior, Construção, Construção de Bases, Fabricação, Paraíso de Balas, Indie, Um Jogador, Combate, Controle, Progressão Ociosa"
EVERYONE'S TIER LIST!,November 2026,Indefinido,https://store.steampowered.com/app/4921660/EVERYONES_TIER_LIST/?snr=1_7_7_popularcomingsoon_150_23,"Casual, Reúna a Galera, Multijogador, Cooperativo On-line, Editor de Níveis, 2D, Comédia, Engraçado, Indie, Cooperativo, Jogo de Palavras"
I Am Your Beast - Quitting Time DLC,"Oct 20, 2026",Indefinido,https://store.steampowered.com/app/4578110/I_Am_Your_Beast__Quitting_Time_DLC/?snr=1_7_7_popularcomingsoon_150_23,"Ação, Violência Detalhada, Violento"
Warding Witches,"Oct 19, 2026",Indefinido,https://store.steampowered.com/app/3536520/Warding_Witches/?snr=1_7_7_popularcomingsoon_150_23,"Inferno de Balas, Mandando Bala, Arcade, Ação, 2D, Anime, Cooperativo Local, Protagonista Mulher, Impiedoso, Tiro, Gráficos Pixelados, Cooperativo, Multijogador Local, Indie, Multijogador, Um Jogador"
Grid Demon Demo,"Oct 18, 2026",Free,https://store.steampowered.com/app/4817760/Grid_Demon/?snr=1_7_7_popularcomingsoon_150_23,"Inferno de Balas, Roguelike de Ação, SHMUP com Visão Superior, Cyberpunk, Ação, Roguelite, Um Jogador, Tiro, Visão Superior, Sobrevivência, Ficção Científica, Controle com Alavanca Dupla, Indie, Arcade, 2D, Roguelike, Sombrio, Distópico, Futurista, Paraíso de Balas"
Remothered: Red Nun's Legacy,"Oct 27, 2026",Indefinido,https://store.steampowered.com/app/3335310/Remothered_Red_Nuns_Legacy/?snr=1_7_7_popularcomingsoon_150_23,"Terror de Sobrevivência, Terror Psicológico, Protagonista Mulher, Atmosférico, Violência Detalhada, Terror, Ação, Exploração, Boa Trama, Aventura, Terceira Pessoa, Um Jogador, Cinematográfico, 3D, Violento, Mistério, Sobrenatural, Sobrevivência, Sombrio, Quebra-Cabeça"
GemCraft - Legacy Collection,"Oct 21, 2026",Indefinido,https://store.steampowered.com/app/4207990/GemCraft__Legacy_Collection/?snr=1_7_7_popularcomingsoon_150_23,"Estratégia, Defesa de Torres, Impiedoso, Visão Superior, Tático, Casual, Fantasia, 2D, Estratégia em Tempo Real (RTS), Quebra-Cabeça, Ação, RPG, Mágica, Gerenciamento de Recursos, Medieval, Movimento em Grade, Fantasia Sombria, Minimalista, Indie, Um Jogador"
Cutout Village,"Oct 21, 2026",Indefinido,https://store.steampowered.com/app/3907910/Cutout_Village/?snr=1_7_7_popularcomingsoon_150_23,"Acesso Antecipado, Simulador de Passatempo, Construção de Cidades, Construção, Aconchegante, Relaxante, Fabricação, Simulação, Gerenciamento, Casual, Para Toda a Família, Fofo, Indie, Simulador Imersivo, Colete Tudo, Gerenciamento de Recursos, Um Jogador, Desenhado à Mão, Comovente, 3D"
The Next Room Demo,"Oct 18, 2026",Free,https://store.steampowered.com/app/4906360/The_Next_Room/?snr=1_7_7_popularcomingsoon_150_23,"Roguelike de Ação, Exploração, Tiro em Primeira Pessoa (FPS), Tiro em Arena, Roguelite, Morte Permanente, Tiro, Luta 3D, Estratégia, 3D, Primeira Pessoa, Terceira Pessoa, Relaxante, Vários Finais, Geração Procedural, Ação, Espacial, Tático, Casual, Fabricação"
Idle Commander Demo,"Oct 18, 2026",Free,https://store.steampowered.com/app/5233310/Idle_Commander_Demo/?snr=1_7_7_popularcomingsoon_150_23,"Estratégia, Casual, Simulação, Progressão Ociosa, Aventura, Batalha Automática, Indie, Luta 2D, Coleção de Criaturas, 2D, Surrealista, Fantasia, Personalização de Personagem, Gerenciamento de Inventário, Combate, Você Decide, Um Jogador"
Marupoyo: The Round Chick's Adventure Demo,"Oct 18, 2026",Free,https://store.steampowered.com/app/4355110/Marupoyo_The_Round_Chicks_Adventure/?snr=1_7_7_popularcomingsoon_150_23,"Quebra-Cabeça, Plataforma, Ação, Arcade, Aventura, 3D, História em Quadrinhos, Fofo, Visão Superior, Controle, Indie, Colorido, Um Jogador, Plataforma com Quebra-Cabeça"
Vauren's BeastBorn Demo,"Oct 18, 2026",Free,https://store.steampowered.com/app/5064720/Vaurens_BeastBorn/?snr=1_7_7_popularcomingsoon_150_23,"Estratégia, Batalha com Cartas, Jogador x Jogador (PvP), Cartas, 2D, Combate em Turnos, Montagem de Decks, Ficção Científica, Fantasia Sombria, Mágica, Indie, Tático, Multijogador, Gratuito para Jogar"
Coastal Cargo Demo,"Oct 18, 2026",Free,https://store.steampowered.com/app/4549920/Coastal_Cargo/?snr=1_7_7_popularcomingsoon_150_23,"Estratégia, Simulação, Quebra-Cabeça, Gerenciamento, Transportes, Naval, 2D, Visão Superior, Indie, Estilizado, Um Jogador"
Cyan Moon - The Simulation Program Demo,"Oct 18, 2026",Free,https://store.steampowered.com/app/5176400/Cyan_Moon__The_Simulation_Program/?snr=1_7_7_popularcomingsoon_150_23,"Simulação, Casual, Geração Procedural, Indie, Faça o que Quiser, Experimental, Relaxante, 2D, Abstrato, Acesso Antecipado, Um Jogador"
Frogs Jump Together,"Oct 19, 2026",Indefinido,https://store.steampowered.com/app/5339070/Frogs_Jump_Together/?snr=1_7_7_popularcomingsoon_150_23,"Multijogador, Cooperativo On-line, Cooperativo, Aventura, Multijogador Massivo, Baseado em Equipes, Simulador Imersivo, RPG de Ação, Relaxante, Fofo, Um Jogador, Plataforma, Indie"
AstroPoly Demo,"Oct 19, 2026",Free,https://store.steampowered.com/app/5230720/AstroPoly_Demo/?snr=1_7_7_popularcomingsoon_150_23,"Mineração, Simulador Espacial, Simulação, 2D, Aventura, Câmera Lateral, Espacial, Geração Procedural, Gráficos Pixelados, Colete Tudo, Exploração, Economia, Gerenciamento de Inventário, Gerenciamento de Recursos, Um Jogador"
You Are Empty: Absolute Edition,"Oct 27, 2026",Indefinido,https://store.steampowered.com/app/4760480/You_Are_Empty_Absolute_Edition/?snr=1_7_7_popularcomingsoon_150_23,"Tiro em Primeira Pessoa (FPS), Tiro, 3D, Linear, Ação, Primeira Pessoa, Guerra Fria, Humor Pesado, Humor Ácido, Transumanismo, Histórico, Um Jogador, Primeira Guerra Mundial, Velha-Guarda, Sátira, Sombrio, Distópico, Fantasia Sombria, Conspiração, Cinematográfico"
Demonator,"Oct 19, 2026",Indefinido,https://store.steampowered.com/app/5293950/Demonator/?snr=1_7_7_popularcomingsoon_150_23,"Aventura, Ação, Simulador de Caminhada, Ação / Aventura, Objetos Ocultos, Hack and Slash, Corredor, Colete Tudo, 3D, Realístico, Indie, Furtivo, Sobrevivência, Tático, Um Jogador, Luta"
缚于邪神低语的少女 TheWhisperingGodBoundGirl Demo,"Oct 19, 2026",Free,https://store.steampowered.com/app/5166380/_TheWhisperingGodBoundGirl_Demo/?snr=1_7_7_popularcomingsoon_150_23,"Casual, RPG, Aventura, Romance Visual, Simulador de Encontros, Jogo de Palavras, Tiro em Primeira Pessoa (FPS), Plataforma 2D, Anime, Fofo, 2D, Primeira Pessoa, Cartunizado, Cinematográfico, Desenho Animado, Indie, Romance, Atmosférico, Engraçado, Relaxante"
Under Canopies,"Oct 23, 2026",Indefinido,https://store.steampowered.com/app/2939510/Under_Canopies/?snr=1_7_7_popularcomingsoon_150_23,"Acesso Antecipado, Sobrevivência em Mundo Aberto, Sobrevivência, Mundo Aberto, Aventura, Simulação, Indie, Ação, Simulador Rural, Simulador de Vida Real, Exploração, 3D, Cartunizado, Colorido, Primeira Pessoa, Estilizado, Construção, Relaxante, Atmosférico, Fabricação"
Hollow Warden,"Oct 19, 2026",Indefinido,https://store.steampowered.com/app/5019880/Hollow_Warden/?snr=1_7_7_popularcomingsoon_150_23,"Detetive, Crime, Noir, Terror Psicológico, Terceira Pessoa, Casual, Terror, Boa Trama, Atmosférico, Investigação, Ficção Interativa, Anos 90, Sobrenatural, Simulador Imersivo, 3D, Aventura, Jogador X Ambiente (PvE), Ação, Ação / Aventura, Indie"
Hustle,"Oct 19, 2026",Indefinido,https://store.steampowered.com/app/5218590/Hustle/?snr=1_7_7_popularcomingsoon_150_23,"Sobrevivência em Mundo Aberto, Gráficos Pixelados, Sobrevivência, Fabricação, Exploração, Combate, Construção, Incremental, Ação, Destruição, Casual, 2,5D, Faça o que Quiser, Aventura, Ação / Aventura, Economia, Engraçado, Construção de Bases, Mundo Aberto, 2D"
Blooming Parasite Demo,"Oct 19, 2026",Free,https://store.steampowered.com/app/4925700/Blooming_Parasite/?snr=1_7_7_popularcomingsoon_150_23,"Terror, Terror Psicológico, Terror de Sobrevivência, Atmosférico, Ficção Científica, Primeira Pessoa, Thriller, Boa Trama, Sombrio, Furtivo, Exploração, Sobrevivência, Violência Detalhada, Mistério, Um Jogador, Aventura, Indie, Ação"
It's A Flop Demo,"Oct 19, 2026",Free,https://store.steampowered.com/app/4618940/Its_A_Flop/?snr=1_7_7_popularcomingsoon_150_23,"Casual, Multijogador Local, Em Grupos, Cartunizado, Arcade, Local para 4 Jogadores, Para Toda a Família, Multijogador, Física, Engraçado, Esportes, Estilizado, Um Jogador, Reúna a Galera, 3D, Jogador x Jogador (PvP), Controle, Indie, Minijogos, Personalização de Personagem"
Serial Founder Demo,"Oct 19, 2026",Free,https://store.steampowered.com/app/5304490/Serial_Founder_Demo/?snr=1_7_7_popularcomingsoon_150_23,"Estratégia, Romance Visual, Simulação, Gerenciamento, Simulador de Vida Real, 2D, Baseado em Texto, Vários Finais, Anime, Indie, Comédia, Gerenciamento de Recursos, Um Jogador"
Undergone Demo,"Oct 19, 2026",Free,https://store.steampowered.com/app/4315710/Undergone_Demo/?snr=1_7_7_popularcomingsoon_150_23,"Boa Trama, Comovente, Cinematográfico, Aconchegante, Mistério, Exploração, Aventura, Colorido, Realístico, Estilizado, Um Jogador, Atmosférico, Linear, Natureza, Primeira Pessoa, Simulador Imersivo, 3D, Relaxante, Quebra-Cabeça, Simulador de Caminhada"
Resonance,"Oct 19, 2026",Indefinido,https://store.steampowered.com/app/5209950/Resonance/?snr=1_7_7_popularcomingsoon_150_23,"Música, Casual, Relaxante, Produção de Áudio, Música Instrumental, Atmosférico, Gráficos Pixelados, Aconchegante, 2D, Um Jogador, Para Toda a Família, Indie, Software"
Rat Quest 2: The Quest For Moon Cheese Demo,"Oct 19, 2026",Free,https://store.steampowered.com/app/5123390/Rat_Quest_2_The_Quest_For_Moon_Cheese_Demo/?snr=1_7_7_popularcomingsoon_150_23,"Ação, Plataforma, Plataforma 2D, 2D, Gráficos Pixelados, Terror, Enredo Rico, Terror Psicológico, Violência Detalhada, Violento, Controle, Boa Trama, Um Jogador"
ROGRID,"Oct 19, 2026",Indefinido,https://store.steampowered.com/app/5293210/ROGRID/?snr=1_7_7_popularcomingsoon_150_23,"Explorador de Calabouços, RPG, Estratégia, Roguelite, Quebra-Cabeça, Estratégia em Turnos, Roguelike, 2D, Geração Procedural, Combate em Turnos, Indie, Fantasia, Lógica, Gerenciamento de Recursos, Um Jogador"
My Name Is...,"Oct 19, 2026",Indefinido,https://store.steampowered.com/app/3698670/My_Name_Is/?snr=1_7_7_popularcomingsoon_150_23,"Terror Psicológico, Terror de Sobrevivência, Ação / Aventura, Exploração, Aventura, Geração Procedural, Fantasia Sombria, Lovecraftiano, Steampunk, Protagonista Mulher, 3D, Estilizado, Psicológico, Sombrio, Um Jogador"
Lexip Demo,"Oct 19, 2026",Free,https://store.steampowered.com/app/4792370/Lexip/?snr=1_7_7_popularcomingsoon_150_23,"Simulação, Automação, Mágica, Gráficos Pixelados, Faça o que Quiser, Simulador Imersivo, 2D, Visão Superior, Construção, Fantasia, Gerenciamento, Indie, Acesso Antecipado, Construção de Bases, Fabricação, Compatível com Mods, Tutorial, Um Jogador"
SpellFast Demo,"Oct 19, 2026",Free,https://store.steampowered.com/app/4539990/SpellFast/?snr=1_7_7_popularcomingsoon_150_23,"Casual, Estratégia, Estratégia em Turnos, Jogo de Palavras, Soletração, Gerenciamento de Tempo, 2D, Colorido, Fofo, Minimalista, Para Toda a Família, Relaxante, Indie, Jogador x Jogador (PvP), Você Decide, Jogador X Ambiente (PvE), Combate em Turnos, Tática por Turnos, Multijogador, Um Jogador"
The Labyrinth At The End Of Time Demo,"Oct 19, 2026",Free,https://store.steampowered.com/app/4793030/The_Labyrinth_At_The_End_Of_Time/?snr=1_7_7_popularcomingsoon_150_23,"Ação, Plataforma, Plataforma 3D, Exploração, Plataforma de Precisão, 3D, Gráficos Pixelados, Anos 90, Indie, Comédia, Humor Pesado, Engraçado, Retrô, Ficção Científica, Surrealista, Viagem no Tempo, Combate, Controle, Vários Finais, Um Jogador"
Chaos & Seek Demo,"Oct 19, 2026",Free,https://store.steampowered.com/app/5196140/Chaos__Seek_Demo/?snr=1_7_7_popularcomingsoon_150_24,"Ação, Luta 3D, Tiro em Primeira Pessoa (FPS), 3D, Desenho Animado, Colorido, Primeira Pessoa, Comédia, Para Toda a Família, Aventura, Indie, Engraçado, Jogador x Jogador (PvP), Multijogador"
Calcio 98 Demo,"Oct 19, 2026",Free,https://store.steampowered.com/app/5047340/Calcio_98/?snr=1_7_7_popularcomingsoon_150_24,"Esportes, Estratégia, Futebol, Gerenciamento, Simulação, Anos 90, eSports, 2D, 3D, Baseado em Texto, Acesso Antecipado, Estratégia em Turnos, Um Jogador"
The Labyrinth At The End Of Time,A ser anunciada,,https://store.steampowered.com/app/4793030/The_Labyrinth_At_The_End_Of_Time/?snr=1_7_7_popularcomingsoon_150_24,"Ação, Plataforma, Plataforma 3D, Exploração, Plataforma de Precisão, 3D, Gráficos Pixelados, Anos 90, Indie, Comédia, Humor Pesado, Engraçado, Retrô, Ficção Científica, Surrealista, Viagem no Tempo, Combate, Controle, Vários Finais, Um Jogador"
Reborn a Zombie 2: Entwined Hearts,"Oct 19, 2026",Indefinido,https://store.steampowered.com/app/2641800/Reborn_a_Zombie_2_Entwined_Hearts/?snr=1_7_7_popularcomingsoon_150_24,"Casual, Romance Visual, Anime, Colorido, Fofo, Comovente, Fantasia, LGBTQIA+, Protagonista Mulher, Linear, Boa Trama, Um Jogador"
Horror Tales Eats The World,"Oct 21, 2026",Indefinido,https://store.steampowered.com/app/3670730/Horror_Tales_Eats_The_World/?snr=1_7_7_popularcomingsoon_150_24,"Acesso Antecipado, Ação, Aventura, Simulação, Ação / Aventura, Ficção Interativa, Exploração, Simulador Imersivo, Primeira Pessoa, Atmosférico, Sobrenatural, Thriller, Surrealista, Mistério, Demônios, Sombrio, Fantasia Sombria, Terror, Terror Psicológico, Crime"
Fallen Sword II Demo,"Oct 19, 2026",Free,https://store.steampowered.com/app/712370/Fallen_Sword_II/?snr=1_7_7_popularcomingsoon_150_24,"Gratuito para Jogar, MMORPG, Fantasia, Retrô, Combate em Turnos, Explorador de Calabouços, RPG, Aventura, Tática por Turnos, Multijogador, Jogador X Ambiente (PvE), Jogador x Jogador (PvP), RPG Tático, Enredo Rico, Combate, Exploração, Fabricação, Mágica, 3D, Visão Superior"
Football on Paper Demo,"Oct 19, 2026",Free,https://store.steampowered.com/app/5018500/Football_on_Paper_Demo/?snr=1_7_7_popularcomingsoon_150_24,"Simulação, Esportes, Estratégia, Jogo de Tabuleiro, Estratégia em Turnos, Tática por Turnos, 2D, Minimalista, Futebol, Gerenciamento, Indie, Você Decide, Combate em Turnos, Um Jogador, Tático"
Pedal Pedal Pedal Demo,"Oct 19, 2026",Free,https://store.steampowered.com/app/5069950/Pedal_Pedal_Pedal/?snr=1_7_7_popularcomingsoon_150_24,"Ação, Corrida, Arcade, Reúna a Galera, 3D, Indie, Cartunizado, Colorido, Terceira Pessoa, Controle, Física, BMX, Engraçado, Cooperativo Local, Cooperativo On-line, Ciclismo, Cooperativo, Multijogador Local, Multijogador, Um Jogador"
Spell Death Demo,"Oct 19, 2026",Free,https://store.steampowered.com/app/5117270/Spell_Death_Demo/?snr=1_7_7_popularcomingsoon_150_24,"Montagem de Decks Roguelike, Estratégia, Cartas, Jogo de Palavras, Batalha com Cartas, Roguelite, Soletração, 2D, Atmosférico, Fantasia Sombria, Montagem de Decks, Indie, Morte Permanente, Combate em Turnos, Um Jogador, Impiedoso, Roguelike, Noir, Estilizado"
PALE ANIMUS,"Oct 19, 2026",Indefinido,https://store.steampowered.com/app/4012780/PALE_ANIMUS/?snr=1_7_7_popularcomingsoon_150_24,"Aventura, Terror de Sobrevivência, Metroidvania, Quebra-Cabeça, Combate em Turnos, RPG de Grupos, RPG, Exploração, Boa Trama, Terror, Sombrio, Gráficos Pixelados, Thriller, Fabricação, Mistério, Combate, Vários Finais, 2D, Um Jogador, Lovecraftiano"
Wild Draw,"Oct 19, 2026",Indefinido,https://store.steampowered.com/app/5328190/Wild_Draw/?snr=1_7_7_popularcomingsoon_150_24,"Cartas, Ação, Casual, Tiro em Primeira Pessoa (FPS), Velho Oeste, Reúna a Galera, Multijogador, Tiro em Arena, Comédia, Primeira Pessoa, Tiro, Indie, Batalha com Cartas, Jogos de Azar, Jogador x Jogador (PvP), Estilizado, 3D"
Coin Harvest,"Oct 19, 2026",Indefinido,https://store.steampowered.com/app/4381180/Coin_Harvest/?snr=1_7_7_popularcomingsoon_150_24,"Companheiro de Área de Trabalho, Progressão Ociosa, Incremental, Automação, Gerenciamento, Economia, Gerenciamento de Recursos, Simulação, Casual, Relaxante, Física, Arcade, 3D, Isométrico, Um Jogador, Utilitários, Faça o que Quiser, Capitalismo, Colete Tudo, 2,5D"
Desktop Fighter Demo,"Oct 19, 2026",Free,https://store.steampowered.com/app/5177210/Desktop_Fighter_Demo/?snr=1_7_7_popularcomingsoon_150_24,"Ação, Aventura, RPG, Luta 2D, RPG de Ação, Batalha Automática, Hack and Slash, Progressão Ociosa, Roguelite, 2D, Artes Marciais, Economia, Fantasia, Gratuito para Jogar, Engraçado, Espada, Gerenciamento de Inventário, Personalização de Personagem, Jogador X Ambiente (PvE), Um Jogador"
WOIM,"Oct 21, 2026",Indefinido,https://store.steampowered.com/app/4272020/WOIM/?snr=1_7_7_popularcomingsoon_150_24,"Quebra-Cabeça, Sokoban, Estratégia, Fofo, 2D, Exploração, Surrealista, Colorido, Lógica, Cartunizado, Relaxante, Para Toda a Família, Engraçado, Estilizado, Câmera Lateral, Subterrâneo, Linear, Controle, Personalização de Personagem, Manipulação de Tempo"
Maneki Mania Demo,"Oct 19, 2026",Free,https://store.steampowered.com/app/4934870/Maneki_Mania_Demo/?snr=1_7_7_popularcomingsoon_150_24,"Indie, Casual, Relaxante, Arcade, 2D, Um Jogador, Cartunizado, Colorido, Fofo, Para Toda a Família, Controle, Gatos, Aconchegante, Do Bem, Incremental"
Roguelette Demo,"Oct 19, 2026",Free,https://store.steampowered.com/app/5098480/Roguelette_Demo/?snr=1_7_7_popularcomingsoon_150_24,"Estratégia, Cartas, Roguelike, Estratégia em Turnos, Batalha com Cartas, Roguelite, Tática por Turnos, 2D, Abstrato, Colorido, Fantasia Sombria, Fantasia, Surrealista, Você Decide, Montagem de Decks, Geração Procedural, Um Jogador, Impiedoso, Alta Rejogabilidade, Montagem de Decks Roguelike"
Blackout Route Demo,"Oct 19, 2026",Free,https://store.steampowered.com/app/4434380/Blackout_Route/?snr=1_7_7_popularcomingsoon_150_24,"Acesso Antecipado, Aventura, Ação, Tiro em Primeira Pessoa (FPS), Direção, Sobrevivência, Multijogador, Mundo Aberto, Cooperativo On-line, Manipulação de Tempo, Zumbis, Cooperativo, Um Jogador, Primeira Pessoa, Surrealista, Terror de Sobrevivência, Combate com Veículos, Fabricação, Ação / Aventura, Arcade"
Risewards Demo,"Oct 19, 2026",Free,https://store.steampowered.com/app/5005160/Risewards/?snr=1_7_7_popularcomingsoon_150_24,"Casual, Plataforma, Quebra-Cabeça, Roguelike, Soletração, Plataforma 3D, Plataforma de Precisão, Plataforma com Quebra-Cabeça, Roguelite, 3D, Estilizado, Isométrico, Aconchegante, Indie, Lógica, Relaxante, Você Decide, Morte Permanente, Não Linear, Tutorial"
Columbiad: To The Moon,"Oct 19, 2026",Indefinido,https://store.steampowered.com/app/5210380/Columbiad_To_The_Moon/?snr=1_7_7_popularcomingsoon_150_24,"Simulação, Espacial, Casual, Simulador Espacial, Alienígenas, Estratégia, Realístico, Ficção Científica, Tática em Tempo Real, Educativo, Faça o que Quiser, Simulador Imersivo, Direção, Atmosférico, Futurista, Gerenciamento, Fabricação, Gerenciamento de Recursos, Indie, Você Decide"
Tiny Bomber,"Oct 20, 2026",Indefinido,https://store.steampowered.com/app/3464710/Tiny_Bomber/?snr=1_7_7_popularcomingsoon_150_24,"Roguelike de Ação, Inferno de Balas, Mandando Bala, Roguelite, Gráficos Pixelados, Arcade, Ritmo Rápido, Paraíso de Balas, Ação, Roguelike, Cooperativo Local, Fofo, Alta Rejogabilidade, Retrô, Casual, SHMUP com Visão Superior, Pontos, Pontos, Pontos!, Geração Procedural, RPG, Morte Permanente"
Just Pancake Simulator,"Oct 19, 2026",Indefinido,https://store.steampowered.com/app/5286420/Just_Pancake_Simulator/?snr=1_7_7_popularcomingsoon_150_24,"Casual, Física, Culinária, Simulador de Passatempo, Engraçado, Primeira Pessoa, Indie, Fofo, Controles Intencionalmente Bizarros, Aconchegante, Estilizado, Comédia, 3D, Simulação, Do Bem, Para Toda a Família, Colorido, Um Jogador, Minimalista"
Guardian Demon Demo,"Oct 19, 2026",Free,https://store.steampowered.com/app/4150110/Guardian_Demon/?snr=1_7_7_popularcomingsoon_150_24,"Arcade, Roguelike de Ação, Inferno de Balas, Gráficos Pixelados, Ação, Hack and Slash, 2D, Visão Superior, Impiedoso, Casual, Um Jogador, Combate, Medieval, Pontos, Pontos, Pontos!, Fantasia, Mágica, Violência Detalhada, Indie, Aventura, Demônios"
Probability Workshop Demo,"Oct 19, 2026",Free,https://store.steampowered.com/app/4929260/PROBABILITY_WORKSHOP/?snr=1_7_7_popularcomingsoon_150_24,"Simulação, Indie, Gerenciamento de Recursos, Humor Ácido, Economia, Jogos de Azar, Jogo de Divindade, Gerenciamento de Lojas, Você Decide, Boa Trama, Capitalismo, Psicológico, Sátira, Simulador de Vida Real, Jogo de Palavras, Incremental, Visão Superior, Minimalista, Automação, Um Jogador"
Fractured Demo,"Oct 19, 2026",Free,https://store.steampowered.com/app/4916110/Fractured/?snr=1_7_7_popularcomingsoon_150_24,"Quebra-Cabeça, Mistério, Atmosférico, Boa Trama, Comovente, Simulador de Caminhada, Narrativa, Casual, Objetos Ocultos, Linear, Indie, Curta-Metragem, Estilizado, Um Jogador, 3D, Terceira Pessoa"
Sapphobos (DEMO),"Oct 2, 2026",Free,https://store.steampowered.com/app/2905720/Sapphobos/?snr=1_7_7_popularcomingsoon_150_24,"RV, Um Jogador, Terror, Investigação, Terror Psicológico, Mistério, Detetive, Lógica, Furtivo, Exploração, Atmosférico, Sobrenatural, Sombrio, Realístico, Psicológico, Objetos Ocultos, Boa Trama, Vários Finais, Aventura, Quebra-Cabeça"
Armed Monsters,"Oct 19, 2026",Indefinido,https://store.steampowered.com/app/5284680/Armed_Monsters/?snr=1_7_7_popularcomingsoon_150_24,"Ação, Ação / Aventura, Plataforma 2D, 2,5D, Futurista, Combate, Cooperativo, Um Jogador, Multijogador, Cooperativo On-line"
Room Movers Demo,"Oct 19, 2026",Free,https://store.steampowered.com/app/5299330/Room_Movers_Demo/?snr=1_7_7_popularcomingsoon_150_24,"Casual, Indie, Relaxante, Fofo, Aconchegante, Simulação, Organização, Quebra-Cabeça, Multijogador, Um Jogador, Atmosférico, Faça o que Quiser, Do Bem, 3D, Colorido, Isométrico, Estilizado, Para Toda a Família, Física, Cooperativo On-line"
Her Revenge,"Oct 19, 2026",Indefinido,https://store.steampowered.com/app/4952170/Her_Revenge/?snr=1_7_7_popularcomingsoon_150_24,"Terror, Terror Psicológico, Terror de Sobrevivência, Exploração, Sombrio, Indie, Ação / Aventura, Tiro em Primeira Pessoa (FPS), Quebra-Cabeça, Simulador de Caminhada, Aventura, Primeira Pessoa, 3D, Realístico, Atmosférico, Um Jogador, Ação, Anos 80, Crime"
Escalation Pending Demo,"Oct 19, 2026",Free,https://store.steampowered.com/app/4797110/Escalation_Pending/?snr=1_7_7_popularcomingsoon_150_24,"Terror, Apontar e Clicar, Anos 90, Simulação, Terror Psicológico, Um Jogador, 2D, Indie, Casual, RPG, Linear, Baseado em Texto"
Slip Angle Demo,"Oct 19, 2026",Free,https://store.steampowered.com/app/5108050/Slip_Angle_Demo/?snr=1_7_7_popularcomingsoon_150_24,"Corrida, Simulador Automobilístico, Arcade, Direção, Física, Controle, Simulação, Indie, Primeira Pessoa, Terceira Pessoa, 3D, Estilizado, Para Toda a Família, Pontos, Pontos, Pontos!, Um Jogador, Multijogador Assíncrono, Velha-Guarda, Ação, Casual, Tutorial"
Backrooms: Rogue 0 Demo,"Oct 19, 2026",Free,https://store.steampowered.com/app/4754070/Backrooms_Rogue_0_Demo/?snr=1_7_7_popularcomingsoon_150_24,"Atmosférico, Surrealista, Exploração, Terror Psicológico, Ação / Aventura, Ação, Simulação, Terror, Psicológico, Thriller, Aventura, Abstrato, Ficção Científica, Simulador Imersivo, 3D, Primeira Pessoa, Linear, Realístico, Minimalista, Sombrio"
Hometown Store Demo,"Oct 19, 2026",Free,https://store.steampowered.com/app/4027970/Hometown_Store/?snr=1_7_7_popularcomingsoon_150_24,"Simulação, Casual, Estratégia, Gerenciamento de Lojas, Gráficos Pixelados, Economia, Simulador de Vida Real, Exploração, Relaxante, Engraçado, 2D, Você Decide, Fofo, Anos 90, Construção, Comédia, Para Toda a Família, Gerenciamento, Um Jogador, Colorido"
A Risky Rocky Resort Demo,"Oct 19, 2026",Free,https://store.steampowered.com/app/5292230/A_Risky_Rocky_Resort_Demo/?snr=1_7_7_popularcomingsoon_150_24,"Casual, Simulação, Estratégia, Simulador Espacial, Defesa de Torres, Indie, Gerenciamento de Tempo, 2D, Automação, Capitalismo, Futurista, Robôs, Construção de Bases, Gerenciamento de Recursos, Um Jogador"
Borbs Demo,"Oct 19, 2026",Free,https://store.steampowered.com/app/4423010/Borbs/?snr=1_7_7_popularcomingsoon_150_24,"Quebra-Cabeça, Casual, Aves, Natureza, Fofo, Relaxante, 2D, Educativo, Coleção de Criaturas, Sokoban, Desenhado à Mão, Para Toda a Família, Ciência, Arcade, Lógica, Cartunizado, Colorido, Um Jogador, Colete Tudo, Desenho Animado"
Only Fans,"Oct 20, 2026",Indefinido,https://store.steampowered.com/app/3839910/Only_Fans/?snr=1_7_7_popularcomingsoon_150_24,"Memes, Objetos Ocultos, Simulador de Caminhada, Exploração, Colete Tudo, Engraçado, Primeira Pessoa, Casual, RPG, 3D, Relaxante, Controle, Linear, Boa Trama, Faça o que Quiser, Quebra-Cabeça, Ficção Interativa, Surrealista, Humor Ácido, Tiro em Primeira Pessoa (FPS)"
Jirai Kei Nemu,"Oct 19, 2026",Indefinido,https://store.steampowered.com/app/5203430/Jirai_Kei_Nemu/?snr=1_7_7_popularcomingsoon_150_24,"Casual, Companheiro de Área de Trabalho, Gráficos Pixelados, Fofo, Anime, Relaxante, Aconchegante, 2D, Simulação, Simulador de Vida Real, Atmosférico, Indie, Estilizado, Minimalista, Do Bem, Protagonista Mulher, Física, Um Jogador"
Vug: From Caves to Stars Demo,"Oct 19, 2026",Free,https://store.steampowered.com/app/5224440/Vug_From_Caves_to_Stars/?snr=1_7_7_popularcomingsoon_150_24,"Câmera Lateral, Exploração, Simulador Espacial, 2D, Tela Dividida, Espacial, Arcade, Física, Mineração, Construção, Enredo Rico, Objetos Ocultos, Ação / Aventura, Simulação, Tiro, Ação, Subterrâneo, Jogador X Ambiente (PvE), Inferno de Balas, Neve"
GuildWright Demo,"Oct 19, 2026",Free,https://store.steampowered.com/app/5229340/GuildWright/?snr=1_7_7_popularcomingsoon_150_24,"RPG, Simulação, Batalha Automática, RPG de Grupos, Explorador de Calabouços, Incremental, Roguelite, Visão Superior, Mitologia, Personalização de Personagem, Combate, Um Jogador, Casual, Estratégia, Colorido, Fantasia, Progressão Ociosa, Saques, Gerenciamento, Estilizado"
Simulacre Demo,"Oct 19, 2026",Free,https://store.steampowered.com/app/4733080/Simulacre/?snr=1_7_7_popularcomingsoon_150_24,"Terror Psicológico, Cooperativo On-line, Terror, Terror de Sobrevivência, Primeira Pessoa, Atmosférico, Multijogador, Exploração, Aventura, Surrealista, Sobrenatural, Realístico, Linear, Cooperativo, Psicodélico, Indie, Violência Detalhada, Violento, Objetos Ocultos, Acesso Antecipado"
Lagan Salvage Run Demo,"Oct 19, 2026",Free,https://store.steampowered.com/app/5006880/Lagan_Salvage_Run/?snr=1_7_7_popularcomingsoon_150_24,"Montagem de Decks Roguelike, Batalha com Cartas, Montagem de Decks, Roguelite, Cooperativo, Combate em Turnos, Cooperativo On-line, Um Jogador, Geração Procedural, Cartas, Roguelike, Explorador de Calabouços, Subaquático, Naval, Atmosférico, Indie, Estratégia, Saques, Isométrico, Alta Rejogabilidade"
Tsukumo SNAP! Demo,"Oct 19, 2026",Free,https://store.steampowered.com/app/5308550/Tsukumo_SNAP/?snr=1_7_7_popularcomingsoon_150_24,"Aventura, Coleção de Criaturas, RPG, JRPG, Anime, Comédia, Enredo Rico, Aconchegante, Ação / Aventura, Colete Tudo, Engraçado, Indie, 3D, Fantasia, Combate, Cooperativo Local, Um Jogador"
Treasure Simulator Demo,"Oct 19, 2026",Free,https://store.steampowered.com/app/4830610/Treasure_Simulator/?snr=1_7_7_popularcomingsoon_150_24,"Simulação, Simulador Imersivo, Gerenciamento de Lojas, Mundo Aberto, Casual, Economia, Gerenciamento, Simulador de Vida Real, 3D, Primeira Pessoa, Controle, Linear, Realístico, Gerenciamento de Recursos, Um Jogador"
Moadra,"Oct 22, 2026",Indefinido,https://store.steampowered.com/app/1713730/Moadra/?snr=1_7_7_popularcomingsoon_150_24,"Metroidvania, Ação, Ficção Científica, Exploração, Terror, Sombrio, Violência Detalhada, Atmosférico, Tiro, Plataforma, Aventura, 2D, Impiedoso, Não Linear, Um Jogador, Câmera Lateral, Controle, Alienígenas, Boa Trama, Indie"
Combustor Demo,"Oct 19, 2026",Free,https://store.steampowered.com/app/5047230/Combustor/?snr=1_7_7_popularcomingsoon_150_24,"Simulação, Faça o que Quiser, Educativo, Lógica, Ciência, Quebra-Cabeça, Simulador Imersivo, 2D, Gráficos Pixelados, Construção, Fabricação, Um Jogador, Automação"
Mai Pillow Smash Demo,"Oct 19, 2026",Free,https://store.steampowered.com/app/5303870/Mai_Pillow_Smash_Demo/?snr=1_7_7_popularcomingsoon_150_24,"Casual, Quebra-Cabeça, Combinar 3, 2D, Anime, Colorido, Desenhado à Mão, Fofo, Psicodélico, Estilizado, Indie, Anos 90, Atmosférico, Psicológico, Sombrio, Surrealista, Pontos, Pontos, Pontos!, Movimento em Grade, Protagonista Mulher, Tutorial"
Veyora Demo,"Oct 19, 2026",Free,https://store.steampowered.com/app/4714530/Veyora_Demo/?snr=1_7_7_popularcomingsoon_150_24,"Aventura, Ação, RPG, Simulação, RPG de Ação, Simulador Rural, Simulador de Vida Real, Escolha a sua Aventura, Exploração, Simulador Imersivo, 3D, Mundo Aberto, Combate, Troca, Cooperativo On-line, Personalização de Personagem, Construção de Bases, Multijogador, Sobrevivência, Terceira Pessoa"
Loopy Demo,"Oct 19, 2026",Free,https://store.steampowered.com/app/4849410/LOOPY/?snr=1_7_7_popularcomingsoon_150_24,"Quebra-Cabeça, Casual, Lógica, Relaxante, Plataforma 2D, Geração Procedural, Corrida Contra o Tempo, Controle, Minimalista, Um Jogador, Atmosférico, Arcade, Educativo, Hardware, 2D, Indie"
RGB: EXECUTION Demo,"Oct 19, 2026",Free,https://store.steampowered.com/app/4942820/RGB_EXECUTION_Demo/?snr=1_7_7_popularcomingsoon_150_24,"Hack and Slash, Inferno de Balas, Soulslike, Boa Trama, Ação, Protagonista Mulher, 2D, Pós-Apocalíptico, Ação / Aventura, Vários Finais, Você Decide, Linear, Violência Detalhada, Violento, Indie, Anime, Gráficos Pixelados, Ficção Científica, Distópico, Comovente"
Red Father Demo,"Oct 19, 2026",Free,https://store.steampowered.com/app/4990410/Red_Father_Demo/?snr=1_7_7_popularcomingsoon_150_24,"Ação, Aventura, Ação / Aventura, Quebra-Cabeça, 3D, Atmosférico, Psicológico, Terror Psicológico, Um Jogador, Sombrio, Terror, Retrô"
Shin'ai Rewritten Demo,"Oct 19, 2026",Free,https://store.steampowered.com/app/4837000/Shinai_Rewritten/?snr=1_7_7_popularcomingsoon_150_24,"RPG, Casual, Simulador Rural, Simulador de Vida Real, Simulação, 2,5D, Fofo, Boa Trama, Colorido, Para Toda a Família, Protagonista Mulher, Relaxante, Desenhado à Mão, Fabricação, Pesca, Culinária, Decoração, Faça o que Quiser"
What Have My Cats Done,"Oct 20, 2026",Indefinido,https://store.steampowered.com/app/4944840/What_Have_My_Cats_Done/?snr=1_7_7_popularcomingsoon_150_25,"Casual, Quebra-Cabeça, 2D, Gatos, Um Jogador"
GreenGas Demo,"Oct 19, 2026",Free,https://store.steampowered.com/app/5226160/GreenGas_Demo/?snr=1_7_7_popularcomingsoon_150_25,"Dedução Social, Casual, Reúna a Galera, Estratégia, Cooperativo On-line, Multijogador, Comédia, Indie, Cooperativo, 3D, Física, Psicológico, Mistério, Você Decide, Baseado em Equipes, Gerenciamento de Recursos, Personalização de Personagem, Estilizado, Colorido, Cartunizado"
Death's Hour Demo,"Oct 19, 2026",Free,https://store.steampowered.com/app/5297830/Deaths_Hour_Demo/?snr=1_7_7_popularcomingsoon_150_25,"Ação, Explorador de Calabouços, RPG, Fantasia Sombria, 2,5D, Roguelike de Ação, Isométrico, Luta 2D, RPG de Ação, MMORPG, Roguelike, Multijogador Assíncrono, Um Jogador, Inferno de Balas, Multijogador, Hack and Slash, Gerenciamento de Recursos, Jogador X Ambiente (PvE), Roguelite, Desenhado à Mão"
Wayward Cosmos Demo,"Oct 19, 2026",Free,https://store.steampowered.com/app/5245010/Wayward_Cosmos_Demo/?snr=1_7_7_popularcomingsoon_150_25,"Exploração, Roguelite, Simulação, Ação, Faça o que Quiser, Espacial, Simulador Espacial, 3D, Mundo Aberto, Geração Procedural, Ficção Científica, Indie, Cooperativo, Multijogador, Cooperativo On-line, Um Jogador"
SHIFU: Traffic Masters Demo,"Oct 19, 2026",Free,https://store.steampowered.com/app/4554510/SHIFU_Traffic_Masters/?snr=1_7_7_popularcomingsoon_150_25,"Direção, Simulador Automobilístico, Mundo Aberto, Exploração, Corrida, Atmosférico, Retrô, Anos 90, Arcade, Cinematográfico, Estilizado, Crime, Destruição, Faça o que Quiser, Física, Histórico, Simulação, Corrida com Combate, Terceira Pessoa, Um Jogador"
Space Travelers Demo,"Oct 19, 2026",Free,https://store.steampowered.com/app/5156000/Space_Travelers_Demo/?snr=1_7_7_popularcomingsoon_150_25,"Casual, Simulação, Simulador Espacial, Progressão Ociosa, Exploração, 2D, Minimalista, Visão Superior, Atmosférico, Ficção Científica, Relaxante, Indie, Espacial, Gerenciamento de Recursos, Geração Procedural, Troca, Um Jogador"
Veyrasol Demo,"Oct 19, 2026",Free,https://store.steampowered.com/app/4957910/Veyrasol/?snr=1_7_7_popularcomingsoon_150_25,"Estratégia, Multijogador Massivo, 4X, Tática em Tempo Real, Jogador x Jogador (PvP), Espacial, Simulador de Colônias, Construção de Bases, Jogo de Guerra, Gratuito para Jogar, Isométrico, Visão Superior, Ficção Científica, Simulação, Gerenciamento de Recursos, Cooperativo, Cooperativo On-line, Multijogador"
Voidshift Demo,"Oct 19, 2026",Free,https://store.steampowered.com/app/4309310/Voidshift/?snr=1_7_7_popularcomingsoon_150_25,"Terror Psicológico, Terror, Simulação, Primeira Pessoa, Terror de Sobrevivência, Atmosférico, Mistério, Psicológico, Um Jogador, Aventura, Sombrio, Você Decide, Vários Finais, Retrô, Anos 90, Violência Detalhada, Violento, Indie"
降雪的日子 Demo,"Oct 19, 2026",Free,https://store.steampowered.com/app/5027060/_Demo/?snr=1_7_7_popularcomingsoon_150_25,"Aventura, Romance Visual, Terror Psicológico, 2D, Exploração, Desenhado à Mão, Minimalista, Mistério, Surrealista, Boa Trama, Indie, Vários Finais, Protagonista Mulher, Um Jogador"
Tight Turn Demo,"Oct 19, 2026",Free,https://store.steampowered.com/app/5126470/Tight_Turn/?snr=1_7_7_popularcomingsoon_150_25,"Corrida, Simulação, Direção, Casual, Simulador Automobilístico, Minimalista, Primeira Pessoa, 3D, Um Jogador, Indie, Multijogador, Jogador x Jogador (PvP), Multijogador Assíncrono"
PegPegBall Demo,"Oct 19, 2026",Free,https://store.steampowered.com/app/4483570/PegPegBall/?snr=1_7_7_popularcomingsoon_150_25,"Casual, Estratégia, Simulação, Cartas, 2D, Física, Um Jogador, Montagem de Decks, Gráficos Pixelados, Desenho Animado, Roguelike, Indie, Roguelite, Retrô, Relaxante, Engraçado"
Xenogarden Demo,"Oct 19, 2026",Free,https://store.steampowered.com/app/4920840/Xenogarden/?snr=1_7_7_popularcomingsoon_150_25,"Estratégia, Estratégia em Tempo Real (RTS), Roguelite, Construção de Bases, Gerenciamento de Recursos, Roguelike, Sobrevivência, Um Jogador, Ficção Científica, Alienígenas, Atmosférico, Sombrio, Isométrico, Indie, Acesso Antecipado, 2D, Combate, Jogador X Ambiente (PvE), Lovecraftiano, Natureza"
Noyan: Club Chairman Demo,"Oct 19, 2026",Free,https://store.steampowered.com/app/4902340/Noyan_Club_Chairman_Demo/?snr=1_7_7_popularcomingsoon_150_25,"Esportes, Simulador Imersivo, Estratégia, Economia, Simulação, Futebol, Gerenciamento, Grande Estratégia, 3D, Baseado em Texto, Você Decide, Indie, Gerenciamento de Recursos, Um Jogador"
Never Be Alone Demo,"Oct 19, 2026",Free,https://store.steampowered.com/app/3012110/Never_Be_Alone_Demo/?snr=1_7_7_popularcomingsoon_150_25,"Aventura, Casual, Pós-Apocalíptico, Zumbis, Cooperativo, Vários Finais, Você Decide, Ação / Aventura, Faça o que Quiser, Tiro, Sobrevivência, Exploração, Mundo Aberto, 3D, Atmosférico, Ação, Construção, Rico em Diálogos, Mistério, Narração Dinâmica"
Ship Busters Demo,"Oct 19, 2026",Free,https://store.steampowered.com/app/5285130/Ship_Busters_Demo/?snr=1_7_7_popularcomingsoon_150_25,"Combate Naval, Gratuito para Jogar, Câmera Lateral, Piratas, Um Jogador, Mandando Bala, Ação, Casual, Porradaria, Navegação, Jogador X Ambiente (PvE), Luta 2D, RPG de Ação, 2,5D, 2D, Boa Trama, Indie, Colorido, Para Toda a Família, Medieval"
Chains Of Reality Demo,"Oct 19, 2026",Free,https://store.steampowered.com/app/3560470/Chains_of_Reality/?snr=1_7_7_popularcomingsoon_150_25,"Acesso Antecipado, Um Jogador, Terror de Sobrevivência, Fabricação, Atmosférico, Terror, Construção, Terror Psicológico, 3D, Sobrevivência, Primeira Pessoa, Multijogador, Casual, Cooperativo On-line, Cooperativo, Realístico, Construção de Bases, Aventura, Exploração, Simulação"
Drone Horizon: Force & Effect Demo,"Oct 19, 2026",Free,https://store.steampowered.com/app/5139400/Drone_Horizon_Force__Effect/?snr=1_7_7_popularcomingsoon_150_25,"Exploração, Voo, Jogo de Guerra, Faça o que Quiser, Simulação, Automação, Militar, Estratégia, Primeira Pessoa, Terceira Pessoa, Mundo Aberto, Ação, Destruição, Gerenciamento de Recursos, Um Jogador"
Kinetic Conundrum Demo,"Oct 19, 2026",Free,https://store.steampowered.com/app/4627540/Kinetic_Conundrum/?snr=1_7_7_popularcomingsoon_150_25,"Casual, Plataforma, Quebra-Cabeça, Plataforma com Quebra-Cabeça, Lógica, Física, Plataforma de Precisão, 2D, Ciência, Indie, Steampunk, Um Jogador"
Fractured: Snowpine Strangers Demo,"Oct 19, 2026",Free,https://store.steampowered.com/app/4617310/Fractured_Snowpine_Strangers/?snr=1_7_7_popularcomingsoon_150_25,"Aventura, Casual, Simulador de Caminhada, Estilizado, Anos 90, Atmosférico, Crime, Sombrio, Psicológico, Terror Psicológico, Investigação, Retrô, Thriller, Simulação, Indie, Terror, Rico em Diálogos, Boa Trama, Linear, Um Jogador"
Ashes of Alice Demo,"Oct 19, 2026",Free,https://store.steampowered.com/app/4897040/Ashes_of_Alice/?snr=1_7_7_popularcomingsoon_150_25,"Sobrevivência, Morte Permanente, Simulador de Caminhada, Pós-Apocalíptico, Atmosférico, Gerenciamento de Recursos, Enredo Rico, Aventura, Sombrio, Retrô, Linear, Boa Trama, Exploração, Indie, Acesso Antecipado, Primeira Pessoa, Gerenciamento de Inventário, 3D, Protagonista Mulher, Um Jogador"
Tainted Tide Demo,"Oct 19, 2026",Free,https://store.steampowered.com/app/5170000/Tainted_Tide/?snr=1_7_7_popularcomingsoon_150_25,"Estratégia, Ação, Aventura, RPG, Roguelike de Ação, RPG de Ação, Roguelike, RPG de Estratégia, Estratégia em Turnos, Combinar 3, 2D, Gráficos Pixelados, Roguelite, Um Jogador, Sombrio, Boa Trama, Terror, Indie, Violência Detalhada, Violento"
Card Warrior Demo,"Oct 19, 2026",Free,https://store.steampowered.com/app/5056930/Card_Warrior/?snr=1_7_7_popularcomingsoon_150_25,"Cartas, Montagem de Decks, Estratégia em Turnos, Estratégia, Tática por Turnos, Combate em Turnos, Roguelike, Roguelite, Morte Permanente, Geração Procedural, Wuxia, RPG, Batalha com Cartas, Indie, Jogo de Mesa, 2D, Desenhado à Mão, Colorido, Fantasia, Combate"
ASMBL Demo,"Oct 19, 2026",Free,https://store.steampowered.com/app/2582250/ASMBL/?snr=1_7_7_popularcomingsoon_150_25,"Casual, Simulação, Design e Ilustração, Faça o que Quiser, RV, Espacial, Editor de Níveis, Indie, Física"
Werewolf Hunter: Night of Horror Demo,"Oct 19, 2026",Free,https://store.steampowered.com/app/4426920/Werewolf_Hunter_Night_of_Horror/?snr=1_7_7_popularcomingsoon_150_25,"Terror, Sobrevivência, Terror de Sobrevivência, Atmosférico, Lobisomens, Ação, Multijogador, Cooperativo On-line, Exploração, Fabricação, Mundo Aberto, Combate, Realístico, RPG, Indie, Violência Detalhada, Primeira Pessoa, Fantasia, Jogador X Ambiente (PvE), 3D"
Things to Forget – Lighthouse Demo,"Oct 19, 2026",Free,https://store.steampowered.com/app/4538840/Things_to_Forget__Lighthouse_Demo/?snr=1_7_7_popularcomingsoon_150_25,"Simulador de Caminhada, Casual, Terror Psicológico, Terror, Rico em Diálogos, Boa Trama, Aventura, Linear, Estilizado, Thriller, Atmosférico, Crime, Psicológico, Indie, Investigação, Anos 90, Sombrio, Retrô, Um Jogador"
TRAUMATA Demo,"Oct 19, 2026",Free,https://store.steampowered.com/app/4539010/TRAUMATA_Demo/?snr=1_7_7_popularcomingsoon_150_25,"Casual, Apontar e Clicar, Incremental, 2D, Atmosférico, Linear, Indie, Um Jogador"
Archa Demo,"Oct 19, 2026",Free,https://store.steampowered.com/app/4606910/Archa/?snr=1_7_7_popularcomingsoon_150_25,"Ação, Aventura, Cartas, Plataforma, Tiro, Plataforma 2D, Inferno de Balas, Colete Tudo, 2D, Colorido, Gráficos Pixelados, Indie, Estilizado, Engraçado, Mágica, Moderno, Retrô, Robôs, Sobrenatural, Surrealista"
Treasure Chest Master Demo,"Oct 19, 2026",Free,https://store.steampowered.com/app/4866550/Treasure_Chest_Master_Demo/?snr=1_7_7_popularcomingsoon_150_25,"Aventura, Simulação, Quebra-Cabeça, Ação / Aventura, Simulador Imersivo, Exploração, Explorador de Calabouços, Gerenciamento de Lojas, 3D, Primeira Pessoa, Estilizado, Futurista, Saques, Gerenciamento, Organização, Subterrâneo, Personalização de Armas, Manipulação de Tempo, Tutorial, Gerenciamento de Recursos"
Sussy NPC Demo,"Oct 19, 2026",Free,https://store.steampowered.com/app/5122120/Sussy_NPC/?snr=1_7_7_popularcomingsoon_150_25,"Dedução Social, Multijogador, Cooperativo On-line, Baseado em Equipes, Jogador x Jogador (PvP), Reúna a Galera, Furtivo, Engraçado, Comédia, Cooperativo, Casual, 3D, Terceira Pessoa, Primeira Pessoa, Colorido, Desenho Animado, Investigação, Mistério, Memes, Indie"
BlackHole Collapse Demo,"Oct 19, 2026",Free,https://store.steampowered.com/app/4996590/BlackHole_Collapse/?snr=1_7_7_popularcomingsoon_150_25,"Roguelike de Ação, Paraíso de Balas, Roguelite, Inferno de Balas, SHMUP com Visão Superior, Pontos, Pontos, Pontos!, Arcade, Ficção Científica, Espacial, Abstrato, Visão Superior, Tiro, Roguelike, Um Jogador, Ação, Indie, Acesso Antecipado, Minimalista, Colorido, Física"
Aster Initiative Demo,"Oct 19, 2026",Free,https://store.steampowered.com/app/2663360/Aster_Initiative/?snr=1_7_7_popularcomingsoon_150_25,"Anos 90, Terror, Simulador Imersivo, Apontar e Clicar, Você Decide, Simulação, FMV, Retrô, Surrealista, 2D, História Alternativa, Mundo Aberto, Faça o que Quiser, Detetive, Ficção Interativa, Terror Psicológico, Boa Trama, Vários Finais, Quebra-Cabeça, Engraçado"
A Healer's Almanac Demo,"Oct 19, 2026",Free,https://store.steampowered.com/app/4832890/A_Healers_Almanac/?snr=1_7_7_popularcomingsoon_150_25,"Simulador Médico, Simulador de Vida Real, Simulação, Aconchegante, RPG, Gráficos Pixelados, Simulador Rural, Relaxante, Fabricação, Do Bem, Casual, Um Jogador, Boa Trama, Gerenciamento de Recursos, Indie, Exploração, Personalização de Personagem, Visão Superior, 2D, Fofo"
ARCHIVE ZERO Demo,"Oct 19, 2026",Free,https://store.steampowered.com/app/5111520/ARCHIVE_ZERO/?snr=1_7_7_popularcomingsoon_150_25,"Investigação, Ficção Interativa, Simulador Imersivo, Simulação, Gerenciamento, Mistério, Boa Trama, Você Decide, Histórico, Gerenciamento de Recursos, Indie, 2D, Um Jogador"
Unreported Shift Demo,"Oct 19, 2026",Free,https://store.steampowered.com/app/5182240/Unreported_Shift/?snr=1_7_7_popularcomingsoon_150_25,"Simulação, Terror Psicológico, Terror, Anos 80, Detetive, Sombrio, Atmosférico, Noir, Um Jogador, RPG, Baseado em Texto, Você Decide, Tutorial, Quebra-Cabeça, Vários Finais, Simulador de Vida Real, Boa Trama, Rico em Diálogos, Simulador Imersivo, Comédia"
Hyperspin Demo,"Oct 19, 2026",Free,https://store.steampowered.com/app/4746250/Hyperspin/?snr=1_7_7_popularcomingsoon_150_25,"Casual, Arcade, Ritmo, 2D, Colorido, Minimalista, Editor de Níveis, Linear, Gratuito para Jogar, Indie, Um Jogador, Estilizado, Retrô, Surrealista, Experimental"
Expiration Demo,"Oct 19, 2026",Free,https://store.steampowered.com/app/5142680/Expiration/?snr=1_7_7_popularcomingsoon_150_25,"Terror Psicológico, Terror, Estratégia em Turnos, Simulador Médico, Primeira Pessoa, Estratégia, Jogo de Mesa, Gerenciamento de Recursos, Simulação, Atmosférico, Combate em Turnos, Sombrio, Gerenciamento de Inventário, Realístico, Psicológico, Cinematográfico, Um Jogador, 3D, Curta-Metragem, Física"
Aveos Demo,"Oct 19, 2026",Free,https://store.steampowered.com/app/5122240/Aveos/?snr=1_7_7_popularcomingsoon_150_25,"Hack and Slash, RPG, Explorador de Calabouços, Jogador X Ambiente (PvE), RPG de Ação, Ação, Ação / Aventura, Multijogador, Multijogador Massivo, Colorido, Aconchegante, Atmosférico, Linear, Fantasia Sombria, Aventura, Gratuito para Jogar, Indie, Casual, Terceira Pessoa, Combate"
Fantorob Demo,"Oct 19, 2026",Free,https://store.steampowered.com/app/5056320/Fantorob/?snr=1_7_7_popularcomingsoon_150_25,"Coleção de Criaturas, Robôs, RPG, Combate em Turnos, Colete Tudo, Exploração, Estratégia em Turnos, Aventura, Fabricação, Personalização de Personagem, 2D, Futurista, Engraçado, Visão Superior, Boa Trama, Gráficos Pixelados, Combate, Um Jogador"
"Every Man for Himself and God Against All or, for a shorter name: TimeLeft Demo","Oct 19, 2026",Free,https://store.steampowered.com/app/5076210/Every_Man_for_Himself_and_God_Against_All_or_for_a_shorter_name_TimeLeft/?snr=1_7_7_popularcomingsoon_150_25,"Batalha com Cartas, Estratégia, Tática por Turnos, Cartas, Casual, Jogo de Mesa, Roguelike, 2D, Aventura, Montagem de Decks, Você Decide, Minimalista, Gráficos Pixelados, Thriller, Indie, Simulação, Furtivo, Tático, Atmosférico, Sobrevivência"
PROJECT: MIRROR Demo,"Oct 19, 2026",Free,https://store.steampowered.com/app/4914420/PROJECT_MIRROR/?snr=1_7_7_popularcomingsoon_150_25,"Terror Psicológico, Ficção Interativa, Você Decide, Boa Trama, Inteligência Artificial, Distópico, Simulação, Filosófico, Baseado em Texto, Aventura, Escolha a sua Aventura, Vários Finais, Atmosférico, Sombrio, Ficção Científica, Rico em Diálogos, Indie, Estratégia, Simulador Político, Gerenciamento de Recursos"
Hack And Slash Fury 2: Lancelot Betrayal Demo,"Oct 19, 2026",Free,https://store.steampowered.com/app/4895300/Hack_And_Slash_Fury_2_Lancelot_Betrayal/?snr=1_7_7_popularcomingsoon_150_25,"Cinematográfico, Aventura, Hack and Slash, Velha-Guarda, Retrô, Sátira, Ação / Aventura, Luta Espetacular, Soulslike, Terceira Pessoa, Super-Heróis, Ficção Científica, Ação, Multijogador, Jogador x Jogador (PvP), Um Jogador, Engraçado, Gratuito para Jogar, Indie, Violência Detalhada"
Greed for Glory Demo,"Oct 19, 2026",Free,https://store.steampowered.com/app/4888250/Greed_for_Glory/?snr=1_7_7_popularcomingsoon_150_25,"Multijogador, Multijogador Local, Local para 4 Jogadores, Estratégia, Grade Hexagonal, Movimento em Grade, Jogo de Tabuleiro, Jogo de Mesa, Ação, Estratégia em Turnos, Estilizado, Colorido, Para Toda a Família, Gerenciamento de Lojas, Pontos, Pontos, Pontos!, Terceira Pessoa, Geração Procedural, Tutorial, Jogador x Jogador (PvP), Conspiração"
觅食者 Demo,"Oct 19, 2026",Free,https://store.steampowered.com/app/4886140/Foragarden/?snr=1_7_7_popularcomingsoon_150_25,"Aventura, Simulação, RPG, Simulador Rural, RPG de Ação, Faça o que Quiser, Batalha com Cartas, Exploração, Simulador Imersivo, Coleção de Criaturas, Roguelite, 2D, Visão Superior, Gráficos Pixelados, Fofo, Colorido, Animais, Construção, Comovente, Tático"
Airport Contraband,"Oct 28, 2026",Indefinido,https://store.steampowered.com/app/1167820/Airport_Contraband/?snr=1_7_7_popularcomingsoon_150_25,"Primeira Pessoa, Simulação, Casual, Indie, Crime, Investigação, Simulador de Vida Real, Realístico, Boa Trama, Um Jogador, Atmosférico, Você Decide, Tempo Real, Física, Alta Rejogabilidade, Engraçado, Ação, Voo, Gerenciamento, Roguelike"
BACKROOMS: PRIMAL Demo,"Oct 19, 2026",Free,https://store.steampowered.com/app/5183670/BACKROOMS_PRIMAL_Demo/?snr=1_7_7_popularcomingsoon_150_25,"Terror, Aventura, Atmosférico, Dinossauros, Exploração, Indie, 3D, Um Jogador, Cinematográfico, Primeira Pessoa, Objetos Ocultos, Simulador Imersivo, Lovecraftiano, Vários Finais, Mitologia, Terror Psicológico, Terror de Sobrevivência, Simulador de Caminhada"
ISO/2004 Demo,"Oct 19, 2026",Free,https://store.steampowered.com/app/5183660/ISO2004_Demo/?snr=1_7_7_popularcomingsoon_150_25,"Terror, Aventura, Atmosférico, Indie, Sombrio, Imersivo, Exploração, Um Jogador, Cinematográfico, Vários Finais, Terror Psicológico, Sobrenatural, Terror de Sobrevivência"
Anomalous Coffee Machine 3 Demo,"Oct 19, 2026",Free,https://store.steampowered.com/app/5183630/Anomalous_Coffee_Machine_3_Demo/?snr=1_7_7_popularcomingsoon_150_25,"Terror Psicológico, Humor Ácido, Ficção Interativa, Violência Detalhada, 2D, Indie, Um Jogador, Anime, Colete Tudo, Sombrio, Violento, Protagonista Mulher, Hentai, Gerenciamento de Inventário, Nudez, Gerenciamento de Recursos, Simulação, Gerenciamento de Tempo, Digitação, Jogo de Palavras"
Parawyrm,"Oct 19, 2026",Indefinido,https://store.steampowered.com/app/2089530/Parawyrm/?snr=1_7_7_popularcomingsoon_150_25,"Terror de Sobrevivência, Terror, Atmosférico, Um Jogador, Investigação, Demônios, Exploração, Terror Psicológico, Simulador Imersivo, 3D, Estilizado, Aventura, Ação / Aventura, Sombrio, Simulação, Quebra-Cabeça, Primeira Pessoa, Sobrevivência, Controle, Retrô"
Project Legend Demo,"Oct 19, 2026",Free,https://store.steampowered.com/app/5128390/Project_Legend_Demo/?snr=1_7_7_popularcomingsoon_150_25,"Simulação, Esportes, RPG, Simulador de Vida Real, 2D, Minimalista, Futebol, Personalização de Personagem, Você Decide, Um Jogador, Indie"
Gypt - The Eternal Pharaoh,"Oct 19, 2026",Free,https://store.steampowered.com/app/5147910/Gypt__The_Eternal_Pharaoh/?snr=1_7_7_popularcomingsoon_150_25,"Roguelike, Estratégia, Construção de Bases, Gerenciamento de Recursos, Jogo de Mesa, Quebra-Cabeça, Indie, Gerenciamento, Tempo Real com Pausa, Histórico, Mitologia, Alta Rejogabilidade, Economia, Tático, 2D, Um Jogador"
Fall of Bali,"Oct 20, 2026",Indefinido,https://store.steampowered.com/app/2105440/Fall_of_Bali/?snr=1_7_7_popularcomingsoon_150_26,"Simulação, Estratégia, Construção de Cidades, Grande Estratégia, Simulador Político, Tática em Tempo Real, 2D, 3D, Construção, Histórico, Tático, Indie, Guerra, Um Jogador, Diplomacia, Economia, Estratégia em Tempo Real (RTS), Gerenciamento de Tempo, Jogo de Guerra, Gerenciamento"
AimZen,"Oct 19, 2026",Indefinido,https://store.steampowered.com/app/5286740/AimZen/?snr=1_7_7_popularcomingsoon_150_26,"Simulação, Tiro, Ação, Tiro em Primeira Pessoa (FPS), Minimalista, Primeira Pessoa, Atmosférico, 3D, Relaxante, Personalização de Personagem, Tutorial, Um Jogador"
SoloGami Demo,"Oct 19, 2026",Free,https://store.steampowered.com/app/4851950/SoloGami/?snr=1_7_7_popularcomingsoon_150_26,"Batalha com Cartas, Tática por Turnos, Progressão Ociosa, Quebra-Cabeça, Jogo de Tabuleiro, Cartas, Jogo de Mesa, 2D, Fofo, Engraçado, Do Bem, Aconchegante, Boa Trama, Linear, Combate em Turnos, Montagem de Decks, Casual, Desenhado à Mão, Lógica, Tático"
Anomaly Jobs : Death Row,"Oct 19, 2026",Free,https://store.steampowered.com/app/4769150/Anomaly_Jobs__Death_Row/?snr=1_7_7_popularcomingsoon_150_26,"Aventura, Quebra-Cabeça, Primeira Pessoa, Psicológico, 3D, Terror, Um Jogador, Atmosférico, Exploração, Gratuito para Jogar, Indie, Sobrenatural, Vários Finais, Realístico"
Flesh Pit Demo,"Oct 19, 2026",Free,https://store.steampowered.com/app/5133410/Flesh_Pit_Demo/?snr=1_7_7_popularcomingsoon_150_26,"Incremental, Simulação, Terror Psicológico, Primeira Pessoa, Física, 3D, Um Jogador, Terror, Progressão Ociosa"
Gloop: Liquid Physics,"Oct 20, 2026",Indefinido,https://store.steampowered.com/app/4510190/Gloop_Liquid_Physics/?snr=1_7_7_popularcomingsoon_150_26,"Casual, Simulação, Design e Ilustração, Faça o que Quiser, 2D, Abstrato, Colorido, Indie, Psicodélico, Atmosférico, Relaxante, Surrealista, Musical Procedural, Física, Um Jogador, Música, Experimental"
NODE: PROTOCOL Demo,"Oct 19, 2026",Free,https://store.steampowered.com/app/4754280/NODE_PROTOCOL_Demo/?snr=1_7_7_popularcomingsoon_150_26,"Simulação, Hacker, Cyberpunk, Faça o que Quiser, Imersivo, Realístico, Baseado em Texto, Crime, Sombrio, Jogador x Jogador (PvP), Baseado em Equipes, Indie, Um Jogador, Local para 4 Jogadores, Cooperativo, Cooperativo Local, Cooperativo On-line"
Out of the Shadows,"Oct 20, 2026",Indefinido,https://store.steampowered.com/app/3506830/Out_of_the_Shadows/?snr=1_7_7_popularcomingsoon_150_26,"Terror, Cooperativo On-line, Quebra-Cabeça, Exploração, Primeira Pessoa, Atmosférico, Cooperativo, Fuja da Sala, Baseado em Equipes, Multijogador, Terror Psicológico, Aventura, Furtivo, Mistério, Sobrenatural, Física, 3D, Controle, Jogador X Ambiente (PvE), Ação / Aventura"
Lighthouse of Madness,"Oct 21, 2026",Indefinido,https://store.steampowered.com/app/1564060/Lighthouse_of_Madness/?snr=1_7_7_popularcomingsoon_150_26,"Quebra-Cabeça, Lovecraftiano, Indie, Primeira Pessoa, Terror Psicológico, Boa Trama, Um Jogador, Atmosférico, Terror, Mistério, Simulador de Caminhada, Aventura, 3D, Linear, Sombrio, Exploração, Sobrenatural, Investigação, Objetos Ocultos, Estilizado"
Shadows of Beginnings Demo,"Oct 19, 2026",Free,https://store.steampowered.com/app/4855310/Shadows_of_Beginnings/?snr=1_7_7_popularcomingsoon_150_26,"Acesso Antecipado, RPG de Ação, Fantasia Sombria, Hack and Slash, Explorador de Calabouços, Isométrico, Terceira Pessoa, Exploração, Atmosférico, Baseado em Classes, Jogador X Ambiente (PvE), Personalização de Personagem, Boa Trama, Gótico, Sobrenatural, Terror, Gerenciamento de Inventário, Gerenciamento de Recursos, Um Jogador, RPG"
Hell Chambers Demo,"Oct 19, 2026",Free,https://store.steampowered.com/app/4980220/Hell_Chambers/?snr=1_7_7_popularcomingsoon_150_26,"Aventura, Quebra-Cabeça, Lógica, Demônios, Casual, Estilizado, 3D, Primeira Pessoa, Comédia, Um Jogador, Enredo Rico, Boa Trama, Objetos Ocultos, Indie, Linear, Romance Visual, Mistério, Conspiração, Cartunizado, História em Quadrinhos"
Beastwood Haven,"Oct 20, 2026",Indefinido,https://store.steampowered.com/app/5180150/Beastwood_Haven/?snr=1_7_7_popularcomingsoon_150_26,"Progressão Ociosa, Casual, Estratégia, 2D, Animais, Coleção de Criaturas, Construção de Bases, Um Jogador, Construção de Cidades, Indie, Simulação, Gráficos Pixelados, Automação"
Vizza Demo,"Oct 19, 2026",Free,https://store.steampowered.com/app/5225370/Vizza_Demo/?snr=1_7_7_popularcomingsoon_150_26,"Simulação, Ciência, Natureza, Relaxante, Psicodélico, Casual, Geração Procedural, Física, Faça o que Quiser, Educativo, Abstrato, Atmosférico, Colorido, Estilizado, Para Toda a Família, Software, Gratuito para Jogar, Indie, Um Jogador"
ShredDead,"Oct 26, 2026",Indefinido,https://store.steampowered.com/app/4704520/ShredDead/?snr=1_7_7_popularcomingsoon_150_26,"Incremental, Casual, Estratégia, Batalha Automática, Progressão Ociosa, Relaxante, Zumbis, Pós-Apocalíptico, Indie, Isométrico, Defesa de Torres, Gráficos Pixelados, Gerenciamento de Inventário, Gerenciamento de Recursos, Jogador X Ambiente (PvE), Um Jogador, Arcade, Alta Rejogabilidade, Curta-Metragem"
Winter Wraith,"Oct 20, 2026",Indefinido,https://store.steampowered.com/app/3849470/Winter_Wraith/?snr=1_7_7_popularcomingsoon_150_26,"RPG, RPG de Grupos, CRPG, Colorido, Isométrico, Atmosférico, Fantasia, Gótico, Lovecraftiano, Medieval, Guerra, Construção de Bases, Personalização de Personagem, Você Decide, Baseado em Classes, Combate, Rico em Diálogos, Fabricação, Gerenciamento de Inventário, Mundo Aberto"
Coin Maker Simulator,March 2027,Indefinido,https://store.steampowered.com/app/4156710/Coin_Maker_Simulator/?snr=1_7_7_popularcomingsoon_150_26,"Simulador Imersivo, Faça o que Quiser, Gerenciamento, Medieval, Física, Fabricação, Simulador de Vida Real, 3D, Primeira Pessoa, Aconchegante, Relaxante, Casual, Simulação, Colorido, Realístico, Estilizado, Atmosférico, Sátira, Gerenciamento de Recursos, Decoração"
What Lies Within Demo,"Oct 19, 2026",Free,https://store.steampowered.com/app/3489210/What_Lies_Within/?snr=1_7_7_popularcomingsoon_150_26,"Cooperativo On-line, Terror, Casual, Aventura, Primeira Pessoa, Terror Psicológico, Sobrenatural, Ficção Científica, Baseado em Equipes, Geração Procedural, Ação / Aventura, Exploração, 3D, Thriller, Jogador X Ambiente (PvE), Violento, Violência Detalhada, Multijogador, Indie, Um Jogador"
We Were Here Tomorrow: Fan Edition,"Oct 20, 2026",Indefinido,https://store.steampowered.com/app/5202830/We_Were_Here_Tomorrow_Fan_Edition/?snr=1_7_7_popularcomingsoon_150_26,"Aventura, Cooperativo, Quebra-Cabeça, Ficção Científica, Mistério, Enredo Rico, Rico em Diálogos, Cooperativo On-line, Casual, Fuja da Sala, Ação / Aventura, Exploração, Thriller, Atmosférico, Psicológico, Campanha Cooperativa, Boa Trama, Futurista, Retrô, Aconchegante"
Kasasaburo's Secret Fishing Spot Demo,"Oct 19, 2026",Free,https://store.steampowered.com/app/2115670/KasaSaburos_Secret_Fishing_Spot/?snr=1_7_7_popularcomingsoon_150_26,"Acesso Antecipado, 2D, Gráficos Pixelados, Pesca, Casual, Objetos Ocultos, Humor Ácido, Exploração, Simulador Imersivo, Incremental, Apontar e Clicar, Simulador de Vida Real, RPG, Fofo, Simulação, Fantasia, Lovecraftiano, Psicodélico, Gerenciamento de Recursos, Um Jogador"
Escape from Vlogger: Runaway,"Oct 20, 2026",Indefinido,https://store.steampowered.com/app/4554330/Escape_from_Vlogger_Runaway/?snr=1_7_7_popularcomingsoon_150_26,"Aventura, Ação, Simulação, Quebra-Cabeça, Ação / Aventura, Exploração, Objetos Ocultos, Indie, 3D, Primeira Pessoa, Engraçado, Furtivo, Terror, Comédia, Vários Finais, Mundo Aberto, Um Jogador, Gratuito para Jogar"
Worm In Winter,"Oct 20, 2026",Indefinido,https://store.steampowered.com/app/5317460/Worm_In_Winter/?snr=1_7_7_popularcomingsoon_150_26,"Aventura, Simulação, Simulador de Caminhada, Plataforma, Plataforma 3D, Objetos Ocultos, Corredor, Plataforma com Quebra-Cabeça, Terceira Pessoa, 3D, Fofo, Indie, Colorido, Engraçado, Natureza, Mundo Aberto, Um Jogador"
Sabado Demo,"Oct 20, 2026",Free,https://store.steampowered.com/app/5157790/Sabado_Demo/?snr=1_7_7_popularcomingsoon_150_26,"Simulação, Terror Psicológico, Fofo, Exploração, 3D, Atmosférico, Anime, Primeira Pessoa, Romance, Estilizado, Indie, Simulador de Caminhada, Sombrio, Humor Pesado, Terror, Você Decide, Protagonista Mulher, Vários Finais, Boa Trama, Um Jogador"
Total Shift: Wheeled Rebellion Demo,"Oct 20, 2026",Free,https://store.steampowered.com/app/5200540/Total_Shift_Wheeled_Rebellion_Demo/?snr=1_7_7_popularcomingsoon_150_26,"Ação, Aventura, Casual, Corrida, Arcade, 3D, Desenho Animado, Cartunizado, Primeira Pessoa, Terceira Pessoa, Anos 90, História Alternativa, Engraçado, Velha-Guarda, Retrô, Controle, Rico em Diálogos, Linear, Boa Trama, Um Jogador"
Best Dealt Plan,"Oct 20, 2026",Indefinido,https://store.steampowered.com/app/4684450/Best_Dealt_Plan/?snr=1_7_7_popularcomingsoon_150_26,"Estratégia, Casual, Jogo de Tabuleiro, Cartas, Jogo de Mesa, Estratégia em Turnos, Batalha com Cartas, Tática por Turnos, Minimalista, Tático, Indie, Jogador x Jogador (PvP), 2D, Multijogador, Um Jogador, Competitivo"
We Were Here Tomorrow Soundtrack,"Oct 20, 2026",Indefinido,https://store.steampowered.com/app/5202800/We_Were_Here_Tomorrow_Soundtrack/?snr=1_7_7_popularcomingsoon_150_26,Sem gênero
Bytes and Knights - Adventure,"Oct 20, 2026",Indefinido,https://store.steampowered.com/app/4742690/Bytes_and_Knights__Adventure/?snr=1_7_7_popularcomingsoon_150_26,"RPG, Jogo de Cartas, Gráficos Pixelados, Aventura, Batalha com Cartas, Estratégia, Retrô, Velha-Guarda, Montagem de Decks, Cartas, 2D, RPG de Estratégia, Visão Superior, Indie, Relaxante, Mistério, Engraçado, Troca, Combate em Turnos, Multijogador Local"
Oboro no Ichi,Q4 2026,Indefinido,https://store.steampowered.com/app/4559930/Oboro_no_Ichi/?snr=1_7_7_popularcomingsoon_150_26,"Acesso Antecipado, Construção, Relaxante, Design e Ilustração, Faça o que Quiser, Aconchegante, Casual, Fofo, Para Toda a Família, Gerenciamento, Construção de Cidades, Isométrico, Engraçado, Colorido, Exploração, Gerenciamento de Recursos, Indie, Atmosférico, Um Jogador, Visão Superior"
Keyarium Demo,"Oct 20, 2026",Free,https://store.steampowered.com/app/5178220/Keyarium_Demo/?snr=1_7_7_popularcomingsoon_150_26,"Casual, Simulação, Simulador Rural, Jogo de Mesa, Faça o que Quiser, Simulador de Vida Real, Digitação, Progressão Ociosa, Coleção de Criaturas, Visão Superior, Fofo, Realístico, Animais, Engraçado, Jogador x Jogador (PvP), Compatível com Mods, Um Jogador, Cooperativo, Cooperativo On-line, Multijogador"
Sivers,"Oct 20, 2026",Indefinido,https://store.steampowered.com/app/3402230/Sivers/?snr=1_7_7_popularcomingsoon_150_26,"Defesa de Torres, Roguelike de Ação, Visão Superior, 3D, Sombrio, Casual, Roguelike, RPG de Estratégia, RPG, Estratégia, Sobrevivência, Atmosférico, Construção de Cidades, Combate, Mundo Aberto, Fantasia, Tático, Um Jogador, RPG Tático, Simulação"
The Cardian - Light the Shrines Demo,"Oct 20, 2026",Free,https://store.steampowered.com/app/4838650/The_Cardian__Light_the_Shrines/?snr=1_7_7_popularcomingsoon_150_26,"Casual, Cartas, Roguelike, Estratégia em Turnos, Batalha com Cartas, 2D, Colorido, Fantasia, Medieval, Mitologia, Você Decide, Montagem de Decks, Tática por Turnos, Um Jogador"
Age of Empires IV: Raiders of the North,"Oct 29, 2026",$19.99,https://store.steampowered.com/app/4336170/Age_of_Empires_IV_Raiders_of_the_North/?snr=1_7_7_popularcomingsoon_150_26,"Estratégia, Estratégia em Tempo Real (RTS)"
BEASTOPIA: RAIDERS Demo,"Oct 20, 2026",Free,https://store.steampowered.com/app/4867740/BEASTOPIA_RAIDERS/?snr=1_7_7_popularcomingsoon_150_26,"Ação, Tiro de Extração, Personalização de Armas, Multijogador Massivo, Roguelike de Ação, Tiro com Saques, Aventura, Roguelite, Indie, Tiro em Terceira Pessoa, RPG, SHMUP com Visão Superior, Jogador x Jogador (PvP), Multijogador, Um Jogador, Ação / Aventura, Construção de Bases, Desenho Animado, Tiro, Sobrevivência"
Clean your Garden,"Oct 20, 2026",Indefinido,https://store.steampowered.com/app/5294080/Clean_your_Garden/?snr=1_7_7_popularcomingsoon_150_26,"Ação, Casual, Ação / Aventura, Apontar e Clicar, Arcade, Incremental, 2D, Fofo, Colorido, Aconchegante, Atmosférico, Animais, Engraçado, Natureza, Indie, Para Toda a Família, Relaxante, Sobrevivência, Automação, Combate"
Victoria 3: State and Revolution - Immersion Pack,Coming soon,Indefinido,https://store.steampowered.com/app/4314660/Victoria_3_State_and_Revolution__Immersion_Pack/?snr=1_7_7_popularcomingsoon_150_26,"Grande Estratégia, Economia, Histórico, Simulador Político, Estratégia, Capitalismo, Diplomacia, Simulação, Gerenciamento, História Alternativa, Compatível com Mods, Gerenciamento de Recursos, Tempo Real com Pausa, Faça o que Quiser, Um Jogador, Alta Rejogabilidade, Multijogador, Militar"
Ghost in the SQL Data,October 2026,Indefinido,https://store.steampowered.com/app/5072430/Ghost_in_the_SQL_Data/?snr=1_7_7_popularcomingsoon_150_26,"Detetive, Programação, Crime, Estratégia, Editor de Níveis, Mistério, Simulação, Investigação, Educativo, Quebra-Cabeça, Ficção Interativa, 2D, História em Quadrinhos, Baseado em Texto, Minimalista, Software, Um Jogador"
No Murders in Grimwick,"Oct 21, 2026",Indefinido,https://store.steampowered.com/app/5198670/No_Murders_in_Grimwick/?snr=1_7_7_popularcomingsoon_150_26,"Aventura, Mistério, Detetive, Investigação, Apontar e Clicar, Aconchegante, Humor Ácido, Rico em Diálogos, Boa Trama, Atmosférico, Desenhado à Mão, Exploração, Um Jogador, Crime, Quebra-Cabeça, Ficção Interativa, 2D, Terror, Estilizado, Cartunizado"
Boy Escape from School,"Oct 23, 2026",Indefinido,https://store.steampowered.com/app/3760470/Boy_Escape_from_School/?snr=1_7_7_popularcomingsoon_150_26,"Aventura, Quebra-Cabeça, Ação, Simulação, Terror, 3D, Ação / Aventura, Simulador Imersivo, Exploração, Primeira Pessoa, Atmosférico, Engraçado, Furtivo, Comédia, Vários Finais, Mundo Aberto, Um Jogador"
Superpower Rally: Home Guard,"Oct 20, 2026",Indefinido,https://store.steampowered.com/app/5324790/Superpower_Rally_Home_Guard/?snr=1_7_7_popularcomingsoon_150_26,"Casual, Estratégia, Defesa de Torres, História em Quadrinhos, Roguelite, 2D, Fofo, Zumbis, Anime, Vampiros, Comédia, Relaxante, Indie, Engraçado, Roguelike, Sobrevivência, Automação, Um Jogador"
Truth Beneath the Shadows,"Oct 20, 2026",Free,https://store.steampowered.com/app/3716120/Truth_Beneath_the_Shadows/?snr=1_7_7_popularcomingsoon_150_26,"Aventura, Casual, Quebra-Cabeça, Romance Visual, Ação, Objetos Ocultos, Noir, Conspiração, Detetive, Mistério, Narração Dinâmica, Boa Trama, Um Jogador, Crime, Sombrio, Ficção Interativa, Apontar e Clicar, Investigação, Exploração, Simulador Político"
Everest Trail,"Oct 20, 2026",Indefinido,https://store.steampowered.com/app/4677760/Everest_Trail/?snr=1_7_7_popularcomingsoon_150_26,"Aventura, RPG, Simulação, Ação / Aventura, Faça o que Quiser, Exploração, 3D, Primeira Pessoa, Construção, Sobrevivência, Mundo Aberto, Cooperativo, Multijogador, Cooperativo On-line"
Anomaly Cafe Demo,"Oct 20, 2026",Free,https://store.steampowered.com/app/5183640/Anomaly_Cafe_Demo/?snr=1_7_7_popularcomingsoon_150_26,"Terror Psicológico, Simulador de Vida Real, 2D, Ficção Interativa, Violência Detalhada, Conteúdo Sexual, Um Jogador, Anime, Você Decide, Sombrio, Violento, Humor Ácido, Protagonista Mulher, Hentai, Indie, Terror, Gerenciamento, Simulação, Sobrevivência, Gerenciamento de Tempo"
Cogwheel Quandary Demo,"Oct 20, 2026",Free,https://store.steampowered.com/app/5332040/Cogwheel_Quandary/?snr=1_7_7_popularcomingsoon_150_26,"Quebra-Cabeça, Casual, Tutorial, Impiedoso, 2D, Relaxante, Controle, Desenhado à Mão, Minimalista, Lógica, Indie, Para Toda a Família, Atmosférico, Física, Um Jogador"
Random & Unfair Battlefields,"Oct 20, 2026",Free,https://store.steampowered.com/app/5224050/Random__Unfair_Battlefields/?snr=1_7_7_popularcomingsoon_150_26,"Estratégia, Batalha Automática, Estratégia em Tempo Real (RTS), Tática em Tempo Real, Gerenciamento de Tempo, Jogo de Guerra, 3D, Isométrico, Estilizado, Comédia, Fantasia, Medieval, Tático, Gratuito para Jogar, Multijogador Massivo, Indie, Casual, Construção de Bases, Personalização de Personagem, Geração Procedural"
Inky's Sleep,"Oct 21, 2026",Indefinido,https://store.steampowered.com/app/3996640/Inkys_Sleep/?snr=1_7_7_popularcomingsoon_150_26,"Aventura, Atmosférico, Indie, Terror, Gatos, Um Jogador, Ação, Quebra-Cabeça, Câmera Lateral, Retrô, Fofo, 2D, Sombrio, Surrealista, Mistério, Psicodélico, Exploração, Plataforma com Quebra-Cabeça, Arcade, Comovente"
Dreams Of A Visionary,"Oct 20, 2026",Indefinido,https://store.steampowered.com/app/4429690/Dreams_Of_A_Visionary/?snr=1_7_7_popularcomingsoon_150_26,"Exploração, Ficção Interativa, Quebra-Cabeça, Primeira Pessoa, Aventura, Atmosférico, Um Jogador, Mistério, Psicológico, Surrealista, Simulador Imersivo, Escolha a sua Aventura, Ação / Aventura, 3D, Sombrio, Casual, Thriller, Indie, Sobrenatural, Gerenciamento de Inventário"
Crypt Survivor,"Oct 20, 2026",Indefinido,https://store.steampowered.com/app/5056360/Crypt_Survivor/?snr=1_7_7_popularcomingsoon_150_26,"Ação, Roguelike de Ação, RPG de Ação, Casual, Arcade, Roguelike, 2D, Indie, Medieval, Baseado em Classes, Gráficos Pixelados, RPG, Retrô, Um Jogador"
Tidy Up Frat House,"Oct 20, 2026",Indefinido,https://store.steampowered.com/app/5348250/Tidy_Up_Frat_House/?snr=1_7_7_popularcomingsoon_150_26,"Simulação, Relaxante, Casual, Colete Tudo, Limpeza, Apontar e Clicar, Organização, 3D, Aconchegante, Simulador de Emprego, Decoração, Indie, Primeira Pessoa, Simulador de Caminhada, Linear, Um Jogador"
Passage Zero,"Oct 20, 2026",Indefinido,https://store.steampowered.com/app/5165300/Passage_Zero/?snr=1_7_7_popularcomingsoon_150_26,"Terror Psicológico, Curta-Metragem, Quebra-Cabeça, Atmosférico, Terror, Mistério, Filosófico, Surrealista, Impiedoso, Experimental, Alta Rejogabilidade, Simulador de Caminhada, Minimalista, Psicológico, Linear, Sombrio, Um Jogador, Cinematográfico, Aventura, Exploração"
ASWANG HUNTER Demo,"Oct 20, 2026",Free,https://store.steampowered.com/app/4791190/ASWANG_HUNTER_Demo/?snr=1_7_7_popularcomingsoon_150_26,"Mitologia, Terror de Sobrevivência, Sombrio, 2D, Atmosférico, Estilizado, Aventura, Ficção Interativa, Terror, Terror Psicológico, Indie, Violência Detalhada, Violento, Sobrevivência, Combate, Um Jogador"
"TWIN Hotel, Spa and More Demo","Oct 20, 2026",Free,https://store.steampowered.com/app/4867650/TWIN_Hotel_Spa_and_More/?snr=1_7_7_popularcomingsoon_150_26,"Terror Psicológico, Atmosférico, Mistério, Minimalista, Terror, Simulação, Apontar e Clicar, Simulador de Caminhada, Primeira Pessoa, 3D, Tiro em Primeira Pessoa (FPS), Realístico, Sombrio, Demônios, Surrealista, Um Jogador, Você Decide, Psicológico, Indie, Linear"
Godzilla: Destroy All Monsters Melee Remastered,"Nov 3, 2026",Indefinido,https://store.steampowered.com/app/4251460/Godzilla_Destroy_All_Monsters_Melee_Remastered/?snr=1_7_7_popularcomingsoon_150_27,"Multijogador, Remake, Destruição, Nostalgia, Luta, Dinossauros, Ação, Reúna a Galera, Luta 3D, Jogador x Jogador (PvP), 3D, Dragões, Controle, Local para 4 Jogadores, Realístico, Anos 80, Anos 90, Super-Heróis, Cinematográfico, Alienígenas"
Dead Man's Deck,"Oct 20, 2026",Indefinido,https://store.steampowered.com/app/5258760/Dead_Mans_Deck/?snr=1_7_7_popularcomingsoon_150_27,"Estratégia, Roguelike de Ação, Batalha com Cartas, Montagem de Decks, Gráficos Pixelados, Piratas, Combate, Um Jogador"
merchant GAME,"Oct 20, 2026",Indefinido,https://store.steampowered.com/app/4692410/merchant_GAME/?snr=1_7_7_popularcomingsoon_150_27,"Simulação, Gerenciamento de Lojas, Jogo de Mesa, Um Jogador, Casual, Jogo de Tabuleiro, Economia, Medieval, Fantasia, 2D, Gráficos Pixelados"
Zombie Assault: Resurgence,"Oct 28, 2026",Indefinido,https://store.steampowered.com/app/2747660/Zombie_Assault_Resurgence/?snr=1_7_7_popularcomingsoon_150_27,"Ação, RPG, RPG de Ação, Tiro, SHMUP com Visão Superior, 3D, Visão Superior, Sombrio, Terror, Ficção Científica, Espacial, Sobrevivência, Zumbis, Boa Trama, Personalização de Personagem, Baseado em Classes, Combate, Personalização de Armas, Multijogador, Cooperativo On-line"
Brush duel,"Oct 20, 2026",Indefinido,https://store.steampowered.com/app/3331850/Brush_duel/?snr=1_7_7_popularcomingsoon_150_27,"Casual, Atmosférico, Estilizado, Design e Ilustração, Fofo, Minimalista, Cartunizado, Desenhado à Mão, Colorido, Relaxante, Retrô, Aconchegante, Comovente, Simulação, Indie, Comédia, Jogador x Jogador (PvP), 2D, Multijogador, Um Jogador"
Halloween Tidy Up,"Oct 20, 2026",Indefinido,https://store.steampowered.com/app/2309180/Halloween_Tidy_Up/?snr=1_7_7_popularcomingsoon_150_27,"Casual, Um Jogador, Arcade, 2D, Desenho Animado, Cartunizado, Gerenciamento, Indie"
Young Suns,"Nov 3, 2026",Indefinido,https://store.steampowered.com/app/4149610/Young_Suns/?snr=1_7_7_popularcomingsoon_150_27,"Simulador de Vida Real, Aconchegante, Exploração, Boa Trama, Espacial, Personalização de Personagem, Naves Espaciais, Relaxante, Colorido, Ficção Científica, Fofo, Narrativa, Mundo Aberto, Cooperativo On-line, Campanha Cooperativa, Cooperativo, Multijogador, Um Jogador, Gerenciamento de Recursos, Aventura"
Silver Valley Screams,"Oct 20, 2026",Indefinido,https://store.steampowered.com/app/4831660/Silver_Valley_Screams/?snr=1_7_7_popularcomingsoon_150_27,"Ação, Terror de Sobrevivência, Aventura, Exploração, Primeira Pessoa, Conspiração, Tiro, Retrô, Tiro em Primeira Pessoa (FPS), Ação / Aventura, Estilizado, Violência Detalhada, Violento, Vários Finais, Um Jogador, Gerenciamento de Recursos, Atmosférico, Mundo Aberto, Terror, Personalização de Personagem"
Virtue and a Sledgehammer,"Oct 27, 2026",Indefinido,https://store.steampowered.com/app/3743260/Virtue_and_a_Sledgehammer/?snr=1_7_7_popularcomingsoon_150_27,"Ação, Aventura, 3D, Atmosférico, Sombrio, Ação / Aventura, Comovente, Simulador de Caminhada, Terceira Pessoa, Estilizado, Colorido, Protagonista Mulher, Violento, Cinematográfico, Combate, Controle, Um Jogador, Exploração, Boa Trama, Narrativa"
Sun To Sun: Endure,"Oct 20, 2026",Indefinido,https://store.steampowered.com/app/5340990/Sun_To_Sun_Endure/?snr=1_7_7_popularcomingsoon_150_27,"Roguelike de Ação, Cooperativo On-line, Paraíso de Balas, Cooperativo, Roguelite, Controle com Alavanca Dupla, RPG de Ação, SHMUP com Visão Superior, 2D, Ação, Visão Superior, Gráficos Pixelados, Demônios, Fantasia, RPG, Indie, Acesso Antecipado, Fantasia Sombria, Medieval, Zumbis"
ALYSSA,"Oct 22, 2026",Indefinido,https://store.steampowered.com/app/2420580/ALYSSA/?snr=1_7_7_popularcomingsoon_150_27,"Terror Psicológico, Primeira Pessoa, Violência Detalhada, Terror, Simulador de Caminhada, Exploração, Boa Trama, Aventura, Um Jogador, Realístico, Terror de Sobrevivência, Atmosférico, Quebra-Cabeça, Protagonista Mulher, Vários Finais, Furtivo, Thriller, Sobrenatural, Indie, Violento"
The Curse of Ooty,"Oct 20, 2026",Indefinido,https://store.steampowered.com/app/3811500/The_Curse_of_Ooty/?snr=1_7_7_popularcomingsoon_150_27,"Aventura, Simulação, Indie, Ação / Aventura, Exploração, Primeira Pessoa, Terror, Mundo Aberto, Um Jogador, Sombrio"
Beyond the First Star Demo,"Oct 20, 2026",Free,https://store.steampowered.com/app/4983920/Beyond_the_First_Star/?snr=1_7_7_popularcomingsoon_150_27,"Mandando Bala, Câmera Lateral, Inferno de Balas, Roguelite, Paraíso de Balas, Pontos, Pontos, Pontos!, Ação, Arcade, Tiro, Um Jogador, 2D, Ficção Científica, Combate com Veículos, Jogador X Ambiente (PvE), Retrô, Combate, Para Toda a Família, Anos 90, Baseado em Classes, Controle"
Quantum Go,"Oct 20, 2026",Indefinido,https://store.steampowered.com/app/5146460/Quantum_Go/?snr=1_7_7_popularcomingsoon_150_27,"Estratégia, Jogo de Tabuleiro, Jogo de Mesa, 2D, Relaxante, Você Decide, Gráficos Pixelados, Tático, Retrô, Multijogador, Um Jogador"
永眠之匣雪上之樱 Demo,"Oct 20, 2026",Free,https://store.steampowered.com/app/4725890/_/?snr=1_7_7_popularcomingsoon_150_27,"Romance Visual, Ficção Científica, Romance, Robôs, Baseado em Texto, Enredo Rico, Comédia, Simulação, 2D, Atmosférico, Casual, Comovente, Fofo, Boa Trama, Linear, Futurista, Anime, Cartunizado, Neve, Um Jogador"
One Dumb Wizard,"Oct 21, 2026",Indefinido,https://store.steampowered.com/app/4603250/One_Dumb_Wizard/?snr=1_7_7_popularcomingsoon_150_27,"Acesso Antecipado, Roguelike de Ação, Exploração, Tiro com Saques, Explorador de Calabouços, Roguelite, Jogador X Ambiente (PvE), Tiro, RPG de Ação, Ação / Aventura, Roguelike, RPG, 2D, Visão Superior, Engraçado, Ação, Gráficos Pixelados, Colorido, Fantasia, Mágica"
ASPIS,"Oct 23, 2026",Indefinido,https://store.steampowered.com/app/3129420/ASPIS/?snr=1_7_7_popularcomingsoon_150_27,"Thriller, Exploração, Ficção Científica, Ação / Aventura, Primeira Pessoa, 3D, Terror, Tiro, Enredo Rico, História Alternativa, Terror Psicológico, Quebra-Cabeça, Boa Trama, Tiro em Primeira Pessoa (FPS), Ação, Realístico, Ciência, Demônios, Mistério, Aventura"
Halls of Torment - The Lost Archives,"Oct 22, 2026",Indefinido,https://store.steampowered.com/app/4100210/Halls_of_Torment__The_Lost_Archives/?snr=1_7_7_popularcomingsoon_150_27,"Roguelike de Ação, Roguelite, Inferno de Balas, Gráficos Pixelados, Fantasia Sombria, RPG de Ação, Roguelike, Ação, RPG, Arcade, Hack and Slash, Visão Superior, Paraíso de Balas, 2D, Um Jogador, Demônios, Gótico, Sombrio, Atmosférico, Fantasia"
CGC - Cemetery,"Oct 20, 2026",Indefinido,https://store.steampowered.com/app/4985010/CGC__Cemetery/?snr=1_7_7_popularcomingsoon_150_27,"Simulação, Terror, Terror Psicológico, Terror de Sobrevivência, Aventura, Primeira Pessoa, Um Jogador, Psicológico, Sobrenatural, 3D, Ficção Interativa, Indie, Simulador de Caminhada, Sobrevivência, Você Decide, Vários Finais"
Wuxia Survivor: Return,"Oct 21, 2026",Indefinido,https://store.steampowered.com/app/5064300/Wuxia_Survivor_Return/?snr=1_7_7_popularcomingsoon_150_27,"RPG, Roguelike Tradicional, Estratégia, Roguelike de Ação, Wuxia, Aventura, Samurai, Ação / Aventura, RPG de Ação, RPG de Estratégia, Estratégia em Tempo Real com Ação, 2,5D, Ação, Indie, Casual, Visão Superior, Primeira Pessoa, Xianxia, Espada, Relaxante"
The Mailroom,"Oct 26, 2026",Indefinido,https://store.steampowered.com/app/3965430/The_Mailroom/?snr=1_7_7_popularcomingsoon_150_27,"Terror, Terror Psicológico, Simulador Imersivo, Quebra-Cabeça, Gerenciamento, Casual, Atmosférico, Simulador de Vida Real, Simulador de Caminhada, Primeira Pessoa, Comédia, 3D, Linear, Boa Trama, Investigação, Simulação, Gráficos Pixelados, Aventura, Psicológico, Estilizado"
ゆめみるサクラの卒業式,"Oct 22, 2026",Indefinido,https://store.steampowered.com/app/5292500/_/?snr=1_7_7_popularcomingsoon_150_27,"Escolha a sua Aventura, Romance Visual, Aventura, Protagonista Mulher, 2D, Fofo, Rico em Diálogos, Boa Trama, Gráficos Pixelados, Indie, Um Jogador"
Terra Machina,"Oct 22, 2026",Indefinido,https://store.steampowered.com/app/5339480/Terra_Machina/?snr=1_7_7_popularcomingsoon_150_27,"Faça o que Quiser, Automação, Gerenciamento de Recursos, Ação, Construção de Bases, Exploração, Gráficos Pixelados, Fofo, Relaxante, 2D, Fabricação, Indie, Um Jogador, Multijogador"
Vampy's Big Day,"Oct 27, 2026",Indefinido,https://store.steampowered.com/app/4287040/Vampys_Big_Day/?snr=1_7_7_popularcomingsoon_150_27,"Fofo, Engraçado, Você Decide, Boa Trama, Vários Finais, Comédia, Exploração, Quebra-Cabeça, Um Jogador, Vampiros, Furtivo, Cartunizado, Aventura, Gráficos Pixelados, Indie, Colorido"
Magical Girl ER,"Oct 27, 2026",Indefinido,https://store.steampowered.com/app/4395870/Magical_Girl_ER/?snr=1_7_7_popularcomingsoon_150_27,"Indie, Simulador Médico, Terror, Romance Visual, Mágica, Desenhado à Mão, 2D, Simulação, Sombrio, Boa Trama, Vários Finais, Fofo, Gerenciamento de Recursos, Terror Psicológico, Conspiração, Um Jogador, Mistério, Incremental, Multijogador, Cooperativo On-line"
ARCS,"Oct 21, 2026",Indefinido,https://store.steampowered.com/app/4409620/ARCS/?snr=1_7_7_popularcomingsoon_150_27,"Ação, Tiro, Visão Superior, Um Jogador, SHMUP com Visão Superior, Tático, Indie, Controle"
Project President,"Oct 21, 2026",Indefinido,https://store.steampowered.com/app/4687440/Project_President/?snr=1_7_7_popularcomingsoon_150_27,"Estratégia, Simulação, Simulador Político, Simulador Imersivo, 2D, Você Decide, Um Jogador"
Persona 4 Revival,"Feb 18, 2027",$69.99,https://store.steampowered.com/app/2963950/Persona_4_Revival/?snr=1_7_7_popularcomingsoon_150_27,Sem gênero
SoundWave,"Oct 21, 2026",Indefinido,https://store.steampowered.com/app/5158930/SoundWave/?snr=1_7_7_popularcomingsoon_150_27,"Utilitários, Produção de Áudio, Música, Software"
CUSTOM PENNANT BASEBALL,"Oct 21, 2026",Indefinido,https://store.steampowered.com/app/5101820/CUSTOM_PENNANT_BASEBALL/?snr=1_7_7_popularcomingsoon_150_27,"Beisebol, Esportes, Simulação, Estratégia, Compatível com Mods, Faça o que Quiser, Indie, Um Jogador, Personalização de Personagem, Gerenciamento de Recursos"
Wartide,"Oct 21, 2026",Indefinido,https://store.steampowered.com/app/4303660/Wartide/?snr=1_7_7_popularcomingsoon_150_27,"Companheiro de Área de Trabalho, Ação, Defesa de Torres, Militar, Guerra, Incremental, Casual, Progressão Ociosa, Gerenciamento de Recursos, Batalha Automática, Jogador X Ambiente (PvE), Tempo Real, Estratégia, Isométrico, Relaxante, Indie, Violento, Gerenciamento, Minimalista, Tático"
VoxPrinceps: The Political Game,"Oct 21, 2026",Indefinido,https://store.steampowered.com/app/5238680/VoxPrinceps_The_Political_Game/?snr=1_7_7_popularcomingsoon_150_27,"Estratégia, Simulador Político, Você Decide, Simulação, Ficção Interativa, Baseado em Texto, Gerenciamento de Tempo, Sátira, Gráficos Pixelados, 2D, Um Jogador, Lógica, Estilizado, Engraçado"
Milo,"Oct 29, 2026",Indefinido,https://store.steampowered.com/app/2665020/Milo/?snr=1_7_7_popularcomingsoon_150_27,"Tiro em Primeira Pessoa (FPS), Jogador X Ambiente (PvE), Cooperativo On-line, Terror, Cooperativo, Sobrevivência, Violência Detalhada, Humor Ácido, Guerra, Controle, Um Jogador, Zumbis, Tiro, Violento, Acesso Antecipado, Ação, Indie, Sombrio, Cultos, Primeira Pessoa"
Night Plane,"Oct 26, 2026",Indefinido,https://store.steampowered.com/app/3310570/Night_Plane/?snr=1_7_7_popularcomingsoon_150_27,"Terror Psicológico, Terror, Indie, Atmosférico, Retrô, Simulação, Você Decide, Comédia, Simulador Imersivo, Simulador de Emprego, Vários Finais, Quebra-Cabeça, Mistério, Thriller, Um Jogador, Primeira Pessoa, Aventura, Exploração, Estilizado, Boa Trama"
Dumpster Gang,December 2026,Indefinido,https://store.steampowered.com/app/2870790/Dumpster_Gang/?snr=1_7_7_popularcomingsoon_150_27,"Multijogador, Simulação, Física, Engraçado, Cooperativo On-line, Exploração, Cooperativo, Ação, Aventura, Saques, Faça o que Quiser, Personalização de Personagem, 3D, Fofo, Casual, Plataforma, Colorido, Comédia, Plataforma 3D, Um Jogador"
Fish Wrangler,"Oct 21, 2026",Free,https://store.steampowered.com/app/5278050/Fish_Wrangler/?snr=1_7_7_popularcomingsoon_150_27,"Casual, RPG, Estratégia, RPG de Estratégia, Progressão Ociosa, Gratuito para Jogar, Cartunizado, Desenhado à Mão, Baseado em Texto, Pesca, Fabricação, Indie, Linear, Simulação, Boa Trama, Multijogador, Um Jogador"
One More Letter,"Oct 21, 2026",Free,https://store.steampowered.com/app/5186260/One_More_Letter/?snr=1_7_7_popularcomingsoon_150_27,"Simulador de Caminhada, Aventura, Boa Trama, Atmosférico, Filosófico, Comovente, Psicológico, Terror Psicológico, Sombrio, Noir, Ficção Interativa, Exploração, 3D, Primeira Pessoa, Gratuito para Jogar, Indie, Realístico, Mistério, Surrealista, Rico em Diálogos"
Hippocratic Chaos,"Oct 21, 2026",Indefinido,https://store.steampowered.com/app/5324810/Hippocratic_Chaos/?snr=1_7_7_popularcomingsoon_150_27,"Simulação, Reúna a Galera, Simulador de Emprego, Simulador Médico, Gerenciamento de Tempo, 3D, Cartunizado, Colorido, Primeira Pessoa, Estilizado, Terceira Pessoa, Comédia, Direção, Economia, Engraçado, Acesso Antecipado, Casual, Gerenciamento, Em Grupos, Baseado em Classes"
Lost Liminal,"Oct 22, 2026",Indefinido,https://store.steampowered.com/app/3491960/_Lost_Liminal/?snr=1_7_7_popularcomingsoon_150_27,"Terror, Atmosférico, Terror Psicológico, Primeira Pessoa, Mistério, Quebra-Cabeça, Ação, Thriller, Ação / Aventura, Estilizado, RPG, Surrealista, RPG de Ação, Simulador Imersivo, CRPG, 3D, Anos 80, Anos 90, Ficção Científica, Boa Trama"
Death Rabbit,"Oct 23, 2026",Indefinido,https://store.steampowered.com/app/2567780/Death_Rabbit/?snr=1_7_7_popularcomingsoon_150_27,"Ação, Aventura, RPG, Terror, Estratégia, Zumbis, RPG de Ação, Ação / Aventura, Exploração, Tiro em Terceira Pessoa, 3D, Cinematográfico, Colorido, Terceira Pessoa, Trens, Subterrâneo, Protagonista Mulher, Gerenciamento de Inventário, Gerenciamento de Recursos, Um Jogador"
JIGOKU YUGI: Only The Last Gambler Standing Returns to Life,"Oct 21, 2026",Indefinido,https://store.steampowered.com/app/5297320/JIGOKU_YUGI_Only_The_Last_Gambler_Standing_Returns_to_Life/?snr=1_7_7_popularcomingsoon_150_27,"Reúna a Galera, Psicológico, Humor Ácido, Anime, Romance Visual, Vários Finais, Thriller, Batalha com Cartas, Estilizado, Aventura, Esportes, Pôquer, Indie, Ação, 2D, Comédia, Engraçado, Mistério, Boa Trama, Um Jogador"
Hostile Architect,To be announced,Indefinido,https://store.steampowered.com/app/4768160/Hostile_Architect/?snr=1_7_7_popularcomingsoon_150_27,"Estratégia, Simulação, Defesa de Torres, Construção de Bases, Física, Roguelike, Plataforma 2D, Paraíso de Balas, Roguelite, Construção, Montagem de Decks, 2D, Um Jogador, Parar o Tempo, Tutorial, Gerenciamento, Jogador X Ambiente (PvE), Economia, Casual, Combate"
A Place for Every Potion,"Oct 28, 2026",Indefinido,https://store.steampowered.com/app/5189500/A_Place_for_Every_Potion/?snr=1_7_7_popularcomingsoon_150_27,"Organização, Aconchegante, Quebra-Cabeça, Relaxante, Colete Tudo, Gótico, Mágica, Casual, Simulação, Objetos Ocultos, 3D, Primeira Pessoa, Indie, Colorido, Estilizado, Fantasia, Lógica, Pontos, Pontos, Pontos!, Atmosférico, Um Jogador"
Garden of the Dead,"Oct 21, 2026",Indefinido,https://store.steampowered.com/app/5244710/Garden_of_the_Dead/?snr=1_7_7_popularcomingsoon_150_27,"Estratégia, Defesa de Torres, Casual, Jogador X Ambiente (PvE), 2D, Visão Superior, Pós-Apocalíptico, Ação, Indie, Zumbis, Sombrio, Um Jogador"
Subject Zero,"Oct 21, 2026",Indefinido,https://store.steampowered.com/app/4731510/Subject_Zero/?snr=1_7_7_popularcomingsoon_150_27,"Escolha a sua Aventura, Exploração, Simulador Imersivo, Quebra-Cabeça, Ação / Aventura, Primeira Pessoa, 3D, Terror, Terror Psicológico, Boa Trama, Rico em Diálogos, Realístico, Ficção Científica, Aventura, Sobrenatural, Um Jogador, Indie, Acesso Antecipado, Simulação, Ação"
Solo Shift! Karaoke,"Oct 21, 2026",Indefinido,https://store.steampowered.com/app/5329480/Solo_Shift_Karaoke/?snr=1_7_7_popularcomingsoon_150_27,"Ação, Casual, Indie, Simulação, Cooperativo Local, Cooperativo, Um Jogador, Multijogador, Multijogador Local, Pontos, Pontos, Pontos!, Culinária, Gerenciamento, Arcade, Plataforma 3D, 3D, Fofo, Anime, Visão Superior, Para Toda a Família, Controle"
MowIt : Grass Cutting Simulator,"Oct 21, 2026",Indefinido,https://store.steampowered.com/app/3856400/MowIt__Grass_Cutting_Simulator/?snr=1_7_7_popularcomingsoon_150_27,"Casual, Simulação, Relaxante, Cooperativo, 3D, Multijogador, Simulador de Vida Real, Indie, Simulador Imersivo, Primeira Pessoa, Realístico, Colorido, Natureza, Engraçado, Cooperativo On-line, Acesso Antecipado, Física, Personalização de Personagem, Campanha Cooperativa, Um Jogador"
Hunting Simulator 3,"Oct 29, 2026",Indefinido,https://store.steampowered.com/app/2482760/Hunting_Simulator_3/?snr=1_7_7_popularcomingsoon_150_27,Sem gênero
Catch Meow If You Can,"Oct 29, 2026",Indefinido,https://store.steampowered.com/app/4306070/Catch_Meow_If_You_Can/?snr=1_7_7_popularcomingsoon_150_27,"Multijogador, Cooperativo On-line, Cooperativo, Comédia, Gatos, Aventura, 3D, Física, Primeira Pessoa, Sobrevivência, Terror, Ação, Engraçado, Quebra-Cabeça, Plataforma 3D, Tiro em Primeira Pessoa (FPS), Um Jogador, Cartunizado, Jogador X Ambiente (PvE), Em Grupos"
Tattoo Shop Owner Demo,"Oct 21, 2026",Free,https://store.steampowered.com/app/5239860/Tattoo_Shop_Owner/?snr=1_7_7_popularcomingsoon_150_27,"Aventura, Casual, Simulação, Simulador de Vida Real, Romance Visual, Exploração, Gerenciamento de Lojas, Gerenciamento de Tempo, 3D, Fofo, Primeira Pessoa, Gráficos Pixelados, Estilizado, Atmosférico, Capitalismo, Comédia, Humor Ácido, Economia, Engraçado, Jogos de Azar"
Screen Stocks,"Oct 27, 2026",Indefinido,https://store.steampowered.com/app/4356780/Screen_Stocks/?snr=1_7_7_popularcomingsoon_150_28,"Estratégia, Companheiro de Área de Trabalho, Incremental, Minimalista, Progressão Ociosa, Anos 90, Retrô, 2D, Simulação, Gerenciamento de Recursos, Multijogador, Gerenciamento, Jogador x Jogador (PvP), Multijogador Massivo, Economia, Troca, Capitalismo, Gerenciamento de Lojas, Gráficos Pixelados, Um Jogador"
Midnight Launch: A Gameshop Sim,"Oct 22, 2026",Indefinido,https://store.steampowered.com/app/3827330/Midnight_Launch_A_Gameshop_Sim/?snr=1_7_7_popularcomingsoon_150_28,"Simulação, Gerenciamento, Indie, Casual, Multijogador, Cooperativo On-line"
Softboiled,"Oct 21, 2026",Indefinido,https://store.steampowered.com/app/4454110/Softboiled/?snr=1_7_7_popularcomingsoon_150_28,"Plataforma de Precisão, Impiedoso, Física, Plataforma 3D, Plataforma, Terceira Pessoa, 3D, Um Jogador, Simulação, Indie, Ação, Parkour, Linear, Controle"
SpacePorts,"Oct 21, 2026",Indefinido,https://store.steampowered.com/app/4872940/SpacePorts/?snr=1_7_7_popularcomingsoon_150_28,"Casual, Estratégia, Batalha Automática, Estratégia em Turnos, Progressão Ociosa, Gerenciamento de Tempo, Minimalista, Baseado em Texto, Anos 90, Alienígenas, Capitalismo, Economia, Futurista, Lógica, Gerenciamento, Velha-Guarda, Estratégia em Tempo Real (RTS), Objetos Ocultos, 2D, Mineração"
Tidy Farm,"Oct 26, 2026",Indefinido,https://store.steampowered.com/app/5226940/Tidy_Farm/?snr=1_7_7_popularcomingsoon_150_28,"Relaxante, Organização, Simulação, Colete Tudo, Objetos Ocultos, Limpeza, Casual, Gerenciamento de Lojas, Simulador Imersivo, Aconchegante, Quebra-Cabeça, Agricultura, Animais, Atmosférico, Simulador Rural, Indie, 3D, Fofo, Primeira Pessoa, Engraçado"
Hurl,"Oct 21, 2026",Indefinido,https://store.steampowered.com/app/5144200/Hurl/?snr=1_7_7_popularcomingsoon_150_28,"Multijogador, Ação, Em Grupos, Multijogador Local, Comédia, Plataforma 2D, Violência Detalhada, Arcade, Editor de Níveis, Gráficos Pixelados, Reúna a Galera, 2D, Colorido, Indie, Local para 4 Jogadores, Humor Ácido, Combate, Controle, Plataforma de Precisão, Tiro em Arena"
Hypernet Explorer,"Oct 30, 2026",Indefinido,https://store.steampowered.com/app/4193010/Hypernet_Explorer/?snr=1_7_7_popularcomingsoon_150_28,"RPG, Simulação, JRPG, Faça o que Quiser, Simulador de Vida Real, Simulador Espacial, Roguelike, Explorador de Calabouços, Progressão Ociosa, Roguelite, Simulador Político, 2D, Alienígenas, Ficção Científica, Anos 90, Fantasia Sombria, Mágica, História Alternativa, Ciência, Espacial"
Abandoned Hearts,"Oct 21, 2026",Indefinido,https://store.steampowered.com/app/2488560/Abandoned_Hearts/?snr=1_7_7_popularcomingsoon_150_28,"Quebra-Cabeça, Um Jogador, Exploração, Terror, Primeira Pessoa, Furtivo, Aventura, Física, Ação, Vários Finais, Indie, Simulador de Caminhada, 3D, Atmosférico, Sombrio, Mistério, Terror de Sobrevivência, Linear, Violência Detalhada, Violento"
"Run, Run from the Blast!","Oct 21, 2026",Indefinido,https://store.steampowered.com/app/4247410/Run_Run_from_the_Blast/?snr=1_7_7_popularcomingsoon_150_28,"Arcade, Ação, Plataforma, Roguelike de Ação, Pontos, Pontos, Pontos!, Vários Finais, Aventura, Câmera Lateral, Corredor, Plataforma 2D, Roguelite, 2D, Indie, Gráficos Pixelados, Guerra, Sobrevivência, Um Jogador"
Marimomo Demo,"Oct 21, 2026",Free,https://store.steampowered.com/app/5109980/Marimomo_Demo/?snr=1_7_7_popularcomingsoon_150_28,"Coleção de Criaturas, Companheiro de Área de Trabalho, Simulador de Passatempo, Casual, Aconchegante, Decoração, Simulação, Colete Tudo, Apontar e Clicar, Fofo, Animais, Natureza, Do Bem, Para Toda a Família, Indie, Atmosférico, Um Jogador, Tutorial, Física, Colorido"
Rock Band Simulator,"Oct 27, 2026",Indefinido,https://store.steampowered.com/app/4697880/Rock_Band_Simulator/?snr=1_7_7_popularcomingsoon_150_28,"Exploração, Simulador Imersivo, Rock, Simulador de Vida Real, Ação, Ação / Aventura, Simulação, 3D, Primeira Pessoa, Humor Ácido, Linear, Boa Trama, Indie, Atmosférico, Estilizado, Anos 90, Combate, Um Jogador"
Postpartum | 산후조리원,"Oct 22, 2026",Indefinido,https://store.steampowered.com/app/5283650/Postpartum/?snr=1_7_7_popularcomingsoon_150_28,"Terror Psicológico, Terror, Exploração, Simulador Imersivo, Simulador de Caminhada, Realístico, Boa Trama, Você Decide, 3D, Vários Finais, Indie, Primeira Pessoa, Simulação, Thriller, Atmosférico, Um Jogador"
Sakura Hime 7,"Oct 22, 2026",Indefinido,https://store.steampowered.com/app/3596870/Sakura_Hime_7/?snr=1_7_7_popularcomingsoon_150_28,"Casual, Simulação, RPG, Simulador de Encontros, Romance Visual, Quebra-Cabeça, Progressão Ociosa, Tiro em Primeira Pessoa (FPS), 2D, Anime, Fofo, Indie, Gatos, Protagonista Mulher, Um Jogador, Nudez, Hentai, Conteúdo Sexual"
HEROES' BATTLE HYMN：Demonfire Era,October 2026,Indefinido,https://store.steampowered.com/app/4838790/HEROES_BATTLE_HYMNDemonfire_Era/?snr=1_7_7_popularcomingsoon_150_28,"RPG, RPG Tático, Tática em Tempo Real, RPG de Ação, Histórico, História Alternativa, Gráficos Pixelados, Combate, Casual, Estratégia, Indie, RPG de Grupos, Tático, Plataforma 2D, Estratégia em Tempo Real com Ação, Retrô, Jogo de Guerra, Guerra, 2D, Wuxia"
Guixu Cultivation: Mortal Realm,"Oct 22, 2026",Indefinido,https://store.steampowered.com/app/5264930/Guixu_Cultivation_Mortal_Realm/?snr=1_7_7_popularcomingsoon_150_28,"RPG, RPG Tático, Plataforma 2D, Simulação, Estratégia em Turnos, RPG de Estratégia, 2D, Enredo Rico, Boa Trama, Acesso Antecipado, Fantasia, Fantasia Sombria, Um Jogador"
PupRacers,"Oct 22, 2026",Free,https://store.steampowered.com/app/5155810/PupRacers/?snr=1_7_7_popularcomingsoon_150_28,"Corrida, Ação, Aventura, Casual, Ação / Aventura, Arcade, Exploração, Terceira Pessoa, Cachorros, Gratuito para Jogar, Indie, Acesso Antecipado, Engraçado, Jogador x Jogador (PvP), Multijogador, Um Jogador"
Empty The Lake!,"Oct 22, 2026",Indefinido,https://store.steampowered.com/app/5291460/Empty_The_Lake/?snr=1_7_7_popularcomingsoon_150_28,"Simulação, Incremental, Casual, Apontar e Clicar, Natureza, Colete Tudo, Estilizado, Primeira Pessoa, Colorido, Aconchegante, Linear, Indie, Simulador de Emprego, Relaxante, Faça o que Quiser, 3D, Um Jogador"
Racefoot Manager Demo,"Oct 22, 2026",Free,https://store.steampowered.com/app/5271480/Racefoot_Manager/?snr=1_7_7_popularcomingsoon_150_28,"Corrida, Esportes, Gerenciamento de Tempo, Estratégia, Gerenciamento de Lojas, Simulação, Gerenciamento, Simulador Automobilístico, Grande Estratégia, 2D, Baseado em Texto, Um Jogador, Mod"
Retro Pond,"Oct 22, 2026",Indefinido,https://store.steampowered.com/app/4541170/Retro_Pond/?snr=1_7_7_popularcomingsoon_150_28,"Simulação, Faça o que Quiser, Gráficos Pixelados, Batalha com Cartas, Retrô, 2D, Fofo, Montagem de Decks, Colorido, Gerenciamento, Velha-Guarda, Rico em Diálogos, Pesca, Um Jogador, Simulador Imersivo, Construção, Personalização de Personagem, Geração Procedural, Estratégia, Indie"
Rayman Legends Retold,"Dec 3, 2026",$39.99,https://store.steampowered.com/app/4084710/Rayman_Legends_Retold/?snr=1_7_7_popularcomingsoon_150_28,"Ação / Aventura, Plataforma, Câmera Lateral, Cooperativo Local, Ritmo Rápido, Plataforma 2D, Cooperativo, Local para 4 Jogadores, Colorido, Para Toda a Família, Ação, Aventura, Cartunizado, Ritmo, Exploração, Colete Tudo, Arcade, Um Jogador, Engraçado, Reúna a Galera"
Fangtopia,"Oct 26, 2026",Indefinido,https://store.steampowered.com/app/3010170/Fangtopia/?snr=1_7_7_popularcomingsoon_150_28,"Quebra-Cabeça, Relaxante, Construção de Cidades, Estratégia em Turnos, Casual, Lógica, Jogo de Tabuleiro, Estratégia, Faça o que Quiser, Simulação, Gerenciamento de Recursos, Minimalista, Para Toda a Família, Fantasia, Desenhado à Mão, Um Jogador, Aconchegante, Vampiros, Sobrenatural, Lobisomens"
Protect the Pit,"Oct 23, 2026",Indefinido,https://store.steampowered.com/app/4240850/Protect_the_Pit/?snr=1_7_7_popularcomingsoon_150_28,"Incremental, Defesa de Torres, Estratégia, Estratégia em Turnos, Progressão Ociosa, Batalha Automática, Casual, Simulação, Visão Superior, Cartas, Roguelike, Gráficos Pixelados, Medieval, Combate, Relaxante, Curta-Metragem, Fantasia, Arcade, Minimalista, Um Jogador"
Tow Game,"Oct 22, 2026",Indefinido,https://store.steampowered.com/app/3690870/Tow_Game/?snr=1_7_7_popularcomingsoon_150_28,"Indie, Simulação, Casual, Direção, Engraçado, Física, Destruição, Terceira Pessoa, 3D, Colorido, Arcade, Ação, Impiedoso, Trilha Sonora, Um Jogador, Gráficos Pixelados, Tutorial, Pontos, Pontos, Pontos!, Controle, Corrida"
The World's Shortest Horror Game,"Oct 22, 2026",Indefinido,https://store.steampowered.com/app/5101180/The_Worlds_Shortest_Horror_Game/?snr=1_7_7_popularcomingsoon_150_28,"Terror, Comédia, Indie, Curta-Metragem, Casual, Atmosférico, Humor Ácido, Terror Psicológico, Experimental, Minimalista, Apontar e Clicar, Um Jogador, 2D, Cinematográfico, Engraçado, Surrealista"
The 31st Student,"Oct 22, 2026",Indefinido,https://store.steampowered.com/app/5269280/The_31st_Student/?snr=1_7_7_popularcomingsoon_150_28,"Terror Psicológico, Terror, Exploração, Mistério, Atmosférico, Primeira Pessoa, Boa Trama, Aventura, Investigação, Simulador de Caminhada, Sobrenatural, Vários Finais, RV, Quebra-Cabeça, Indie, Anime, Sombrio, Você Decide, Estilizado, 3D"
NARNOK: Help! I Was Reincarnated as a Brain in a Jar and Need to Plug In My Power Cables,"Oct 22, 2026",Indefinido,https://store.steampowered.com/app/5104990/NARNOK_Help_I_Was_Reincarnated_as_a_Brain_in_a_Jar_and_Need_to_Plug_In_My_Power_Cables/?snr=1_7_7_popularcomingsoon_150_28,"Casual, Engraçado, Plataforma de Precisão, Minimalista, Abstrato, Física, Apontar e Clicar, Quebra-Cabeça, Comédia, Paródia, Faça o que Quiser, 2D, Alienígenas, Cyberpunk, Transumanismo, Indie, Plataforma, Editor de Níveis, Plataforma com Quebra-Cabeça, Memes"
Gateholt,"Oct 23, 2026",Indefinido,https://store.steampowered.com/app/5207010/Gateholt/?snr=1_7_7_popularcomingsoon_150_28,"Terror, Cooperativo On-line, Cooperativo, Demônios, Terror de Sobrevivência, Terror Psicológico, Primeira Pessoa, Sobrenatural, Multijogador, Fantasia Sombria, Atmosférico, Jogador X Ambiente (PvE), Investigação, Sombrio, Exploração, Indie, Um Jogador, Aventura, Ação, 3D"
Hacker The Dark Shadow,"Oct 22, 2026",Indefinido,https://store.steampowered.com/app/4172880/Hacker_The_Dark_Shadow/?snr=1_7_7_popularcomingsoon_150_28,"Simulação, Hacker, Programação, Crime, Um Jogador, Simulador Imersivo, Ciência, Quebra-Cabeça, Espionagem, Realístico, Digitação, Lógica, Mistério, Investigação, Boa Trama, Estratégia, Rico em Diálogos, Indie, Ficção Interativa, 2D"
Coffee Keeper,"Oct 23, 2026",Indefinido,https://store.steampowered.com/app/5196790/Coffee_Keeper/?snr=1_7_7_popularcomingsoon_150_28,"Simulação, Relaxante, Casual, Organização, Aconchegante, Um Jogador, Primeira Pessoa, Colete Tudo, Atmosférico, Objetos Ocultos, Aventura, Indie, Quebra-Cabeça, Exploração, Incremental, Pontos, Pontos, Pontos!"
Battle Nap,"Oct 22, 2026",Indefinido,https://store.steampowered.com/app/4560000/Battle_Nap/?snr=1_7_7_popularcomingsoon_150_28,"Controle com Alavanca Dupla, Roguelite, SHMUP com Visão Superior, Inferno de Balas, Roguelike de Ação, Roguelike, Ação, Um Jogador, Visão Superior, Jogador X Ambiente (PvE), Geração Procedural, Colorido, Surrealista, Engraçado, Indie"
Trivia Mania,"Oct 22, 2026",Indefinido,https://store.steampowered.com/app/5328990/Trivia_Mania/?snr=1_7_7_popularcomingsoon_150_28,"Perguntas e Respostas, Digitação, Educativo, Pontos, Pontos, Pontos!, Casual, Corrida Contra o Tempo, Alta Rejogabilidade, Baseado em Texto, Minimalista, Para Toda a Família, Colorido, Um Jogador, Indie"
Where is My Pet?,"Oct 24, 2026",Indefinido,https://store.steampowered.com/app/4466850/Where_is_My_Pet/?snr=1_7_7_popularcomingsoon_150_28,"Simulador de Emprego, Objetos Ocultos, Casual, Do Bem, Apontar e Clicar, Aconchegante, Estratégia, Colorido, Relaxante, Para Toda a Família, Cachorros, Gatos, Fofo, Simulação, 2D, Gerenciamento, Só Mouse, Simulador de Vida Real, Simulador Imersivo, Um Jogador"
The Guest from the Fields,"Oct 22, 2026",Indefinido,https://store.steampowered.com/app/5134280/The_Guest_from_the_Fields/?snr=1_7_7_popularcomingsoon_150_28,"Terror, Terror Psicológico, Simulador de Caminhada, Primeira Pessoa, Atmosférico, 3D, Aventura, Sobrenatural, Mistério, Retrô, Gráficos Pixelados, Boa Trama, Linear, Indie, Estilizado, Thriller, Psicológico, Sombrio, Um Jogador"
Lowbar Legends,"Oct 23, 2026",Free,https://store.steampowered.com/app/5011370/Lowbar_Legends/?snr=1_7_7_popularcomingsoon_150_28,"Progressão Ociosa, Incremental, RPG, Companheiro de Área de Trabalho, MMORPG, Gratuito para Jogar, Fabricação, Fantasia, Jogador X Ambiente (PvE), Relaxante, Casual, Saques, Troca, Gráficos Pixelados, Simulação, Gerenciamento de Recursos, Gerenciamento de Inventário, Economia, 2D, Multijogador Massivo"
Fable,"Feb 23, 2027",$69.99,https://store.steampowered.com/app/2769570/Fable/?snr=1_7_7_popularcomingsoon_150_28,"RPG, Ação, Aventura, Fantasia, Um Jogador, Mundo Aberto, Ação / Aventura, LGBTQIA+, Você Decide, Personalização de Personagem, Terceira Pessoa, Remontagem, Protagonista Vilão, Conteúdo Sexual, Protagonista Mulher, Boa Trama, Simulador Político, Terror Psicológico, Exploração, Multijogador"
PhaigeX: Confiners,"Oct 22, 2026",Indefinido,https://store.steampowered.com/app/3909480/PhaigeX_Confiners/?snr=1_7_7_popularcomingsoon_150_28,"Roguelike de Ação, Paraíso de Balas, Inferno de Balas, Mandando Bala, SHMUP com Visão Superior, Controle com Alavanca Dupla, Roguelite, Espacial, Simulador Espacial, Arcade, 2D, Visão Superior, Controle, Ação, Simulação, Combate, Gerenciamento de Recursos, Um Jogador, Indie, Acesso Antecipado"
"Clash of Crests - Wallace, The Lion of the North","Oct 22, 2026",Indefinido,https://store.steampowered.com/app/5275110/Clash_of_Crests__Wallace_The_Lion_of_the_North/?snr=1_7_7_popularcomingsoon_150_28,"Estratégia, Ação, Aventura, Casual"
Sky Safari: FPV Drone,"Oct 26, 2026",Indefinido,https://store.steampowered.com/app/4537040/Sky_Safari_FPV_Drone/?snr=1_7_7_popularcomingsoon_150_28,"Simulação, Voo, Exploração, Corrida, Realístico, Primeira Pessoa, Animais, 3D, Física, Direção, Mundo Aberto, Controle, Tutorial, Cinematográfico, Ação / Aventura, Atmosférico, Um Jogador, Natureza, Moderno, Ação"
Spooky Dwellers 5 Collector's Edition,"Oct 22, 2026",Indefinido,https://store.steampowered.com/app/5060420/Spooky_Dwellers_5_Collectors_Edition/?snr=1_7_7_popularcomingsoon_150_28,"Casual, Combinar 3, Terror, Quebra-Cabeça, 2D, Sobrenatural, Linear, Um Jogador"
Flamebound Tactics,"Oct 22, 2026",Indefinido,https://store.steampowered.com/app/5301680/Flamebound_Tactics/?snr=1_7_7_popularcomingsoon_150_28,"Estratégia, Quebra-Cabeça, Tático, Gráficos Pixelados, Casual, 2D, Um Jogador, Fantasia, Indie, Retrô"
Divine Frequency,"Oct 27, 2026",Indefinido,https://store.steampowered.com/app/2548880/Divine_Frequency/?snr=1_7_7_popularcomingsoon_150_28,"Acesso Antecipado, Terror, Tiro em Primeira Pessoa (FPS), RPG, Psicodélico, Surrealista, Violência Detalhada, Pós-Apocalíptico, Lovecraftiano, Ação, Aventura, Gerenciamento de Recursos, Baseado em Classes, Violento, Tiro, RPG de Ação, Primeira Pessoa, Terror Psicológico, Um Jogador, Tiro de Tiozão"
Hell's Handbook,"Oct 22, 2026",Free,https://store.steampowered.com/app/4527880/Hells_Handbook/?snr=1_7_7_popularcomingsoon_150_28,"Estratégia, Quebra-Cabeça, RPG de Estratégia, Tática por Turnos, Desenhado à Mão, Humor Ácido, Demônios, Detetive, Terror, Investigação, Enredo Rico, Mistério, Gratuito para Jogar, Sobrenatural, Surrealista, Geração Procedural, Um Jogador, Sombrio"
Hela: of Mice & Magic,"Dec 1, 2026",Indefinido,https://store.steampowered.com/app/3161310/Hela_of_Mice__Magic/?snr=1_7_7_popularcomingsoon_150_28,"Multijogador, Exploração, Quebra-Cabeça, Parkour, Plataforma, 3D, Fofo, Enredo Rico, Mundo Aberto, Relaxante, Não Linear, Ação, Para Toda a Família, Realístico, Colorido, Cooperativo, Mágica, Natureza, Aventura, Fabricação"
THERMAL RUNAWAY,"Oct 22, 2026",Indefinido,https://store.steampowered.com/app/5231450/THERMAL_RUNAWAY/?snr=1_7_7_popularcomingsoon_150_28,"Ação, Arcade, Tiro, Tiro em Arena, Mandando Bala, Controle com Alavanca Dupla, 2D, Minimalista, Estilizado, Visão Superior, Atmosférico, Indie, Futurista, Ficção Científica, Morte Permanente, Geração Procedural, Jogador X Ambiente (PvE), Um Jogador, Roguelike de Ação, Roguelike"
The Grave Abyss,"Oct 22, 2026",Indefinido,https://store.steampowered.com/app/5140670/The_Grave_Abyss/?snr=1_7_7_popularcomingsoon_150_28,"Aventura, RPG, Indie, Casual, Explorador de Calabouços, Retrô, Combate em Turnos"
The Archivist,"Oct 22, 2026",Indefinido,https://store.steampowered.com/app/4301720/The_Archivist/?snr=1_7_7_popularcomingsoon_150_28,"Aventura, Ficção Interativa, Simulador de Caminhada, 3D, Primeira Pessoa, Terror Psicológico, Atmosférico, Hacker, Mistério, Indie, Filosófico, Surrealista, Um Jogador"
Soul,"Oct 22, 2026",Free,https://store.steampowered.com/app/5039290/Soul/?snr=1_7_7_popularcomingsoon_150_28,"Casual, Romance Visual, Escolha a sua Aventura, 2D, Ficção Científica, Enredo Rico, Comovente, Fantasia, Psicológico, Linear, Gratuito para Jogar, Baseado em Texto, Boa Trama, Um Jogador"
MechWarrior 5: Mercenaries - Ashes and Ascension,October 2026,Indefinido,https://store.steampowered.com/app/4849350/MechWarrior_5_Mercenaries__Ashes_and_Ascension/?snr=1_7_7_popularcomingsoon_150_28,"Mechas, Ação, Simulação, Tiro em Primeira Pessoa (FPS), Tiro, Cooperativo, Combate com Veículos, Primeira Pessoa, Compatível com Mods, Um Jogador, Destruição, 3D, Cooperativo On-line, Combate, Futurista, Tutorial, Economia, Gerenciamento, Jogador X Ambiente (PvE), Gerenciamento de Recursos"
Warrior Cats: Clans of the Forest - Prophecy Pack,"Oct 23, 2026",$14.99,https://store.steampowered.com/app/4467800/Warrior_Cats_Clans_of_the_Forest__Prophecy_Pack/?snr=1_7_7_popularcomingsoon_150_28,"Aventura, RPG, Ação, RPG de Ação, Ação / Aventura, Tática por Turnos, Exploração, Gatos, 3D, Desenho Animado, Animais, Cartunizado, História em Quadrinhos, Personalização de Personagem, Fantasia, Combate, Boa Trama, Um Jogador, Multijogador, Combate em Turnos"
DEAD TIME,"Oct 22, 2026",Indefinido,https://store.steampowered.com/app/5176820/DEAD_TIME/?snr=1_7_7_popularcomingsoon_150_28,"Casual, Estratégia, Reúna a Galera, 3D, Colorido, Estilizado, Comédia, Engraçado, Humor Pesado, Psicológico, Sombrio, Indie, Jogador x Jogador (PvP), Controle, Local para 4 Jogadores, Multijogador, Multijogador Local, Um Jogador"
DEAD TIME,22/out./2026,Indefinido,https://store.steampowered.com/app/5176820/DEAD_TIME/?snr=1_7_7_popularcomingsoon_150_29,"Casual, Estratégia, Reúna a Galera, 3D, Colorido, Estilizado, Comédia, Engraçado, Humor Pesado, Psicológico, Sombrio, Indie, Jogador x Jogador (PvP), Controle, Local para 4 Jogadores, Multijogador, Multijogador Local, Um Jogador"
MatchMaker95 - A Programming Simulator,"Oct 23, 2026",Indefinido,https://store.steampowered.com/app/4748140/MatchMaker95__A_Programming_Simulator/?snr=1_7_7_popularcomingsoon_150_29,"Aconchegante, Digitação, Educativo, Roguelite, Incremental, Jogo de Palavras, Capitalismo, Economia, Hacker, Gerenciamento, Programação, Arcade, 2D, Humor Ácido, Engraçado, Baseado em Texto, Casual, Simulação, Gráficos Pixelados, Estilizado"
Hull Rupture,"Nov 4, 2026",Indefinido,https://store.steampowered.com/app/4358660/Hull_Rupture/?snr=1_7_7_popularcomingsoon_150_29,"Gerenciamento de Tempo, Estratégia, Defesa de Torres, Roguelite, Construção de Cidades, Estratégia em Tempo Real (RTS), Roguelike, 2D, Humor Pesado, Humor Ácido, Construção de Bases, Gráficos Pixelados, Relaxante, Indie, Automação, Ação, Espacial, Tático, Construção, Combate"
The Reflection,"Oct 23, 2026",Indefinido,https://store.steampowered.com/app/4314340/The_Reflection/?snr=1_7_7_popularcomingsoon_150_29,"Cooperativo On-line, Terror Psicológico, Acesso Antecipado, Terror, Investigação, Primeira Pessoa, Cooperativo, Terror de Sobrevivência, Um Jogador, Indie, Ação, Vários Finais, Exploração, 3D, Atmosférico, Sobrenatural, Multijogador, Sobrevivência"
Selkie's Salvage&Co.,"Oct 27, 2026",Indefinido,https://store.steampowered.com/app/4984870/Selkies_SalvageCo/?snr=1_7_7_popularcomingsoon_150_29,"Incremental, Física, Faça o que Quiser, 3D, Atmosférico, Um Jogador, Casual, Gerenciamento, Pós-Apocalíptico, Primeira Pessoa, Mundo Aberto, Robôs, Colete Tudo, Cartunizado, Fofo, Automação, Natureza, Não Linear, Tiro, Tiro em Primeira Pessoa (FPS)"
Renz Soccer Sim,"Oct 23, 2026",Indefinido,https://store.steampowered.com/app/5222980/Renz_Soccer_Sim/?snr=1_7_7_popularcomingsoon_150_29,"Simulação, Esportes, Estratégia, 2D, Colorido, Casual, Fofo, Economia, Futebol, Gerenciamento, Gerenciamento de Recursos, Indie, Um Jogador, Gráficos Pixelados, Relaxante"
The Hero is too Powerful so let's Pleeeease Settle this Peacefully!,"Oct 23, 2026",Indefinido,https://store.steampowered.com/app/3955870/The_Hero_is_too_Powerful_so_lets_Pleeeease_Settle_this_Peacefully/?snr=1_7_7_popularcomingsoon_150_29,"RPG, Aventura, JRPG, Fantasia, Paródia, Você Decide, Boa Trama, Exploração, Engraçado, Mágica, Gráficos Pixelados, Sokoban, Visão Superior, Comédia, Ação, Hack and Slash, Medieval, Sobrevivência, Anime, 2D"
RUN Gor I Demo,"Oct 22, 2026",Free,https://store.steampowered.com/app/5206540/RUN_Gor_I_Demo/?snr=1_7_7_popularcomingsoon_150_29,"Ação, Ação / Aventura, Soulslike, 3D, Primeira Pessoa, Realístico, Sobrenatural, Terror, Eventos Rápidos, Um Jogador"
Fleshbound,"Oct 23, 2026",Indefinido,https://store.steampowered.com/app/3356440/Fleshbound/?snr=1_7_7_popularcomingsoon_150_29,"Terror, Terror Psicológico, Simulador de Caminhada, Primeira Pessoa, Indie, Thriller, Atmosférico, Realístico, Sombrio, Sobrenatural, Mistério, Exploração, Cinematográfico, Linear, Aventura, Um Jogador, 3D, Simulação, Hack and Slash, Ficção Científica"
Cursed Profit,"Oct 23, 2026",Indefinido,https://store.steampowered.com/app/2948120/Cursed_Profit/?snr=1_7_7_popularcomingsoon_150_29,"Acesso Antecipado, Terror, Cooperativo, Cooperativo On-line, Terror Psicológico, Terror de Sobrevivência, Saques, Impiedoso, Atmosférico, Sobrenatural, Exploração, Explorador de Calabouços, Colete Tudo, Primeira Pessoa, Multijogador, Jogador X Ambiente (PvE), Sombrio, Thriller, Ação / Aventura, 3D"
CRYMELIGHT,"Nov 4, 2026",Indefinido,https://store.steampowered.com/app/3891160/CRYMELIGHT/?snr=1_7_7_popularcomingsoon_150_29,"Ação, Um Jogador, Roguelike, Fofo, Indie, Protagonista Mulher, Roguelike de Ação, Comovente, Boa Trama, Fantasia Sombria, Pôquer, 2D, Anime, Terceira Pessoa, Mágica, Roguelite, Desenho Animado, Cartas, Fantasia, Atmosférico"
Life of a Thug,"Oct 23, 2026",Indefinido,https://store.steampowered.com/app/2948130/Life_of_a_Thug/?snr=1_7_7_popularcomingsoon_150_29,"Acesso Antecipado, Simulação, RPG, Crime, Simulador de Vida Real, Sobrevivência, Mundo Aberto, Um Jogador, Boa Trama, Desenho Animado, Subterrâneo, Fofo, Estilizado, Terceira Pessoa, Ação / Aventura, Humor Ácido, Futurista, Personalização de Personagem, Gerenciamento de Inventário, Gerenciamento de Recursos"
Farming Simulator 25: Beans & Alpacas Expansion,"Oct 27, 2026",$26.99,https://store.steampowered.com/app/4404070/Farming_Simulator_25_Beans__Alpacas_Expansion/?snr=1_7_7_popularcomingsoon_150_29,Simulação
Hubble Bubble,"Oct 23, 2026",Indefinido,https://store.steampowered.com/app/5013160/Hubble_Bubble/?snr=1_7_7_popularcomingsoon_150_29,"Multijogador, Cooperativo On-line, Engraçado, Cooperativo, Comédia, 3D, Física, Primeira Pessoa, Espacial, Alienígenas, Ficção Científica, Ação, Reúna a Galera, Aventura, Atmosférico, Gerenciamento de Tempo, Colorido, Gerenciamento de Lojas, Gerenciamento, Indie"
Gold Admiral,"Oct 23, 2026",Indefinido,https://store.steampowered.com/app/4776200/Gold_Admiral/?snr=1_7_7_popularcomingsoon_150_29,"Estratégia, Ação, Casual, Estratégia em Turnos, Exploração, Tática por Turnos, 2,5D, 2D, Isométrico, Visão Superior, Histórico, Guerra, Gerenciamento, Militar, Jogador x Jogador (PvP), Combate, Combate em Turnos, Um Jogador, Multijogador Local"
Screen Survivors,"Oct 23, 2026",Indefinido,https://store.steampowered.com/app/4459990/Screen_Survivors/?snr=1_7_7_popularcomingsoon_150_29,"Progressão Ociosa, Companheiro de Área de Trabalho, Paraíso de Balas, Incremental, Batalha Automática, Roguelike, Simulação, Estratégia, Roguelike de Ação, Inferno de Balas, Casual, Roguelite, Fantasia, RPG de Ação, Arcade, 2D, Pontos, Pontos, Pontos!, Um Jogador, Fantasia Sombria, Gráficos Pixelados"
Teleport Master,"Oct 23, 2026",Indefinido,https://store.steampowered.com/app/5236110/Teleport_Master/?snr=1_7_7_popularcomingsoon_150_29,"Exploração, Plataforma 3D, Plataforma com Quebra-Cabeça, Ação, Casual, Quebra-Cabeça, Física, Simulação, Primeira Pessoa, 3D, Aventura, Ficção Científica, Lógica, Seis Graus de Liberdade, Atmosférico, Futurista, Um Jogador, Indie"
SND,"Oct 23, 2026",Indefinido,https://store.steampowered.com/app/5254400/SND/?snr=1_7_7_popularcomingsoon_150_29,"Terror, Terror Psicológico, Experimental, Atmosférico, Terror de Sobrevivência, Exploração, Sombrio, Aventura, Indie, Um Jogador, 2D"
Ball Pit Cleanup,"Oct 23, 2026",Indefinido,https://store.steampowered.com/app/5273080/Ball_Pit_Cleanup/?snr=1_7_7_popularcomingsoon_150_29,"Simulador de Emprego, Casual, Simulação, Física, Terror Psicológico, 3D, Primeira Pessoa, Relaxante, Estilizado, Atmosférico, Indie, Organização, Limpeza, Um Jogador, Colorido, Surrealista"
Empty Box: 空盒子,"Oct 27, 2026",Indefinido,https://store.steampowered.com/app/3923740/Empty_Box/?snr=1_7_7_popularcomingsoon_150_29,"Romance Visual, Simulador de Encontros, Otome, Terror Psicológico, Jogo de Palavras, Baseado em Texto, Vários Finais, Casual, Thriller, Comovente, Um Jogador, Indie"
Abyss Ring,"Oct 26, 2026",Indefinido,https://store.steampowered.com/app/3401570/Abyss_Ring/?snr=1_7_7_popularcomingsoon_150_29,"RPG, Ação, Roguelike, Roguelike de Ação, Explorador de Calabouços, Hack and Slash, Culinária, 3D, Primeira Pessoa, Realístico, Cinematográfico, Sobrevivência, Terror de Sobrevivência, Sombrio, Fantasia Sombria, Fantasia, Roma, Medieval, Subterrâneo, Mitologia"
Void Squadron,"Oct 23, 2026",Free,https://store.steampowered.com/app/5320150/Void_Squadron/?snr=1_7_7_popularcomingsoon_150_29,"Roguelike de Ação, Simulador Espacial, Combate com Veículos, Tiro em Arena, Paraíso de Balas, RPG, Estratégia, Voo, Incremental, Roguelite, Ação, Direção, Montagem de Decks, Casual, Tiro, Arcade, Simulação, Um Jogador, Cooperativo On-line, Multijogador"
The last keeper,"Oct 23, 2026",Indefinido,https://store.steampowered.com/app/3005700/The_last_keeper/?snr=1_7_7_popularcomingsoon_150_29,"Terror Psicológico, Simulador de Emprego, Terror de Sobrevivência, Primeira Pessoa, Gerenciamento de Recursos, Sobrevivência, Exploração, Boa Trama, Sobrenatural, Mistério, Terror, Simulação, Atmosférico, Vários Finais, Sombrio, Quebra-Cabeça, Aventura, Thriller, Um Jogador, 3D"
Want a Bomb?,"Oct 23, 2026",Indefinido,https://store.steampowered.com/app/5251070/Want_a_Bomb/?snr=1_7_7_popularcomingsoon_150_29,"Cooperativo On-line, Destruição, Física, Ação, Casual, Mineração, Faça o que Quiser, Indie, Engraçado, Multijogador, Cooperativo, Primeira Pessoa, Aventura, Gerenciamento de Recursos, Estilizado, Colorido"
tinymancer Soundtrack,"Oct 23, 2026",Indefinido,https://store.steampowered.com/app/4656080/tinymancer_Soundtrack/?snr=1_7_7_popularcomingsoon_150_29,Sem gênero
Terminal Dice,"Oct 23, 2026",Indefinido,https://store.steampowered.com/app/5232660/Terminal_Dice/?snr=1_7_7_popularcomingsoon_150_29,"Estratégia, Dados, Cartas, Roguelike, Estratégia em Turnos, Roguelite, Batalha com Cartas, Roguelike Tradicional, 2D, Minimalista, Gráficos Pixelados, Baseado em Texto, Visão Superior, Atmosférico, Aconchegante, Cyberpunk, Sombrio, Futurista, Hacker, Um Jogador"
Rise of the Merchants,"Oct 29, 2026",Indefinido,https://store.steampowered.com/app/5031210/Rise_of_the_Merchants/?snr=1_7_7_popularcomingsoon_150_29,"Estratégia, Construção de Cidades, Simulador de Vida Real, Gerenciamento de Recursos, Simulador Político, RPG de Estratégia, Economia, 3D, Diplomacia, Simulação, Histórico, Gerenciamento, Jogador x Jogador (PvP), Mundo Aberto, Acesso Antecipado, Troca, Cooperativo, Multijogador, Cooperativo On-line, Um Jogador"
7 Millimeters,"Oct 23, 2026",Indefinido,https://store.steampowered.com/app/4800650/7_Millimeters/?snr=1_7_7_popularcomingsoon_150_29,"Simulação, Ação, Simulador de Emprego, Simulador Imersivo, Casual, Tiro, Indie, Simulador de Vida Real, Combate, Tiro em Primeira Pessoa (FPS), Primeira Pessoa, Um Jogador, Gerenciamento, Gerenciamento de Lojas, Economia, Realístico"
Benny's Backrooms,"Oct 27, 2026",Indefinido,https://store.steampowered.com/app/2562390/Bennys_Backrooms/?snr=1_7_7_popularcomingsoon_150_29,"Acesso Antecipado, Cooperativo On-line, Terror, Engraçado, Multijogador, Primeira Pessoa, Terror de Sobrevivência, Reúna a Galera, Cooperativo, Exploração, Atmosférico, Geração Procedural, Jogador X Ambiente (PvE), Humor Pesado, Terror Psicológico, Ação / Aventura, Física, Gerenciamento de Inventário, Cartunizado, Estilizado"
裂光のセリアーナ,"Oct 23, 2026",Indefinido,https://store.steampowered.com/app/5059810/_/?snr=1_7_7_popularcomingsoon_150_29,"Estratégia, Estratégia em Turnos, Tática por Turnos, Anime, Fantasia, Um Jogador, RPG, Simulação"
Holy Shroom!,"Oct 23, 2026",Indefinido,https://store.steampowered.com/app/5259850/Holy_Shroom/?snr=1_7_7_popularcomingsoon_150_29,"Cooperativo, Cooperativo On-line, Terror, Simulação, Terror de Sobrevivência, Multijogador, Exploração, Primeira Pessoa, Realístico, Um Jogador, Comédia, Sobrenatural, Sobrevivência, 3D, Ação / Aventura, Relaxante, Aventura, Reúna a Galera, Animais, Engraçado"
Biden Blast,"Oct 23, 2026",Indefinido,https://store.steampowered.com/app/5269890/Biden_Blast/?snr=1_7_7_popularcomingsoon_150_29,"Casual, Reúna a Galera, Roguelike, Simulador de Vida Real, Escolha a sua Aventura, Simulador Político, Gerenciamento de Tempo, Tática em Tempo Real, Cooperativo On-line, Roguelite, Cooperativo, Um Jogador, 3D, Multijogador, Morte Permanente, Cartunizado, Linear, Baseado em Equipes, Primeira Pessoa, Comédia"
Task Bar Cube,"Oct 25, 2026",Free,https://store.steampowered.com/app/5084200/Task_Bar_Cube/?snr=1_7_7_popularcomingsoon_150_29,"Gratuito para Jogar, Progressão Ociosa, RPG, Troca, Casual, Gráficos Pixelados, Companheiro de Área de Trabalho, RPG de Ação, Estratégia, Luta 2D, Batalha Automática, RPG de Estratégia, Incremental, Jogo de Guerra, 2D, Um Jogador, Automação, Guerra, Gerenciamento, Pontos, Pontos, Pontos!"
Iskabon,"Oct 23, 2026",Indefinido,https://store.steampowered.com/app/4024470/Iskabon/?snr=1_7_7_popularcomingsoon_150_29,"Montagem de Decks Roguelike, Estratégia, Montagem de Decks, Cartas, Anos 90, 2D, Roguelike, Roguelite, Desenhado à Mão, Retrô, Um Jogador, Colorido, Casual, Atmosférico, Arcade, Lógica"
Alien or Duck!,"Oct 23, 2026",Indefinido,https://store.steampowered.com/app/4936170/Alien_or_Duck/?snr=1_7_7_popularcomingsoon_150_29,"Ação, Esportes, Corrida, Ação / Aventura, eSports, Simulador Espacial, Arcade, Tiro em Arena, Corrida com Combate, Tiro com Saques, Tática em Tempo Real, 2,5D, Colorido, Alienígenas, Comédia, Multijogador, Engraçado, Futurista, Mágica, Um Jogador"
Stormforge,"Nov 10, 2026",Indefinido,https://store.steampowered.com/app/2826790/Stormforge/?snr=1_7_7_popularcomingsoon_150_29,"Sobrevivência em Mundo Aberto, Sobrevivência, Fabricação, Cooperativo, Construção de Bases, Mundo Aberto, Multijogador, Aventura, Construção, Cooperativo On-line, Exploração, Fantasia, Acesso Antecipado, Terceira Pessoa, Geração Procedural, Faça o que Quiser, Combate, Soulslike, Jogador X Ambiente (PvE), Medieval"
Undervein,"Oct 23, 2026",Indefinido,https://store.steampowered.com/app/5199510/Undervein/?snr=1_7_7_popularcomingsoon_150_29,"Casual, Incremental, Progressão Ociosa, Mineração, Gráficos Pixelados, Dragões, 2D, Fantasia, Automação, Sombrio, Um Jogador, Indie, Simulação, Estratégia, Colete Tudo, Economia, Relaxante, Gerenciamento, Subterrâneo, Gerenciamento de Recursos"
Ashen Knight,"Oct 23, 2026",Indefinido,https://store.steampowered.com/app/4348240/Ashen_Knight/?snr=1_7_7_popularcomingsoon_150_29,"Inferno de Balas, Roguelike de Ação, Roguelike, Ação, Casual, Fantasia Sombria, RPG de Ação, 3D, Medieval, Jogador x Jogador (PvP), Controle, Indie, Cooperativo, Um Jogador, Cooperativo On-line, Multijogador, Acesso Antecipado, Violento"
Echoes of Pinebridge,"Oct 23, 2026",Indefinido,https://store.steampowered.com/app/4100790/Echoes_of_Pinebridge/?snr=1_7_7_popularcomingsoon_150_29,"Romance Visual, Ficção Interativa, Escolha a sua Aventura, Casual, Você Decide, Vários Finais, Mistério, Comédia, Sobrenatural, Thriller, Anime, Desenho Animado, Indie, 2D, Moderno, Não Linear, Boa Trama, Baseado em Texto, Mágica, Engraçado"
TechRunners,"Oct 23, 2026",Indefinido,https://store.steampowered.com/app/3659190/TechRunners/?snr=1_7_7_popularcomingsoon_150_29,"RPG, MMORPG, Inferno de Balas, Tiro, SHMUP com Visão Superior, Controle com Alavanca Dupla, 2D, Gráficos Pixelados, Visão Superior, Desenhado à Mão, Cyberpunk, Distópico, Fantasia, Futurista, Pós-Apocalíptico, Retrô, Jogador x Jogador (PvP), Combate, Multijogador Massivo, Jogador X Ambiente (PvE)"
Hivemind,"Oct 23, 2026",Free,https://store.steampowered.com/app/4706500/Hivemind/?snr=1_7_7_popularcomingsoon_150_29,"Casual, Para Toda a Família, Multijogador, Jogador x Jogador (PvP), Jogo de Palavras, Engraçado, Rico em Diálogos, Comédia, Colorido, Gratuito para Jogar, Baseado em Texto, Pontos, Pontos, Pontos!, Minimalista, 2D"
Killer Santa 1990,"Oct 23, 2026",Indefinido,https://store.steampowered.com/app/2859750/Killer_Santa_1990/?snr=1_7_7_popularcomingsoon_150_29,"Terror, Aventura, Terror Psicológico, Retrô, Ação, Anos 90, Violência Detalhada, Ação / Aventura, Thriller, Direção, Simulador de Caminhada, Primeira Pessoa, Atmosférico, Episódico, Terror de Sobrevivência, Exploração, Mistério, Furtivo, Realístico, Boa Trama"
Totally Safe Railway Co. 🚂,Q4 2026,Indefinido,https://store.steampowered.com/app/4916200/Totally_Safe_Railway_Co/?snr=1_7_7_popularcomingsoon_150_29,"Multijogador, Cooperativo, Aventura, Engraçado, Velho Oeste, Trens, Direção, Combate, Estilizado, Física, Ação, Cooperativo On-line, Exploração, Primeira Pessoa, Jogador X Ambiente (PvE), Campanha Cooperativa, Ação / Aventura, Saques, Gerenciamento, 3D"
Coal Duty,October 2026,Indefinido,https://store.steampowered.com/app/4272370/Coal_Duty/?snr=1_7_7_popularcomingsoon_150_29,"Acesso Antecipado, Cooperativo On-line, Cooperativo, Terror, Terror de Sobrevivência, Mineração, Comédia, Humor Pesado, Primeira Pessoa, Subterrâneo, Engraçado, Sobrevivência, Exploração, Atmosférico, Geração Procedural, Distópico, Guerra Fria, Ação, Aventura, Um Jogador"
DEATH PARTY,"Oct 23, 2026",Indefinido,https://store.steampowered.com/app/5154580/DEATH_PARTY/?snr=1_7_7_popularcomingsoon_150_29,"Ação, Aventura, Terror de Sobrevivência, Reúna a Galera, Roguelike, Tela Dividida, JRPG, Geração Procedural, Personalização de Personagem, Um Jogador, Minijogos, Casual, Plataforma 3D, Corrida com Combate, Tiro em Primeira Pessoa (FPS), Multijogador Local, Luta 3D, Estilizado, Terceira Pessoa, RPG"
DenimDoug_909,"Oct 23, 2026",Indefinido,https://store.steampowered.com/app/5247790/DenimDoug_909/?snr=1_7_7_popularcomingsoon_150_29,"Aventura, FMV, Desenho Animado, Apontar e Clicar, Um Jogador, Ficção Interativa, Vários Finais, Escolha a sua Aventura, 2D, Exploração, Comédia, Humor Pesado, Cachorros, Engraçado, Surrealista, Zoológico, Você Decide, Boa Trama"
Shutterspeed,"Oct 23, 2026",Free,https://store.steampowered.com/app/4643480/Shutterspeed/?snr=1_7_7_popularcomingsoon_150_29,"Plataforma, Ação, Plataforma 2D, Plataforma de Precisão, Câmera Lateral, Cyberpunk, Futurista, Robôs, Boa Trama, Arcade, Gratuito para Jogar, 2D, Um Jogador, Ficção Científica, Linear, Natureza"
Put Your Toys Away Together!,"Oct 30, 2026",Indefinido,https://store.steampowered.com/app/5041530/Put_Your_Toys_Away_Together/?snr=1_7_7_popularcomingsoon_150_29,"Casual, Relaxante, Organização, Quebra-Cabeça, Colete Tudo, Cooperativo On-line, Aconchegante, Simulador Imersivo, Do Bem, Cooperativo, Multijogador, Um Jogador, Limpeza, Simulação, Lógica, Reúna a Galera, Estilizado, Para Toda a Família, Controle, 3D"
Backrooms Blocks,"Oct 23, 2026",Free,https://store.steampowered.com/app/5310070/Backrooms_Blocks/?snr=1_7_7_popularcomingsoon_150_29,"Ação, Aventura, Terror de Sobrevivência, Construção, Exploração, Sobrevivência, RPG de Ação, Ação / Aventura, Plataforma 3D, Um Jogador, 3D, Gratuito para Jogar, Acesso Antecipado, Casual, Primeira Pessoa, Construção de Bases, Fabricação, Mundo Aberto, Gerenciamento de Recursos"
Real Puzzles — Fluffy Cuties,"Oct 23, 2026",Indefinido,https://store.steampowered.com/app/4014170/Real_Puzzles__Fluffy_Cuties/?snr=1_7_7_popularcomingsoon_150_29,"Gatos, Quebra-Cabeça, Jogo de Mesa, Fofo, Coleção de Criaturas, Para Toda a Família, Casual, Relaxante, Jogo de Cartas, Um Jogador, Linear, Jogo de Tabuleiro, Design e Ilustração, Edição de Fotos, Natureza, 2D, Plataforma 2D, Plataforma com Quebra-Cabeça, Visão Superior, Progressão Ociosa"
Leviathan: Rhino,"Oct 26, 2026",Indefinido,https://store.steampowered.com/app/4784510/Leviathan_Rhino/?snr=1_7_7_popularcomingsoon_150_30,"Terror Psicológico, Sombrio, Simulador de Caminhada, Lovecraftiano, Terror, Anos 90, Progressão Ociosa, Atmosférico, Estilizado, Simulação, Um Jogador, Desenhado à Mão, Primeira Pessoa, Tiro, 3D, Indie"
Forbidden Solitaire: The Discarded,October 2026,Indefinido,https://store.steampowered.com/app/5238350/Forbidden_Solitaire_The_Discarded/?snr=1_7_7_popularcomingsoon_150_30,"Terror, Solitário, Anos 90, Fantasia Sombria, Terror de Sobrevivência, FMV, Velha-Guarda, Cartas, Romance Visual, Ficção Interativa, Apontar e Clicar, Batalha com Cartas, 2,5D, Colorido, Explorador de Calabouços, Atmosférico, Sombrio, Humor Ácido, Demônios, Casual"
Terraclysm Survivors,"Oct 28, 2026",Indefinido,https://store.steampowered.com/app/4360290/Terraclysm_Survivors/?snr=1_7_7_popularcomingsoon_150_30,"Paraíso de Balas, Roguelike de Ação, Inferno de Balas, Multijogador, Roguelike, Mandando Bala, Gráficos Pixelados, Roguelite, Ação, Colorido, Medieval, RPG, Distópico, RPG de Ação, Fantasia Sombria, Pós-Apocalíptico, 2D, Sobrevivência, Mitologia, Plataforma 2D"
Real Puzzles - Fairy Tale Houses,"Oct 23, 2026",Indefinido,https://store.steampowered.com/app/5314200/Real_Puzzles__Fairy_Tale_Houses/?snr=1_7_7_popularcomingsoon_150_30,"Casual, Quebra-Cabeça, Jogo de Mesa, Natureza, Jogo de Tabuleiro, Romance, Um Jogador, Para Toda a Família, 2D, Plataforma 2D, Plataforma com Quebra-Cabeça, Linear, Lógica, Atmosférico, Relaxante, Aventura, Design e Ilustração, Escolha a sua Aventura"
CH13: Rest Stop,"Oct 28, 2026",Indefinido,https://store.steampowered.com/app/3927170/CH13_Rest_Stop/?snr=1_7_7_popularcomingsoon_150_30,"Terror, Terror Psicológico, Simulador de Caminhada, Atmosférico, Aventura, Narrativa, Thriller, Primeira Pessoa, Boa Trama, Cinematográfico, Mistério, Exploração, Realístico, Um Jogador, Sombrio, Linear, Psicológico, Indie, Rico em Diálogos, 3D"
Unbox the Room 2,"Oct 26, 2026",Indefinido,https://store.steampowered.com/app/4394130/Unbox_the_Room_2/?snr=1_7_7_popularcomingsoon_150_30,"Relaxante, Decoração, Organização, Aconchegante, Fofo, Casual, Isométrico, Gráficos Pixelados, Para Toda a Família, Simulação, Simulador de Emprego, Colorido, Faça o que Quiser, Simulador de Vida Real, Construção, Gerenciamento de Inventário, Design e Ilustração, Quebra-Cabeça, Atmosférico, Gatos"
Tidy Up The Backrooms,"Oct 26, 2026",Indefinido,https://store.steampowered.com/app/5114970/Tidy_Up_The_Backrooms/?snr=1_7_7_popularcomingsoon_150_30,"Casual, Simulação, Relaxante, Colete Tudo, Organização, Quebra-Cabeça, Objetos Ocultos, Primeira Pessoa, Atmosférico, Limpeza, Terror Psicológico, Cooperativo, Cooperativo On-line, Multijogador, Um Jogador"
Northgard Battlegrounds,"Oct 27, 2026",Indefinido,https://store.steampowered.com/app/4487060/Northgard_Battlegrounds/?snr=1_7_7_popularcomingsoon_150_30,"Acesso Antecipado, Estratégia, Casual, Batalha Automática, Construção de Cidades, Construção de Bases, Um Jogador, Jogador x Jogador (PvP), Multijogador Assíncrono, Simulação, Multijogador, Fantasia, Roguelike, Tático, Montagem de Decks, Gerenciamento de Recursos, Combate, Você Decide, Combate em Turnos, Tática por Turnos"
Death at Fleming Manor,"Nov 3, 2026",Indefinido,https://store.steampowered.com/app/3758950/Death_at_Fleming_Manor/?snr=1_7_7_popularcomingsoon_150_30,"Mistério, Detetive, Investigação, Quebra-Cabeça, Crime, Apontar e Clicar, Boa Trama, 2D, Lógica, Thriller, Ficção Interativa, Atmosférico, Aventura, Você Decide, Conspiração, Narrativa, Exploração, Um Jogador, Desenhado à Mão, Simulador Médico"
Paper and Pencil,"Oct 24, 2026",Indefinido,https://store.steampowered.com/app/5196710/Paper_and_Pencil/?snr=1_7_7_popularcomingsoon_150_30,"Casual, Simulação, Jogo de Tabuleiro, Cartas, Educativo, Quebra-Cabeça, Jogo de Mesa, Perguntas e Respostas, Jogo de Palavras, Indie, Acesso Antecipado, 2D, Gráficos Pixelados, Um Jogador"
Lost Host,"Nov 4, 2026",Indefinido,https://store.steampowered.com/app/3273260/Lost_Host/?snr=1_7_7_popularcomingsoon_150_30,"Plataforma 3D, Plataforma com Quebra-Cabeça, Exploração, Direção, Atmosférico, Aventura, Quebra-Cabeça, Boa Trama, Mistério, Cinematográfico, Comovente, Linear, Surrealista, Controle, 3D, Um Jogador, Plataforma, Indie, Simulador Automobilístico, Terror"
Usagi Shima: Bunny Island,"Oct 29, 2026",Indefinido,https://store.steampowered.com/app/3144010/Usagi_Shima_Bunny_Island/?snr=1_7_7_popularcomingsoon_150_30,"Fofo, Relaxante, Coleção de Criaturas, Decoração, Do Bem, Aconchegante, Casual, Faça o que Quiser, Simulação, Colorido, Desenhado à Mão, Animais, Para Toda a Família, Um Jogador, 2D, Alta Rejogabilidade, Construção, Gerenciamento, Isométrico, Progressão Ociosa"
The Miner Was Replaced,"Nov 2, 2026",Indefinido,https://store.steampowered.com/app/4521700/The_Miner_Was_Replaced/?snr=1_7_7_popularcomingsoon_150_30,"Programação, Automação, Educativo, Progressão Ociosa, Lógica, Quebra-Cabeça, Baseado em Texto, Simulador Rural, Simulação, Minimalista, Rural, Inteligência Artificial, Gerenciamento de Recursos, Estratégia, Faça o que Quiser, Um Jogador, 3D, Colorido, Economia, Casual"
BattleSail,October 2026,Indefinido,https://store.steampowered.com/app/3541140/BattleSail/?snr=1_7_7_popularcomingsoon_150_30,"Estratégia, Em Turnos, Piratas, Estratégia em Turnos, Naval, Combate em Turnos, Tático, Simulação, Tática por Turnos, Multijogador Local, Combate, Histórico, Grade Hexagonal, Multijogador, Um Jogador, Visão Superior, Realístico, Ação, Movimento em Grade, Boa Trama"
Did You See That?,"Dec 7, 2026",Indefinido,https://store.steampowered.com/app/4830110/Did_You_See_That/?snr=1_7_7_popularcomingsoon_150_30,"Cooperativo On-line, Terror Psicológico, Exploração, Simulador de Caminhada, Simulador Imersivo, Simulação, Cooperativo, Quebra-Cabeça, Primeira Pessoa, Terror, Você Decide, 3D, Ação / Aventura, Ação, Aventura, Vários Finais, Realístico, Sombrio, Multijogador, Indie"
Edge of Memories,"Nov 5, 2026",Indefinido,https://store.steampowered.com/app/2738170/Edge_of_Memories/?snr=1_7_7_popularcomingsoon_150_30,Sem gênero
Slotbound,"Nov 9, 2026",Indefinido,https://store.steampowered.com/app/4459590/Slotbound/?snr=1_7_7_popularcomingsoon_150_30,"Estratégia, Batalha Automática, Roguelike, Defesa de Torres, Tática em Tempo Real, Roguelite, Gráficos Pixelados, 2D, Fantasia, Mágica, Gerenciamento, Baseado em Classes, Tático, Indie, Acesso Antecipado, Morte Permanente, Geração Procedural, Jogador X Ambiente (PvE), Gerenciamento de Recursos, Um Jogador"
Mimic,"Oct 27, 2026",Indefinido,https://store.steampowered.com/app/2606850/Mimic/?snr=1_7_7_popularcomingsoon_150_30,Sem gênero
SCP Idle: SECURE. CONTAIN. PROGRESS.,"Oct 29, 2026",Indefinido,https://store.steampowered.com/app/4913250/SCP_Idle_SECURE_CONTAIN_PROGRESS/?snr=1_7_7_popularcomingsoon_150_30,"Estratégia, Progressão Ociosa, Incremental, Simulação, Construção, Economia, 2D, Visão Superior, Isométrico, Casual, Gráficos Pixelados, Gerenciamento de Recursos, Um Jogador, Indie"
Geoplanetical,"Oct 28, 2026",Indefinido,https://store.steampowered.com/app/940230/Geoplanetical/?snr=1_7_7_popularcomingsoon_150_30,"Simulador Político, Simulação, Faça o que Quiser, Capitalismo, Gerenciamento, Economia, 3D, Tático, Indie, Acesso Antecipado, Um Jogador"
Donkey Jump: In the Loop,"Oct 24, 2026",Indefinido,https://store.steampowered.com/app/3856360/Donkey_Jump_In_the_Loop/?snr=1_7_7_popularcomingsoon_150_30,"Engraçado, Você Decide, Montagem de Decks, Vários Finais, Casual, Escolha a sua Aventura, Progressão Ociosa, Roguelike Tradicional, Tática por Turnos, Relaxante, Construção, Estratégia, Exploração, Construção de Cidades, Jogador X Ambiente (PvE), Simulador Rural, Jogo de Divindade, Estratégia em Turnos, Roguelike, Personalização de Personagem"
Shadow Gangs Zero,"Oct 27, 2026",Indefinido,https://store.steampowered.com/app/4689770/Shadow_Gangs_Zero/?snr=1_7_7_popularcomingsoon_150_30,"Ação, Arcade, Plataforma 2D, 2D, Anos 80, Anos 90, Combate, Controle, Um Jogador, Porradaria, Plataforma, Indie, 2,5D, Gráficos Pixelados, Ninja, Hack and Slash, Cooperativo Local"
Veyora,"Oct 26, 2026",Indefinido,https://store.steampowered.com/app/4087940/Veyora/?snr=1_7_7_popularcomingsoon_150_30,"Acesso Antecipado, Escolha a sua Aventura, Exploração, Simulador Imersivo, Jogador X Ambiente (PvE), Simulador de Vida Real, Simulador Rural, RPG de Ação, Personalização de Personagem, Construção de Bases, RPG, 3D, Terceira Pessoa, Histórico, Agricultura, Medieval, Troca, Fabricação, Natureza, Sobrevivência"
Change,"Oct 25, 2026",Indefinido,https://store.steampowered.com/app/4719390/Change/?snr=1_7_7_popularcomingsoon_150_30,"Simulação, Anos 90, Simulador de Vida Real, Atmosférico, Boa Trama, Exploração, Gerenciamento de Lojas, Um Jogador, 3D, Violência Detalhada, Primeira Pessoa, Indie, Realístico, Vários Finais, Você Decide"
Aibond,"Oct 26, 2026",Free,https://store.steampowered.com/app/3841580/Aibond/?snr=1_7_7_popularcomingsoon_150_30,"RPG, Inteligência Artificial, Simulador de Encontros, Simulação, JRPG, Simulador Imersivo, Cartunizado, Romance, Relaxante, Comovente, Anime, Narração Dinâmica, Simulador de Vida Real, Software, CRPG, Fofo, Desenho Animado, Personalização de Personagem, Você Decide, Otome"
Behind the Corner,"Oct 24, 2026",Indefinido,https://store.steampowered.com/app/4709550/Behind_the_Corner/?snr=1_7_7_popularcomingsoon_150_30,"Ação, Terror, Objetos Ocultos, Um Jogador, Primeira Pessoa, Indie"
Tom the Postgirl,"Oct 29, 2026",Indefinido,https://store.steampowered.com/app/2257440/Tom_the_Postgirl/?snr=1_7_7_popularcomingsoon_150_30,"Boa Trama, Humor Ácido, Desenhado à Mão, Fantasia Sombria, Exploração, Protagonista Mulher, Aventura, Casual, Apontar e Clicar, Romance Visual, Sátira, Você Decide, Controle, Engraçado, Escolha a sua Aventura, Um Jogador, Narrativa, Não Linear, 2D, Retrô"
Witchbrook,2026,Indefinido,https://store.steampowered.com/app/1846700/Witchbrook/?snr=1_7_7_popularcomingsoon_150_30,"Multijogador, Cooperativo On-line, Simulador de Vida Real, Simulador Imersivo, Faça o que Quiser, RPG, Fabricação, Personalização de Personagem, Relaxante, Simulador Rural, Fofo, Gráficos Pixelados, Simulador de Encontros, Isométrico, 2,5D, Pesca, Mundo Aberto, Boa Trama, Simulação, Controle"
KEYKRUNCHER™,"Oct 27, 2026",Indefinido,https://store.steampowered.com/app/4887630/KEYKRUNCHER/?snr=1_7_7_popularcomingsoon_150_30,"Incremental, Morte Permanente, Jogos de Azar, Digitação, Retrô, Colete Tudo, Jogo de Palavras, Gráficos Pixelados, Subterrâneo, Apontar e Clicar, Arcade, Roguelike, 3D, Primeira Pessoa, Humor Ácido, Terror, Terror Psicológico, Surrealista, Linear, Simulação"
Legacy of Mind,"Oct 26, 2026",Indefinido,https://store.steampowered.com/app/4763910/Legacy_of_Mind/?snr=1_7_7_popularcomingsoon_150_30,"RPG, Soulslike, Tiro em Primeira Pessoa (FPS), Tiro, RPG de Ação, Primeira Pessoa, Ação / Aventura, Ação, Exploração, Pós-Apocalíptico, Terror, Um Jogador, Combate, Terror de Sobrevivência, Jogador X Ambiente (PvE), Sobrenatural, 3D, Sombrio, Anos 90, Realístico"
Life Is a Dungeon: Lean into It.,"Oct 26, 2026",Indefinido,https://store.steampowered.com/app/5062910/Life_Is_a_Dungeon_Lean_into_It/?snr=1_7_7_popularcomingsoon_150_30,"Explorador de Calabouços, Roguelite, Roguelike de Ação, RPG de Ação, Gráficos Pixelados, Visão Superior, Fantasia, RPG, Ação, 2D, Medieval, Um Jogador, Indie, Tutorial, Hack and Slash"
Cosplaying in Costalia: The Tororo Sisters!,"Oct 27, 2026",Indefinido,https://store.steampowered.com/app/3891200/Cosplaying_in_Costalia_The_Tororo_Sisters/?snr=1_7_7_popularcomingsoon_150_30,"Romance Visual, Casual, Anime, Romance, Primeira Pessoa, Linear, Comédia, Ficção Interativa, Um Jogador"
Unending Aqua,"Oct 26, 2026",Indefinido,https://store.steampowered.com/app/3704540/Unending_Aqua/?snr=1_7_7_popularcomingsoon_150_30,"Aventura, Terror Psicológico, Exploração, Quebra-Cabeça, Atmosférico, Terror, Surrealista, Ação, Furtivo, Subaquático, 3D, Primeira Pessoa, Um Jogador, Realístico, Mistério, Terror de Sobrevivência, Sombrio, Física, Fuja da Sala, Simulador de Caminhada"
Ecstatica,"Oct 26, 2026",Indefinido,https://store.steampowered.com/app/4834840/Ecstatica/?snr=1_7_7_popularcomingsoon_150_30,"Exploração, Ação, Ação / Aventura, 3D, Estilizado, Terror, Aventura, Protagonista Mulher, Medieval, Fantasia Sombria, Demônios, Psicodélico, Terror de Sobrevivência, Sombrio, Anos 90, Sobrenatural, Combate, Um Jogador, Violento"
FOURSAVENT,"Oct 28, 2026",Indefinido,https://store.steampowered.com/app/4570020/FOURSAVENT/?snr=1_7_7_popularcomingsoon_150_30,"Terror, Cooperativo, Multijogador, Terror Psicológico, Sombrio, Enredo Rico, Exploração, Jogador X Ambiente (PvE), Tiro em Primeira Pessoa (FPS), Ação / Aventura, 3D, História Alternativa, Local para 4 Jogadores, Um Jogador, Boa Trama, Cooperativo On-line, Futurista, Cinematográfico, Aventura, Histórico"
Redast,"Oct 26, 2026",Indefinido,https://store.steampowered.com/app/4286050/Redast/?snr=1_7_7_popularcomingsoon_150_30,"Acesso Antecipado, Terror, Cooperativo On-line, Multijogador, Terror Psicológico, Cooperativo, Sobrenatural, Primeira Pessoa, Investigação, Sombrio, Detetive, Demônios, Mistério, Thriller, Realístico, Tático, 3D, Tiro, Personalização de Armas, Tiro em Primeira Pessoa (FPS)"
Task Bar Cube: Inventory Package,"Oct 25, 2026",Indefinido,https://store.steampowered.com/app/5280270/Task_Bar_Cube_Inventory_Package/?snr=1_7_7_popularcomingsoon_150_30,"RPG, Casual, Progressão Ociosa, Troca, Gráficos Pixelados, Companheiro de Área de Trabalho, RPG de Ação, Estratégia, Luta 2D, Batalha Automática, RPG de Estratégia, Incremental, Jogo de Guerra, 2D, Um Jogador, Automação, Guerra, Gerenciamento, Pontos, Pontos, Pontos!, Gratuito para Jogar"
Task Bar Cube: Character Pack,"Oct 25, 2026",Indefinido,https://store.steampowered.com/app/5280220/Task_Bar_Cube_Character_Pack/?snr=1_7_7_popularcomingsoon_150_30,"RPG, Casual, Progressão Ociosa, Troca, Gráficos Pixelados, Companheiro de Área de Trabalho, RPG de Ação, Estratégia, Luta 2D, Batalha Automática, RPG de Estratégia, Incremental, Jogo de Guerra, 2D, Um Jogador, Automação, Guerra, Gerenciamento, Pontos, Pontos, Pontos!, Gratuito para Jogar"
Task Bar Cube: Support Package,"Oct 25, 2026",Indefinido,https://store.steampowered.com/app/5280250/Task_Bar_Cube_Support_Package/?snr=1_7_7_popularcomingsoon_150_30,"RPG, Casual, Progressão Ociosa, Troca, Gráficos Pixelados, Companheiro de Área de Trabalho, RPG de Ação, Estratégia, Luta 2D, Batalha Automática, RPG de Estratégia, Incremental, Jogo de Guerra, 2D, Um Jogador, Automação, Guerra, Gerenciamento, Pontos, Pontos, Pontos!, Gratuito para Jogar"
HIRUGAO,"Oct 26, 2026",Indefinido,https://store.steampowered.com/app/5112880/HIRUGAO/?snr=1_7_7_popularcomingsoon_150_30,"Aventura, Ficção Interativa, Detetive, Crime, Thriller, Sombrio, Mistério, Velha-Guarda, Investigação, Romance Visual, Gráficos Pixelados, Primeira Pessoa, Boa Trama, 2D, Noir, Estilizado, Retrô, Baseado em Texto, Vários Finais, Escolha a sua Aventura"
Demon Bluff,October 2026,Indefinido,https://store.steampowered.com/app/3522600/Demon_Bluff/?snr=1_7_7_popularcomingsoon_150_30,"Estratégia, Dedução Social, Cartas, Roguelike, Quebra-Cabeça, Montagem de Decks, Jogo de Mesa, Demônios, Fofo, Casual, Roguelite, Fantasia, Lógica, 2D, Investigação, Mistério, Um Jogador, Psicológico, Sombrio, Atmosférico"
Heavy in the Hand,"Oct 26, 2026",Indefinido,https://store.steampowered.com/app/3643740/Heavy_in_the_Hand/?snr=1_7_7_popularcomingsoon_150_30,"SHMUP com Visão Superior, Tiro, Ação / Aventura, Ação, Exploração, 2D, Visão Superior, Gráficos Pixelados, Aventura, Atmosférico, Minimalista, Terror, Sombrio, Gótico, Lovecraftiano, Furtivo, Surrealista, Terror de Sobrevivência, Tático, Terror Psicológico"
Fire Bug,"Oct 25, 2026",Indefinido,https://store.steampowered.com/app/4924290/Fire_Bug/?snr=1_7_7_popularcomingsoon_150_30,"Incremental, Ação, Casual, Jogador X Ambiente (PvE), Arcade, Fofo, 2D, Colorido, Gráficos Pixelados, Indie, Anos 80, Velha-Guarda, Um Jogador"
DIG,"Oct 26, 2026",Indefinido,https://store.steampowered.com/app/3548510/DIG/?snr=1_7_7_popularcomingsoon_150_30,"Acesso Antecipado, Exploração, Faça o que Quiser, Fabricação, Mineração, Primeira Pessoa, 3D, Simulação, Multijogador, Colorido, Aventura, Colete Tudo, Objetos Ocultos, Simulador Imersivo, Estilizado, Ação, Personalização de Personagem, Controle, Cooperativo, Engraçado"
Sincognito,"Oct 26, 2026",Indefinido,https://store.steampowered.com/app/2174060/Sincognito/?snr=1_7_7_popularcomingsoon_150_30,"Investigação, Detetive, Terror de Sobrevivência, Furtivo, Terror, Exploração, Multijogador, Fantasia Sombria, Estratégia, Física, Baseado em Equipes, Jogador x Jogador (PvP), Dedução Social, Crime, Caça, Combate, Medieval, Sobrevivência, Ação, Casual"
Underkeep,"Nov 5, 2026",Indefinido,https://store.steampowered.com/app/2411200/Underkeep/?snr=1_7_7_popularcomingsoon_150_30,"Explorador de Calabouços, Combate em Turnos, RPG de Grupos, CRPG, Primeira Pessoa, Movimento em Grade, RPG, Em Turnos, Gráficos Pixelados, Velha-Guarda, Retrô, Aventura, Exploração, Quebra-Cabeça, Fantasia, Personalização de Personagem, Gerenciamento de Inventário, Baseado em Classes, Um Jogador, Você Decide"
Sort The Bunnies,"Oct 27, 2026",Indefinido,https://store.steampowered.com/app/5233490/Sort_The_Bunnies/?snr=1_7_7_popularcomingsoon_150_30,"Organização, Simulação, Casual, Colete Tudo, Relaxante, Aconchegante, Incremental, Limpeza, Fofo, Objetos Ocultos, Primeira Pessoa, 3D, Colorido, Indie, Estilizado, Animais, Simulador de Emprego, Gerenciamento de Inventário, Para Toda a Família, Atmosférico"
Rug Cleaning Simulator,"Oct 28, 2026",Indefinido,https://store.steampowered.com/app/2710530/Rug_Cleaning_Simulator/?snr=1_7_7_popularcomingsoon_150_30,"Limpeza, Simulador de Emprego, Relaxante, Simulação, Primeira Pessoa, Gerenciamento de Lojas, Aconchegante, Gerenciamento, Economia, Casual, Simulador Imersivo, Gerenciamento de Recursos, Faça o que Quiser, Decoração, Geração Procedural, Para Toda a Família, Física, 3D, Um Jogador, Colorido"
Lost Camp,"Oct 30, 2026",Indefinido,https://store.steampowered.com/app/4476390/Lost_Camp/?snr=1_7_7_popularcomingsoon_150_30,"Aventura, Atmosférico, Mistério, Boa Trama, 3D, Primeira Pessoa, Solitário, Relaxante, Indie, Ação, Comovente, Natureza, Simulador de Caminhada"
Shadow of the Road,"Nov 12, 2026",Indefinido,https://store.steampowered.com/app/1173980/Shadow_of_the_Road/?snr=1_7_7_popularcomingsoon_150_30,"RPG Tático, RPG, CRPG, Estratégia em Turnos, Samurai, Boa Trama, Fantasia, Exploração, RPG de Grupos, Combate em Turnos, Você Decide, Isométrico, Tático, Não Linear, 3D, Vários Finais, Um Jogador, Mágica, Xianxia, Steampunk"
